id,preset_id,filter_definition_id,settings,enabled,target_round,created_at,updated_at
3986e242-c785-4a6f-9e2b-e860dfe6ac38,32e579f2-db27-43bb-ac8e-47521b4b611c,f39b40a0-eff6-4a04-a03b-37d6c350f748,"{""max"":40,""min"":16,""excluded"":[],""excludedSums"":[],""restoredAutoSums"":[],""recent10FilterActive"":true}",true,,2026-02-21 15:30:01.68296+00,2026-02-22 15:48:29.364774+00
3b662e15-f241-4e32-bddb-74af1c674392,32e579f2-db27-43bb-ac8e-47521b4b611c,6412d013-effa-4743-b3da-ee320b8c40f4,"{""selectedRatios"":[""4:2"",""3:3"",""2:4"",""1:5"",""5:1""],""excludedOddEvens"":[],""recent10FilterActive"":true,""restoredAutoOddEvens"":[]}",true,,2026-02-21 15:34:33.183878+00,2026-02-24 14:42:49.442404+00
3d338300-de75-44b6-b5f7-ae2d77b4160b,32e579f2-db27-43bb-ac8e-47521b4b611c,1f2eab38-520d-466e-a291-47d4a832c523,"{""runFilters"":{""run3"":false,""run4"":false,""run5"":false,""run6"":false},""selectedCounts"":[0,1]}",true,,2026-02-18 09:02:54.809301+00,2026-02-24 13:26:55.791069+00
3fe8725e-43ab-46ff-aa47-f45d52c25e5f,32e579f2-db27-43bb-ac8e-47521b4b611c,8c5cfcc1-f3dc-4abf-b1e7-f872373bdf97,"{""filters"":{""3배수"":{""max"":4,""min"":1},""4배수"":{""max"":2,""min"":1},""5배수"":{""max"":2,""min"":1},""배수외"":{""max"":5,""min"":2},""3·4배수"":{""max"":1,""min"":0},""3·5배수"":{""max"":1,""min"":0},""4·5배수"":{""max"":1,""min"":0}},""recent10FilterActive"":false}",true,,2026-02-24 14:42:55.859125+00,2026-02-24 15:49:55.304694+00
4f9bf04d-baa7-4bd1-9782-cc249affdffb,32e579f2-db27-43bb-ac8e-47521b4b611c,629049f4-90b6-4645-b869-ecee2ff77ca3,"{""selectedCounts"":[0,1],""excludedNumbers"":[36]}",true,,2026-02-23 14:58:11.926714+00,2026-02-24 13:18:32.634066+00
56ce7160-f65b-4edb-a9cd-c7f453088cbc,32e579f2-db27-43bb-ac8e-47521b4b611c,ed999f51-0595-4cf2-b2db-06051a98a18e,"{""max"":10,""min"":7,""excludedAcValues"":[8],""recent10FilterActive"":true,""restoredAutoAcValues"":[]}",true,,2026-02-21 15:30:05.640025+00,2026-02-22 16:07:59.20924+00
5ca1da4d-f331-4051-b4f6-200a50054725,32e579f2-db27-43bb-ac8e-47521b4b611c,eae1ca0e-538b-4ef9-a02d-817764dfcac8,"{""selectedCounts"":[0,1,2],""excludedNumbers"":[]}",true,,2026-02-23 15:11:15.082649+00,2026-02-23 16:09:55.463012+00
739f72b9-ffe0-4c4e-8795-4a50af78c00c,32e579f2-db27-43bb-ac8e-47521b4b611c,793cf56a-4f2f-4feb-903c-c18cb7b8edbf,"{""selectedRatios"":[""2:4"",""4:2"",""3:3""],""excludedHighLows"":[],""recent10FilterActive"":true,""restoredAutoHighLows"":[]}",true,,2026-02-22 16:52:58.123714+00,2026-02-24 13:22:45.870533+00
753ca83c-6ed3-40e6-bcd4-347d4109ec6a,32e579f2-db27-43bb-ac8e-47521b4b611c,eed51d76-4ae4-4440-b917-670af3292e99,"{""max"":191,""min"":99,""excludedSums"":[126],""restoredAutoSums"":[189,179,166],""recent10FilterActive"":true}",true,,2026-02-21 15:30:02.331749+00,2026-02-22 15:42:00.977565+00
808f15ff-c98e-4e70-bc78-c1a57290225d,32e579f2-db27-43bb-ac8e-47521b4b611c,2bb73d13-8c23-41aa-ba56-a23955ccd912,"{""activeCounts"":[0,1],""excludedNumbers"":[44]}",true,,2026-02-23 15:36:29.568938+00,2026-02-23 16:09:35.461943+00
848f6278-ad65-4586-a01d-31b60e4cb949,32e579f2-db27-43bb-ac8e-47521b4b611c,288b0433-aa57-4862-8711-eeb2e77458ff,"{""selectedCounts"":[3,5,6,4],""excludedComposites"":[27,38],""recent10FilterActive"":false}",true,,2026-02-22 08:49:05.602102+00,2026-02-23 16:10:27.992105+00
88ea4ea7-b61e-45c3-a390-11f0ab5de225,32e579f2-db27-43bb-ac8e-47521b4b611c,151cafd0-7e65-4611-9e0f-3aee982f860d,"{""2"":{""max"":1,""min"":0,""enabled"":true},""3"":{""max"":2,""min"":0,""enabled"":true},""4"":{""max"":2,""min"":0,""enabled"":true},""5"":{""max"":3,""min"":0,""enabled"":true},""6"":{""max"":3,""min"":0,""enabled"":true},""7"":{""max"":3,""min"":0,""enabled"":true},""8"":{""max"":3,""min"":0,""enabled"":true},""9"":{""max"":3,""min"":0,""enabled"":true},""10"":{""max"":3,""min"":0,""enabled"":true},""11"":{""max"":3,""min"":0,""enabled"":true},""12"":{""max"":3,""min"":0,""enabled"":true},""13"":{""max"":2,""min"":0,""enabled"":true},""14"":{""max"":3,""min"":0,""enabled"":true},""15"":{""max"":3,""min"":0,""enabled"":true},""16"":{""max"":3,""min"":0,""enabled"":true},""17"":{""max"":3,""min"":0,""enabled"":true},""18"":{""max"":3,""min"":0,""enabled"":true},""19"":{""max"":3,""min"":0,""enabled"":true},""20"":{""max"":3,""min"":0,""enabled"":true},""21"":{""max"":2,""min"":0,""enabled"":true},""22"":{""max"":3,""min"":0,""enabled"":true},""23"":{""max"":3,""min"":0,""enabled"":true},""24"":{""max"":3,""min"":0,""enabled"":true},""25"":{""max"":3,""min"":0,""enabled"":true},""26"":{""max"":3,""min"":0,""enabled"":true},""27"":{""max"":3,""min"":0,""enabled"":true},""28"":{""max"":3,""min"":0,""enabled"":true},""29"":{""max"":3,""min"":0,""enabled"":true},""30"":{""max"":3,""min"":0,""enabled"":true},""31"":{""max"":3,""min"":0,""enabled"":true},""32"":{""max"":3,""min"":0,""enabled"":true},""33"":{""max"":3,""min"":0,""enabled"":true},""34"":{""max"":3,""min"":0,""enabled"":true},""35"":{""max"":3,""min"":0,""enabled"":true},""36"":{""max"":3,""min"":0,""enabled"":true},""37"":{""max"":3,""min"":0,""enabled"":true},""38"":{""max"":3,""min"":0,""enabled"":true},""39"":{""max"":3,""min"":0,""enabled"":true},""40"":{""max"":3,""min"":0,""enabled"":true},""41"":{""max"":3,""min"":0,""enabled"":true},""42"":{""max"":3,""min"":0,""enabled"":true},""43"":{""max"":3,""min"":0,""enabled"":true},""44"":{""max"":3,""min"":0,""enabled"":true},""45"":{""max"":3,""min"":0,""enabled"":true},""46"":{""max"":3,""min"":0,""enabled"":true},""47"":{""max"":3,""min"":0,""enabled"":true},""48"":{""max"":2,""min"":0,""enabled"":true},""49"":{""max"":3,""min"":0,""enabled"":true},""50"":{""max"":3,""min"":0,""enabled"":true},""51"":{""max"":3,""min"":0,""enabled"":true},""52"":{""max"":3,""min"":0,""enabled"":true},""53"":{""max"":3,""min"":0,""enabled"":true},""54"":{""max"":3,""min"":0,""enabled"":true},""55"":{""max"":3,""min"":0,""enabled"":true},""56"":{""max"":3,""min"":0,""enabled"":true},""57"":{""max"":3,""min"":0,""enabled"":true},""58"":{""max"":3,""min"":0,""enabled"":true},""59"":{""max"":3,""min"":0,""enabled"":true},""60"":{""max"":3,""min"":0,""enabled"":true},""61"":{""max"":3,""min"":0,""enabled"":true},""62"":{""max"":3,""min"":0,""enabled"":true},""63"":{""max"":3,""min"":0,""enabled"":true},""64"":{""max"":3,""min"":0,""enabled"":true},""65"":{""max"":2,""min"":0,""enabled"":true},""66"":{""max"":2,""min"":1,""enabled"":true},""67"":{""max"":3,""min"":0,""enabled"":true},""68"":{""max"":3,""min"":0,""enabled"":true},""69"":{""max"":2,""min"":0,""enabled"":true},""70"":{""max"":3,""min"":0,""enabled"":true},""71"":{""max"":2,""min"":0,""enabled"":true},""72"":{""max"":3,""min"":0,""enabled"":true},""73"":{""max"":3,""min"":0,""enabled"":true},""74"":{""max"":3,""min"":0,""enabled"":true},""75"":{""max"":3,""min"":0,""enabled"":true},""76"":{""max"":3,""min"":0,""enabled"":true},""77"":{""max"":3,""min"":0,""enabled"":true},""78"":{""max"":3,""min"":0,""enabled"":true},""79"":{""max"":3,""min"":0,""enabled"":true},""80"":{""max"":3,""min"":0,""enabled"":true},""81"":{""max"":3,""min"":0,""enabled"":true},""82"":{""max"":3,""min"":0,""enabled"":true},""83"":{""max"":3,""min"":0,""enabled"":true},""84"":{""max"":3,""min"":0,""enabled"":true},""85"":{""max"":3,""min"":0,""enabled"":true},""86"":{""max"":3,""min"":0,""enabled"":true},""87"":{""max"":3,""min"":0,""enabled"":true},""88"":{""max"":3,""min"":0,""enabled"":true},""89"":{""max"":3,""min"":0,""enabled"":true},""90"":{""max"":3,""min"":0,""enabled"":true},""91"":{""max"":3,""min"":0,""enabled"":true},""92"":{""max"":3,""min"":0,""enabled"":true},""93"":{""max"":3,""min"":0,""enabled"":true},""94"":{""max"":3,""min"":0,""enabled"":true},""95"":{""max"":3,""min"":0,""enabled"":true},""96"":{""max"":3,""min"":0,""enabled"":true},""97"":{""max"":3,""min"":0,""enabled"":true},""98"":{""max"":3,""min"":0,""enabled"":true},""99"":{""max"":3,""min"":0,""enabled"":true},""100"":{""max"":3,""min"":0,""enabled"":true},""101"":{""max"":3,""min"":0,""enabled"":true},""102"":{""max"":3,""min"":0,""enabled"":true},""103"":{""max"":3,""min"":0,""enabled"":true},""104"":{""max"":3,""min"":0,""enabled"":true},""105"":{""max"":3,""min"":0,""enabled"":true},""106"":{""max"":3,""min"":0,""enabled"":true},""107"":{""max"":3,""min"":0,""enabled"":true},""108"":{""max"":3,""min"":0,""enabled"":true},""109"":{""max"":3,""min"":0,""enabled"":true},""110"":{""max"":3,""min"":0,""enabled"":true},""111"":{""max"":3,""min"":0,""enabled"":true},""112"":{""max"":3,""min"":0,""enabled"":true},""113"":{""max"":3,""min"":0,""enabled"":true},""114"":{""max"":3,""min"":0,""enabled"":true},""115"":{""max"":3,""min"":0,""enabled"":true},""116"":{""max"":2,""min"":0,""enabled"":true},""117"":{""max"":3,""min"":0,""enabled"":true},""118"":{""max"":3,""min"":0,""enabled"":true},""119"":{""max"":3,""min"":0,""enabled"":true},""120"":{""max"":3,""min"":0,""enabled"":true},""121"":{""max"":3,""min"":0,""enabled"":true},""122"":{""max"":3,""min"":0,""enabled"":true},""123"":{""max"":3,""min"":0,""enabled"":true},""124"":{""max"":3,""min"":0,""enabled"":true},""125"":{""max"":3,""min"":0,""enabled"":true},""126"":{""max"":3,""min"":0,""enabled"":true},""127"":{""max"":3,""min"":0,""enabled"":true},""128"":{""max"":3,""min"":0,""enabled"":true},""129"":{""max"":3,""min"":0,""enabled"":true},""130"":{""max"":3,""min"":0,""enabled"":true},""131"":{""max"":3,""min"":0,""enabled"":true},""132"":{""max"":3,""min"":0,""enabled"":true},""133"":{""max"":3,""min"":0,""enabled"":true},""134"":{""max"":3,""min"":0,""enabled"":true},""135"":{""max"":3,""min"":0,""enabled"":true},""136"":{""max"":3,""min"":0,""enabled"":true},""137"":{""max"":3,""min"":0,""enabled"":true},""138"":{""max"":3,""min"":0,""enabled"":true},""139"":{""max"":3,""min"":0,""enabled"":true},""140"":{""max"":3,""min"":0,""enabled"":true},""141"":{""max"":3,""min"":0,""enabled"":true},""142"":{""max"":3,""min"":0,""enabled"":true},""143"":{""max"":3,""min"":0,""enabled"":true},""144"":{""max"":3,""min"":0,""enabled"":true},""145"":{""max"":3,""min"":0,""enabled"":true},""146"":{""max"":3,""min"":0,""enabled"":true},""147"":{""max"":3,""min"":0,""enabled"":true},""148"":{""max"":2,""min"":0,""enabled"":true},""149"":{""max"":2,""min"":0,""enabled"":true},""150"":{""max"":2,""min"":0,""enabled"":true},""151"":{""max"":2,""min"":0,""enabled"":true},""152"":{""max"":2,""min"":0,""enabled"":true},""153"":{""max"":3,""min"":0,""enabled"":true},""154"":{""max"":3,""min"":0,""enabled"":true},""155"":{""max"":3,""min"":0,""enabled"":true},""156"":{""max"":3,""min"":0,""enabled"":true},""157"":{""max"":3,""min"":0,""enabled"":true},""158"":{""max"":3,""min"":0,""enabled"":true},""159"":{""max"":3,""min"":0,""enabled"":true},""160"":{""max"":3,""min"":0,""enabled"":true},""161"":{""max"":1,""min"":0,""enabled"":true},""162"":{""max"":3,""min"":0,""enabled"":true},""163"":{""max"":3,""min"":0,""enabled"":true},""164"":{""max"":2,""min"":0,""enabled"":true},""165"":{""max"":3,""min"":0,""enabled"":true},""166"":{""max"":3,""min"":0,""enabled"":true},""167"":{""max"":3,""min"":0,""enabled"":true},""168"":{""max"":3,""min"":0,""enabled"":true},""169"":{""max"":3,""min"":0,""enabled"":true},""170"":{""max"":3,""min"":0,""enabled"":true},""171"":{""max"":3,""min"":0,""enabled"":true},""172"":{""max"":3,""min"":0,""enabled"":true},""173"":{""max"":3,""min"":0,""enabled"":true},""174"":{""max"":3,""min"":0,""enabled"":true},""175"":{""max"":3,""min"":0,""enabled"":true},""176"":{""max"":3,""min"":0,""enabled"":true},""177"":{""max"":3,""min"":0,""enabled"":true},""178"":{""max"":3,""min"":0,""enabled"":true},""179"":{""max"":3,""min"":0,""enabled"":true},""180"":{""max"":3,""min"":0,""enabled"":true},""181"":{""max"":3,""min"":0,""enabled"":true},""182"":{""max"":3,""min"":0,""enabled"":true},""183"":{""max"":3,""min"":0,""enabled"":true},""184"":{""max"":3,""min"":0,""enabled"":true},""185"":{""max"":3,""min"":0,""enabled"":true},""186"":{""max"":3,""min"":0,""enabled"":true},""187"":{""max"":3,""min"":0,""enabled"":true},""188"":{""max"":3,""min"":0,""enabled"":true},""189"":{""max"":3,""min"":0,""enabled"":true},""190"":{""max"":3,""min"":0,""enabled"":true},""191"":{""max"":3,""min"":0,""enabled"":true},""192"":{""max"":3,""min"":0,""enabled"":true},""193"":{""max"":3,""min"":0,""enabled"":true},""194"":{""max"":3,""min"":0,""enabled"":true},""195"":{""max"":3,""min"":0,""enabled"":true},""196"":{""max"":3,""min"":0,""enabled"":true},""197"":{""max"":3,""min"":0,""enabled"":true},""198"":{""max"":3,""min"":0,""enabled"":true},""199"":{""max"":3,""min"":0,""enabled"":true},""200"":{""max"":3,""min"":0,""enabled"":true}}",true,,2026-02-22 06:49:41.301016+00,2026-02-24 13:48:55.299779+00
b870e3ab-4ce7-4a80-a181-892e7461ba4b,32e579f2-db27-43bb-ac8e-47521b4b611c,a3417f0d-2007-43d8-8091-cacd039c812c,"{""selectedCounts"":[0,1],""selectedBonusIncludedCounts"":[0,1]}",true,,2026-02-18 09:02:35.995267+00,2026-02-24 14:27:32.128025+00
cb1247e6-b11d-4f8c-9045-09f1e1c66073,32e579f2-db27-43bb-ac8e-47521b4b611c,6fcd5b81-c7cc-4abe-b964-3fc59434c048,"{""max"":3,""min"":0}",true,,2026-02-23 16:10:45.079105+00,2026-02-23 16:19:24.882796+00
d4dce45f-6a07-410c-983b-df131a9b422d,32e579f2-db27-43bb-ac8e-47521b4b611c,d160125a-904c-44a4-8acf-fa4e89c00003,{},true,,2026-02-21 15:34:34.456208+00,2026-02-21 15:34:34.456208+00
e2d713d7-15b2-4219-8bb0-151d408ffacf,32e579f2-db27-43bb-ac8e-47521b4b611c,c9a8581d-8bf6-4ced-bf7c-8e4c898390c2,"{""filters"":{""0"":{""max"":2,""min"":0},""1"":{""max"":2,""min"":0},""2"":{""max"":2,""min"":0},""3"":{""max"":2,""min"":0},""4"":{""max"":2,""min"":0},""5"":{""max"":2,""min"":0},""6"":{""max"":2,""min"":0},""7"":{""max"":2,""min"":1},""8"":{""max"":2,""min"":0},""9"":{""max"":2,""min"":0}},""recent10FilterActive"":false}",true,,2026-02-24 14:20:49.266596+00,2026-02-24 15:22:57.798383+00
e5421b67-fa84-4a12-9f6b-e96124a80c35,32e579f2-db27-43bb-ac8e-47521b4b611c,61fdb17a-ea89-4fec-b180-a4023991cbae,"{""excludedPrimes"":[17],""selectedCounts"":[0,1,2,3],""recent10FilterActive"":false}",true,,2026-02-23 12:06:33.867153+00,2026-02-24 13:16:14.674023+00