Datum,Zahl 1,Zahl 2,Zahl 3,Zahl 4,Zahl 5,Zahl 6
2002-12-08,1,3,23,26,39,41
2002-12-11,6,14,19,21,35,43
2002-12-15,1,2,25,29,32,39
2002-12-18,8,13,15,35,39,45
2002-12-22,4,13,17,20,38,39
2002-12-25,1,14,17,29,41,44
2002-12-29,5,16,27,34,42,43
2003-01-01,4,5,17,25,38,39
2003-01-05,4,8,16,29,38,39
2003-01-08,1,2,8,12,24,27
2003-01-12,1,12,17,18,37,40
2003-01-15,12,20,23,25,30,40
2003-01-19,3,5,9,37,43,45
2003-01-22,13,14,26,31,33,34
2003-01-26,6,19,27,34,35,40
2003-01-29,1,19,20,31,33,38
2003-02-02,6,8,21,22,30,36
2003-02-05,5,18,21,26,42,45
2003-02-09,2,10,33,35,42,44
2003-02-12,22,26,27,32,34,38
2003-02-16,5,17,18,19,20,25
2003-02-19,4,20,22,25,30,34
2003-02-23,1,7,16,25,26,36
2003-02-26,27,28,31,40,42,44
2003-03-02,3,5,23,31,33,42
2003-03-05,3,9,14,18,37,42
2003-03-09,1,6,15,30,34,39
2003-03-12,5,13,14,20,35,43
2003-03-16,11,17,20,25,26,41
2003-03-19,2,14,22,26,27,45
2003-03-23,1,8,10,16,26,40
2003-03-26,3,5,7,38,43,44
2003-03-30,17,28,29,34,36,41
2003-04-02,3,14,24,29,39,45
2003-04-06,4,6,7,13,37,42
2003-04-09,2,8,17,26,27,35
2003-04-13,6,28,29,32,33,35
2003-04-16,13,16,17,35,36,42
2003-04-20,2,9,16,22,34,38
2003-04-23,10,12,15,22,28,29
2003-04-27,9,12,13,17,30,41
2003-04-30,16,18,21,35,41,44
2003-05-04,1,8,11,12,31,43
2003-05-07,3,7,12,27,35,42
2003-05-11,3,10,15,36,44,45
2003-05-14,3,10,18,33,35,41
2003-05-18,4,12,18,34,35,45
2003-05-21,11,13,15,26,37,39
2003-05-25,12,14,21,26,37,40
2003-05-28,1,9,14,18,28,30
2003-06-01,1,4,9,10,23,45
2003-06-04,13,18,19,30,32,38
2003-06-08,2,14,19,27,28,34
2003-06-11,12,20,24,25,26,38
2003-06-15,2,14,18,23,32,40
2003-06-18,1,7,15,23,31,34
2003-06-22,2,9,11,13,29,42
2003-06-25,2,12,16,18,44,45
2003-06-29,7,12,13,17,38,40
2003-07-02,9,12,20,23,39,40
2003-07-06,7,10,18,29,35,44
2003-07-09,9,13,33,37,40,43
2003-07-13,8,22,24,29,35,42
2003-07-16,6,15,26,29,33,40
2003-07-20,2,7,28,32,36,41
2003-07-23,17,19,27,29,30,45
2003-07-27,1,8,9,23,27,37
2003-07-30,15,16,32,36,42,45
2003-08-03,8,25,33,35,38,43
2003-08-06,3,15,16,24,25,33
2003-08-10,7,10,27,39,40,41
2003-08-13,7,11,13,23,31,32
2003-08-17,4,9,19,24,29,35
2003-08-20,2,8,9,20,24,29
2003-08-24,6,7,13,21,36,45
2003-08-27,8,14,18,32,41,45
2003-08-31,8,10,20,35,36,39
2003-09-03,2,34,39,41,42,44
2003-09-07,2,13,14,36,38,40
2003-09-10,11,13,16,23,32,33
2003-09-14,8,19,22,40,41,42
2003-09-17,3,7,20,26,36,39
2003-09-21,3,15,18,36,38,41
2003-09-24,8,9,35,39,42,45
2003-09-28,6,14,17,33,37,38
2003-10-01,10,21,23,26,30,40
2003-10-05,3,6,10,18,30,42
2003-10-08,5,10,19,29,31,42
2003-10-12,2,3,10,25,42,44
2003-10-15,1,11,21,30,40,45
2003-10-19,1,6,15,26,28,29
2003-10-22,17,24,27,34,35,42
2003-10-26,13,14,17,24,27,43
2003-10-29,7,10,24,27,33,40
2003-11-02,8,16,17,19,32,45
2003-11-05,3,6,22,24,36,45
2003-11-09,1,3,14,20,31,41
2003-11-12,2,3,12,30,32,45
2003-11-16,6,9,16,30,40,44
2003-11-19,11,12,25,26,29,40
2003-11-23,6,10,13,15,18,20
2003-11-26,1,6,14,18,28,33
2003-11-30,5,6,12,25,26,40
2003-12-03,4,11,20,23,29,41
2003-12-07,1,13,14,15,21,35
2003-12-10,18,19,20,21,36,43
2003-12-14,5,12,21,28,34,44
2003-12-17,8,22,23,33,34,35
2003-12-21,20,22,23,31,42,43
2003-12-24,9,10,28,32,34,41
2003-12-28,2,3,7,14,28,42
2003-12-31,14,15,18,25,32,35
2004-01-04,3,5,12,16,33,43
2004-01-07,1,2,14,17,38,43
2004-01-11,11,24,26,33,34,40
2004-01-14,4,5,27,29,35,37
2004-01-18,4,12,26,27,33,40
2004-01-21,1,12,24,30,36,40
2004-01-25,1,4,6,35,41,42
2004-01-28,6,7,13,17,29,30
2004-02-01,4,18,20,23,29,44
2004-02-04,21,23,24,28,36,45
2004-02-08,17,18,27,29,34,38
2004-02-11,1,3,12,19,21,26
2004-02-15,2,7,12,15,32,35
2004-02-18,3,4,6,13,40,41
2004-02-22,4,9,24,33,36,44
2004-02-25,11,14,16,18,19,35
2004-02-29,19,23,32,34,36,37
2004-03-03,15,18,21,24,37,42
2004-03-07,1,4,16,20,41,42
2004-03-10,2,3,11,12,25,39
2004-03-14,2,4,12,15,34,35
2004-03-17,14,17,19,22,26,42
2004-03-21,3,6,7,9,36,37
2004-03-24,2,3,10,16,19,42
2004-03-28,12,14,23,31,38,43
2004-03-31,2,5,14,19,31,45
2004-04-04,1,3,13,27,29,37
2004-04-07,17,20,23,33,35,41
2004-04-11,11,17,24,30,43,45
2004-04-14,4,7,14,17,31,45
2004-04-18,5,13,35,38,40,41
2004-04-21,13,17,18,35,44,45
2004-04-25,7,20,26,27,32,38
2004-04-28,2,12,18,20,22,31
2004-05-02,5,8,11,22,29,38
2004-05-05,4,15,20,31,40,41
2004-05-09,4,6,16,20,23,34
2004-05-12,2,8,15,37,43,45
2004-05-16,1,14,18,23,37,39
2004-05-19,1,4,8,34,38,45
2004-05-23,2,3,12,19,31,45
2004-05-26,5,12,14,16,35,41
2004-05-30,7,12,19,32,35,45
2004-06-02,6,15,19,25,38,44
2004-06-06,2,14,20,24,30,44
2004-06-09,4,7,13,15,18,43
2004-06-13,9,14,16,29,38,45
2004-06-16,2,5,8,13,29,45
2004-06-20,10,19,35,42,43,45
2004-06-23,1,6,11,12,21,28
2004-06-27,2,5,6,10,19,33
2004-06-30,6,18,27,29,41,43
2004-07-04,5,7,15,26,39,42
2004-07-07,5,8,9,19,33,41
2004-07-11,1,13,19,34,35,39
2004-07-14,4,20,23,27,31,37
2004-07-18,1,9,11,15,27,41
2004-07-21,5,17,20,32,34,39
2004-07-25,13,18,22,24,30,36
2004-07-28,10,20,22,24,33,45
2004-08-01,7,14,22,32,39,40
2004-08-04,10,20,21,22,25,40
2004-08-08,1,6,8,20,33,44
2004-08-11,1,5,9,14,24,30
2004-08-15,9,15,20,21,23,27
2004-08-18,4,6,28,29,33,43
2004-08-22,19,21,22,28,32,41
2004-08-25,4,15,16,35,38,43
2004-08-29,13,22,26,42,44,45
2004-09-01,14,18,24,35,41,44
2004-09-05,2,3,7,9,27,29
2004-09-08,4,8,12,20,27,32
2004-09-12,20,28,35,41,42,43
2004-09-15,7,9,13,19,33,44
2004-09-19,1,18,21,34,36,44
2004-09-22,2,22,28,32,34,36
2004-09-26,2,6,9,10,13,36
2004-09-29,7,12,21,32,37,44
2004-10-03,17,28,29,33,36,37
2004-10-06,2,8,10,32,35,43
2004-10-10,18,28,33,34,35,36
2004-10-13,4,8,17,18,22,24
2004-10-17,8,17,18,26,33,43
2004-10-20,3,4,25,27,34,35
2004-10-24,7,17,19,22,30,41
2004-10-27,1,19,21,26,35,36
2004-10-31,1,2,14,15,16,35
2004-11-03,13,14,17,20,28,41
2004-11-07,1,9,11,16,22,38
2004-11-10,16,29,31,32,35,44
2004-11-14,4,9,11,12,26,28
2004-11-17,4,10,22,23,24,35
2004-11-21,8,10,11,19,38,40
2004-11-24,1,2,11,18,20,40
2004-11-28,9,15,29,35,43,45
2004-12-01,1,2,7,9,27,34
2004-12-05,1,3,19,25,28,37
2004-12-08,9,10,30,33,40,41
2004-12-12,7,14,22,28,29,39
2004-12-15,1,13,17,20,35,37
2004-12-19,9,23,25,27,30,33
2004-12-22,4,7,11,19,22,39
2004-12-26,13,21,25,27,37,44
2004-12-29,1,14,15,23,24,37
2005-01-02,3,21,29,30,39,40
2005-01-05,1,13,26,27,44,45
2005-01-09,28,29,30,33,34,45
2005-01-12,18,23,30,32,34,44
2005-01-16,5,11,23,30,40,41
2005-01-19,6,9,10,17,20,23
2005-01-23,9,12,18,27,37,40
2005-01-26,1,19,31,37,39,41
2005-01-30,3,10,23,28,32,39
2005-02-02,3,12,22,32,37,45
2005-02-06,7,12,21,22,38,40
2005-02-09,4,7,11,20,25,30
2005-02-13,2,16,17,30,31,35
2005-02-16,11,12,18,19,21,28
2005-02-20,4,11,25,32,38,43
2005-02-23,1,4,16,20,41,45
2005-02-27,3,5,21,27,32,45
2005-03-02,3,5,6,21,27,35
2005-03-06,2,5,26,32,33,44
2005-03-09,2,10,26,33,36,43
2005-03-13,15,22,30,31,32,37
2005-03-16,2,10,18,42,43,45
2005-03-20,9,12,20,26,27,43
2005-03-23,1,5,18,20,24,28
2005-03-27,12,13,23,24,30,34
2005-03-30,13,17,22,31,37,41
2005-04-03,1,12,19,29,34,37
2005-04-06,17,27,29,32,36,41
2005-04-10,2,15,22,32,36,41
2005-04-13,2,4,22,31,41,45
2005-04-17,6,18,23,29,37,42
2005-04-20,5,7,24,30,35,44
2005-04-24,16,19,23,30,34,44
2005-04-27,6,8,12,17,28,29
2005-05-01,5,11,12,13,15,37
2005-05-04,12,31,33,35,37,45
2005-05-08,6,18,23,29,40,44
2005-05-11,1,3,9,18,21,42
2005-05-15,5,6,9,10,18,22
2005-05-18,1,12,31,37,39,42
2005-05-22,2,5,7,42,43,44
2005-05-25,8,9,16,18,31,45
2005-05-29,18,27,32,34,36,39
2005-06-01,10,13,16,24,28,30
2005-06-05,1,9,13,16,33,39
2005-06-08,14,21,24,27,39,43
2005-06-12,13,18,29,31,38,45
2005-06-15,6,8,10,18,29,45
2005-06-19,1,16,18,19,20,25
2005-06-22,10,12,13,28,34,45
2005-06-26,9,10,31,33,35,42
2005-06-29,8,10,12,18,39,43
2005-07-03,8,14,22,25,28,35
2005-07-06,7,14,21,25,36,43
2005-07-10,11,28,30,35,40,41
2005-07-13,11,24,30,31,33,34
2005-07-17,7,12,20,23,29,35
2005-07-20,5,12,29,30,38,40
2005-07-24,3,10,14,30,32,34
2005-07-27,4,25,26,31,42,43
2005-07-31,10,11,19,27,32,44
2005-08-03,4,21,22,27,28,40
2005-08-07,21,22,28,33,35,41
2005-08-10,1,4,8,13,18,34
2005-08-14,6,8,28,29,31,43
2005-08-17,3,12,22,30,42,43
2005-08-21,2,7,19,28,33,40
2005-08-24,2,10,13,14,17,30
2005-08-28,7,11,17,18,33,37
2005-08-31,2,7,8,15,25,38
2005-09-04,2,3,9,20,35,45
2005-09-07,5,9,11,25,29,44
2005-09-11,4,7,20,30,37,45
2005-09-14,6,21,23,29,34,44
2005-09-18,8,15,21,25,35,40
2005-09-21,4,18,21,27,29,31
2005-09-25,5,14,15,26,28,39
2005-09-28,1,2,7,8,15,43
2005-10-02,5,8,12,15,19,27
2005-10-05,6,9,11,13,28,33
2005-10-09,6,10,14,27,28,35
2005-10-12,1,16,21,26,32,33
2005-10-16,7,10,20,22,39,40
2005-10-19,4,11,12,13,14,37
2005-10-23,2,5,16,26,29,31
2005-10-26,5,10,18,34,42,44
2005-10-30,6,10,14,24,33,35
2005-11-02,1,5,20,22,26,43
2005-11-06,14,29,34,38,43,44
2005-11-09,11,16,28,36,41,42
2005-11-13,1,26,32,36,41,44
2005-11-16,9,19,26,31,40,41
2005-11-20,10,24,31,34,42,44
2005-11-23,1,6,10,11,33,40
2005-11-27,2,8,12,17,28,36
2005-11-30,12,18,30,35,36,37
2005-12-04,9,10,13,14,15,16
2005-12-07,11,13,17,19,29,36
2005-12-11,17,19,29,31,39,41
2005-12-14,5,6,10,19,23,24
2005-12-18,8,15,24,35,37,44
2005-12-21,6,18,21,28,36,37
2005-12-25,16,19,25,30,35,40
2005-12-28,17,18,30,32,33,44
2006-01-01,2,12,21,24,41,44
2006-01-04,8,10,12,20,34,36
2006-01-08,1,2,5,32,40,45
2006-01-11,5,13,15,26,31,36
2006-01-15,3,10,18,22,31,40
2006-01-18,8,12,21,35,39,42
2006-01-22,4,7,11,17,29,38
2006-01-25,13,21,27,34,36,41
2006-01-29,11,12,17,18,28,30
2006-02-01,19,20,31,36,42,45
2006-02-05,6,7,11,20,27,41
2006-02-08,3,7,12,29,30,44
2006-02-12,2,7,8,9,14,39
2006-02-15,3,4,21,35,40,43
2006-02-19,11,23,24,26,34,37
2006-02-22,5,12,14,26,34,38
2006-02-26,7,24,27,30,32,43
2006-03-01,2,3,12,15,30,40
2006-03-05,4,15,16,22,28,32
2006-03-08,6,16,21,28,32,34
2006-03-12,4,12,34,37,43,44
2006-03-15,19,23,24,28,33,43
2006-03-19,2,12,21,23,35,41
2006-03-22,4,5,32,33,38,41
2006-03-26,1,24,26,28,29,35
2006-03-29,4,10,15,16,29,41
2006-04-02,7,13,19,32,33,41
2006-04-05,2,12,13,20,24,25
2006-04-09,7,11,15,20,30,44
2006-04-12,9,11,17,23,28,29
2006-04-16,4,5,12,19,27,30
2006-04-19,9,13,22,26,32,41
2006-04-23,5,7,9,12,35,41
2006-04-26,7,17,21,27,30,39
2006-04-30,3,8,13,25,29,44
2006-05-03,11,12,15,17,31,40
2006-05-07,10,20,28,39,41,45
2006-05-10,2,18,29,31,42,43
2006-05-14,1,5,22,25,34,39
2006-05-17,6,10,23,27,32,43
2006-05-21,2,3,9,12,25,40
2006-05-24,1,5,18,41,44,45
2006-05-28,8,11,14,22,37,39
2006-05-31,6,16,17,37,43,45
2006-06-04,19,24,29,32,40,42
2006-06-07,27,34,36,37,42,45
2006-06-11,5,9,19,29,30,34
2006-06-14,3,4,18,19,23,41
2006-06-18,7,13,15,20,25,33
2006-06-21,7,19,26,36,43,44
2006-06-25,14,16,18,21,31,41
2006-06-28,2,15,16,19,30,38
2006-07-02,5,6,7,9,33,40
2006-07-05,4,13,16,20,40,44
2006-07-09,4,9,14,27,32,40
2006-07-12,24,27,28,39,42,45
2006-07-16,2,15,17,19,25,40
2006-07-19,14,20,21,31,36,43
2006-07-23,3,6,11,29,37,38
2006-07-26,5,6,17,26,27,41
2006-07-30,6,17,21,23,24,28
2006-08-02,5,10,20,27,34,38
2006-08-06,1,6,15,33,41,42
2006-08-09,9,15,24,28,39,43
2006-08-13,12,14,19,26,27,31
2006-08-16,14,22,33,38,41,43
2006-08-20,13,16,18,28,40,41
2006-08-23,14,17,19,30,43,44
2006-08-27,2,15,19,25,31,37
2006-08-30,11,33,38,39,40,41
2006-09-03,8,18,26,30,36,44
2006-09-06,12,15,26,36,38,43
2006-09-10,2,12,13,28,34,36
2006-09-13,6,19,21,38,42,45
2006-09-17,7,10,11,15,19,27
2006-09-20,1,6,14,35,39,44
2006-09-24,2,23,31,39,42,45
2006-09-27,3,14,26,27,38,40
2006-10-01,1,2,28,31,36,42
2006-10-04,1,5,9,24,28,36
2006-10-08,2,9,10,16,33,38
2006-10-11,3,6,10,16,38,40
2006-10-15,9,12,24,25,37,40
2006-10-18,8,16,18,22,33,35
2006-10-22,10,21,28,35,39,44
2006-10-25,1,8,9,33,35,41
2006-10-29,7,11,31,34,36,44
2006-11-01,3,6,10,27,39,40
2006-11-05,2,5,28,33,34,42
2006-11-08,1,2,14,23,31,32
2006-11-12,12,13,17,36,41,45
2006-11-15,5,8,15,34,39,44
2006-11-19,14,17,23,30,40,44
2006-11-22,3,10,23,29,33,44
2006-11-26,1,13,27,28,29,31
2006-11-29,1,10,25,34,39,45
2006-12-03,1,5,9,39,41,42
2006-12-06,3,24,25,30,37,38
2006-12-10,6,7,21,33,39,41
2006-12-13,2,5,16,26,29,37
2006-12-17,5,15,33,34,36,37
2006-12-20,2,10,16,23,25,34
2006-12-24,5,10,11,32,37,38
2006-12-27,3,8,28,29,38,44
2006-12-31,10,11,13,14,30,32
2007-01-03,10,18,23,24,30,41
2007-01-07,8,10,16,21,23,41
2007-01-10,3,11,14,16,27,40
2007-01-14,17,29,30,34,36,42
2007-01-17,9,12,21,35,44,45
2007-01-21,10,14,15,23,33,44
2007-01-24,5,9,11,24,25,34
2007-01-28,1,13,23,32,33,45
2007-01-31,4,27,31,34,40,43
2007-02-04,6,13,17,20,27,36
2007-02-07,13,21,22,28,38,44
2007-02-11,12,15,22,29,36,38
2007-02-14,7,10,15,29,37,44
2007-02-18,14,18,19,30,34,39
2007-02-21,1,9,14,20,33,39
2007-02-25,20,25,32,33,37,45
2007-02-28,3,20,25,34,39,45
2007-03-04,4,15,28,35,36,37
2007-03-07,1,2,3,12,15,38
2007-03-11,1,3,15,33,41,45
2007-03-14,7,15,18,38,39,45
2007-03-18,6,11,12,17,27,39
2007-03-21,7,11,18,26,34,36
2007-03-25,3,7,19,25,30,39
2007-03-28,6,13,20,23,37,42
2007-04-01,13,15,22,25,35,42
2007-04-04,7,14,33,37,38,44
2007-04-08,10,27,32,37,39,40
2007-04-11,5,7,8,21,40,43
2007-04-15,7,11,12,23,33,45
2007-04-18,5,10,21,24,37,45
2007-04-22,10,16,23,28,35,39
2007-04-25,1,10,14,23,44,45
2007-04-29,15,22,29,30,41,43
2007-05-02,3,20,23,27,28,31
2007-05-06,7,11,30,32,34,37
2007-05-09,14,18,26,27,30,34
2007-05-13,4,5,15,30,32,34
2007-05-16,11,19,22,29,33,43
2007-05-20,9,11,24,42,43,44
2007-05-23,8,19,22,25,40,45
2007-05-27,10,20,24,34,42,43
2007-05-30,2,16,26,29,36,45
2007-06-03,6,19,30,31,41,45
2007-06-06,10,22,24,26,30,37
2007-06-10,6,19,24,27,28,32
2007-06-13,2,4,15,16,30,39
2007-06-17,5,11,12,13,17,21
2007-06-20,25,30,31,39,41,45
2007-06-24,3,6,11,25,35,39
2007-06-27,2,23,25,29,33,34
2007-07-01,2,17,18,30,40,41
2007-07-04,3,4,12,20,31,32
2007-07-08,2,18,20,33,38,45
2007-07-11,13,15,29,37,38,41
2007-07-15,6,10,29,32,41,43
2007-07-18,12,19,24,26,28,32
2007-07-22,10,22,25,27,34,45
2007-07-25,6,8,12,29,33,41
2007-07-29,6,10,20,25,30,37
2007-08-01,5,8,9,29,30,37
2007-08-05,8,14,20,21,31,45
2007-08-08,13,16,17,19,34,35
2007-08-12,11,15,22,26,35,45
2007-08-15,2,23,27,34,37,42
2007-08-19,16,18,21,22,24,27
2007-08-22,6,7,11,13,25,36
2007-08-26,4,5,10,29,33,34
2007-08-29,1,8,11,17,23,37
2007-09-02,3,11,14,17,21,23
2007-09-05,10,24,25,27,30,36
2007-09-09,11,16,27,28,30,44
2007-09-12,3,15,23,29,38,45
2007-09-16,24,25,27,28,29,38
2007-09-19,13,16,21,32,36,45
2007-09-23,15,20,27,29,36,43
2007-09-26,3,4,8,10,16,22
2007-09-30,12,23,33,38,42,45
2007-10-03,2,4,7,28,34,40
2007-10-07,7,14,20,24,33,43
2007-10-10,2,3,9,10,15,19
2007-10-14,2,11,12,24,26,27
2007-10-17,3,8,10,11,20,38
2007-10-21,18,25,33,36,37,38
2007-10-24,5,16,20,23,27,28
2007-10-28,3,11,12,19,28,38
2007-10-31,5,9,10,14,16,20
2007-11-04,2,6,13,22,33,35
2007-11-07,10,12,16,29,31,39
2007-11-11,24,25,27,28,34,41
2007-11-14,8,10,18,24,27,34
2007-11-18,3,4,11,22,34,40
2007-11-21,2,8,19,36,41,43
2007-11-25,5,21,29,36,42,45
2007-11-28,2,9,18,20,21,23
2007-12-02,5,10,22,23,29,45
2007-12-05,4,9,19,39,40,43
2007-12-09,9,18,24,30,32,40
2007-12-12,14,18,22,24,26,29
2007-12-16,2,9,19,21,30,32
2007-12-19,10,12,15,26,39,41
2007-12-23,1,5,9,12,15,40
2007-12-26,14,24,29,31,40,43
2007-12-30,1,6,9,11,16,30
2008-01-02,2,11,12,15,25,35
2008-01-06,2,4,16,22,30,40
2008-01-09,2,6,11,16,34,42
2008-01-13,5,13,25,26,28,33
2008-01-16,8,25,31,36,40,43
2008-01-20,7,19,20,33,36,43
2008-01-23,1,4,16,21,34,44
2008-01-27,20,21,24,28,29,32
2008-01-30,5,12,14,31,35,38
2008-02-03,1,28,32,33,37,40
2008-02-06,5,7,10,19,25,33
2008-02-10,1,7,20,28,30,40
2008-02-13,13,15,25,31,38,41
2008-02-17,6,8,17,23,25,27
2008-02-20,13,15,16,33,35,42
2008-02-24,16,21,31,34,41,43
2008-02-27,2,3,4,9,16,27
2008-03-02,4,7,23,30,35,37
2008-03-05,18,24,26,34,35,44
2008-03-09,8,16,18,28,34,36
2008-03-12,4,15,19,25,32,33
2008-03-16,4,8,14,17,33,41
2008-03-19,1,2,5,19,34,42
2008-03-23,8,20,23,25,30,41
2008-03-26,6,14,16,28,30,39
2008-03-30,16,28,32,38,39,42
2008-04-02,8,10,11,20,27,44
2008-04-06,9,17,22,27,28,38
2008-04-09,1,16,23,25,26,32
2008-04-13,8,11,16,19,37,42
2008-04-16,26,33,34,36,42,44
2008-04-20,3,6,10,15,26,45
2008-04-23,6,11,16,27,34,35
2008-04-27,13,20,21,40,44,45
2008-04-30,6,12,31,34,36,42
2008-05-04,11,13,23,30,35,37
2008-05-07,1,16,32,33,36,41
2008-05-11,3,19,36,39,40,45
2008-05-14,8,19,21,22,23,30
2008-05-18,3,6,26,28,31,44
2008-05-21,6,9,11,23,28,30
2008-05-25,4,9,23,26,33,44
2008-05-28,2,3,14,19,34,37
2008-06-01,5,13,14,22,24,27
2008-06-04,1,4,17,23,38,44
2008-06-08,11,28,29,34,38,41
2008-06-11,5,6,11,33,43,44
2008-06-15,2,8,12,33,39,41
2008-06-18,15,17,18,20,25,26
2008-06-22,1,8,13,14,17,28
2008-06-25,4,17,18,31,33,34
2008-06-29,4,12,19,28,36,37
2008-07-02,3,6,22,28,32,41
2008-07-06,18,20,27,30,34,39
2008-07-09,21,24,27,35,40,44
2008-07-13,8,11,15,16,19,25
2008-07-16,14,15,20,21,36,40
2008-07-20,8,14,19,21,43,45
2008-07-23,4,11,29,34,41,44
2008-07-27,3,8,27,29,36,41
2008-07-30,5,9,12,24,33,41
2008-08-03,8,11,15,25,26,33
2008-08-06,5,7,8,12,19,21
2008-08-10,15,16,23,27,28,39
2008-08-13,24,31,32,33,40,42
2008-08-17,6,10,12,18,30,33
2008-08-20,21,30,31,33,37,43
2008-08-24,1,19,29,32,37,44
2008-08-27,6,21,24,33,39,41
2008-08-31,2,6,18,22,26,38
2008-09-03,5,12,20,30,40,42
2008-09-07,1,3,5,16,36,45
2008-09-10,4,7,11,12,31,43
2008-09-14,9,11,15,33,38,40
2008-09-17,11,13,24,30,33,43
2008-09-21,5,17,26,36,38,39
2008-09-24,4,11,12,15,23,33
2008-09-28,8,9,10,18,31,45
2008-10-01,3,5,22,35,42,43
2008-10-05,4,15,19,25,37,43
2008-10-08,2,8,17,22,35,40
2008-10-12,5,7,15,24,28,34
2008-10-15,12,14,19,26,33,37
2008-10-19,9,10,13,34,36,45
2008-10-22,1,10,18,19,32,43
2008-10-26,3,4,8,9,23,32
2008-10-29,4,14,33,34,41,42
2008-11-02,8,9,10,14,22,45
2008-11-05,9,10,14,16,28,41
2008-11-09,4,13,29,42,44,45
2008-11-12,2,12,16,18,32,41
2008-11-16,3,6,19,29,34,39
2008-11-19,8,9,17,23,31,41
2008-11-23,13,16,23,32,34,44
2008-11-26,1,11,12,16,39,40
2008-11-30,8,17,21,31,32,37
2008-12-03,1,2,3,20,21,37
2008-12-07,10,14,15,22,28,33
2008-12-10,1,8,12,13,42,45
2008-12-14,10,18,29,32,33,39
2008-12-17,4,9,26,30,35,36
2008-12-21,5,20,22,34,41,43
2008-12-24,2,9,14,21,28,37
2008-12-28,4,22,27,28,36,38
2008-12-31,1,5,11,13,19,32
2009-01-04,8,13,20,30,35,40
2009-01-07,3,9,10,28,36,38
2009-01-11,3,13,27,39,40,44
2009-01-14,13,14,31,38,41,45
2009-01-18,7,8,26,32,35,36
2009-01-21,1,3,7,10,25,33
2009-01-25,8,10,16,30,40,44
2009-01-28,6,18,19,20,26,40
2009-02-01,26,28,31,32,35,39
2009-02-04,4,9,25,26,39,42
2009-02-08,2,7,17,26,28,37
2009-02-11,5,7,8,21,27,45
2009-02-15,1,5,9,11,14,27
2009-02-18,8,9,13,27,32,36
2009-02-22,2,6,8,14,31,39
2009-02-25,9,10,17,27,31,38
2009-03-01,10,13,25,40,43,45
2009-03-04,1,8,19,23,34,39
2009-03-08,11,14,18,24,38,43
2009-03-11,4,9,13,18,38,39
2009-03-15,6,9,10,12,35,42
2009-03-18,6,11,12,16,19,33
2009-03-22,3,8,12,29,39,41
2009-03-25,1,6,20,30,32,40
2009-03-29,5,8,21,27,28,38
2009-04-01,23,24,25,30,32,45
2009-04-05,6,10,22,23,35,42
2009-04-08,6,11,14,20,30,36
2009-04-12,11,22,28,35,40,43
2009-04-15,4,10,18,25,28,32
2009-04-19,1,4,18,23,27,36
2009-04-22,2,9,20,22,30,43
2009-04-26,4,5,20,35,36,41
2009-04-29,8,20,24,25,26,27
2009-05-03,1,2,18,24,36,44
2009-05-06,15,21,29,37,43,45
2009-05-10,9,14,22,29,37,43
2009-05-13,5,6,10,12,20,44
2009-05-17,5,13,34,36,38,39
2009-05-20,6,7,29,42,43,45
2009-05-24,1,2,22,38,39,44
2009-05-27,1,11,18,25,26,27
2009-05-31,1,9,14,28,35,40
2009-06-03,5,8,26,28,39,40
2009-06-07,1,4,6,9,35,41
2009-06-10,3,5,7,25,36,38
2009-06-14,1,13,20,31,35,41
2009-06-17,1,9,25,30,33,38
2009-06-21,12,13,16,17,21,24
2009-06-24,2,20,25,28,42,44
2009-06-28,3,8,20,36,37,40
2009-07-01,7,10,20,23,35,39
2009-07-05,1,14,16,24,38,40
2009-07-08,8,14,17,20,36,37
2009-07-12,2,4,5,14,15,16
2009-07-15,9,17,19,32,37,45
2009-07-19,3,4,6,17,20,33
2009-07-22,8,13,15,22,27,30
2009-07-26,1,17,29,30,41,45
2009-07-29,11,21,28,35,41,44
2009-08-02,7,12,22,24,33,42
2009-08-05,13,16,37,38,42,45
2009-08-09,13,20,30,31,38,42
2009-08-12,5,16,20,26,32,44
2009-08-16,1,6,21,30,33,45
2009-08-19,16,20,36,38,41,42
2009-08-23,4,25,26,29,30,45
2009-08-26,17,21,23,34,37,43
2009-08-30,4,11,14,23,26,36
2009-09-02,2,3,13,35,39,45
2009-09-06,5,11,15,16,28,36
2009-09-09,2,4,11,21,26,27
2009-09-13,9,10,18,25,32,40
2009-09-16,8,12,14,18,23,38
2009-09-20,2,4,6,9,19,44
2009-09-23,5,23,30,31,41,44
2009-09-27,14,18,23,29,31,43
2009-09-30,5,8,9,13,22,29
2009-10-04,11,17,29,32,36,44
2009-10-07,1,9,15,21,30,40
2009-10-11,1,10,16,19,20,32
2009-10-14,2,5,21,25,39,40
2009-10-18,1,14,15,19,40,42
2009-10-21,3,6,17,27,28,34
2009-10-25,17,22,34,38,40,44
2009-10-28,1,3,5,14,34,37
2009-11-01,2,6,7,17,26,35
2009-11-04,17,18,24,25,41,45
2009-11-08,9,15,19,22,25,34
2009-11-11,17,19,28,30,36,44
2009-11-15,10,21,23,25,31,37
2009-11-18,9,10,14,17,21,45
2009-11-22,9,14,17,22,30,36
2009-11-25,13,15,25,29,44,45
2009-11-29,2,6,14,18,41,43
2009-12-02,7,12,14,17,38,40
2009-12-06,6,7,29,31,37,45
2009-12-09,2,3,15,24,31,40
2009-12-13,9,11,17,32,40,44
2009-12-16,20,24,25,38,41,45
2009-12-20,13,15,22,26,38,39
2009-12-23,11,13,19,20,28,41
2009-12-27,7,9,10,26,31,39
2009-12-30,2,7,8,12,40,44
2010-01-03,2,22,29,30,39,41
2010-01-06,1,6,7,8,10,45
2010-01-10,24,26,37,38,41,44
2010-01-13,14,15,18,27,40,43
2010-01-17,2,8,9,37,41,44
2010-01-20,3,7,16,27,29,41
2010-01-24,8,16,21,31,39,41
2010-01-27,3,7,10,19,21,31
2010-01-31,26,27,35,36,38,39
2010-02-03,2,7,14,28,34,44
2010-02-07,9,21,34,35,40,43
2010-02-10,3,8,31,32,36,43
2010-02-14,11,19,24,25,30,35
2010-02-17,3,15,25,27,30,40
2010-02-21,13,17,25,27,30,39
2010-02-24,13,14,15,26,37,39
2010-02-28,8,10,16,22,23,27
2010-03-03,2,25,32,36,37,38
2010-03-07,4,17,19,25,38,41
2010-03-10,8,11,16,17,23,29
2010-03-14,1,3,7,14,23,29
2010-03-17,5,14,25,26,29,41
2010-03-21,16,22,24,30,33,36
2010-03-24,9,27,33,36,37,39
2010-03-28,3,5,21,25,26,31
2010-03-31,2,13,26,32,34,36
2010-04-04,1,19,29,30,32,44
2010-04-07,1,2,5,9,26,44
2010-04-11,1,3,4,21,27,44
2010-04-14,9,16,19,29,32,35
2010-04-18,4,10,23,26,39,43
2010-04-21,5,18,22,32,41,45
2010-04-25,8,11,12,22,29,36
2010-04-28,12,24,26,29,30,34
2010-05-02,2,3,7,33,34,38
2010-05-05,8,19,20,23,35,45
2010-05-09,5,8,17,23,27,39
2010-05-12,2,6,9,23,28,42
2010-05-16,10,12,13,19,27,40
2010-05-19,2,18,21,26,32,45
2010-05-23,19,25,29,36,38,39
2010-05-26,4,5,6,20,22,32
2010-05-30,5,10,14,20,26,42
2010-06-02,14,20,23,24,35,40
2010-06-06,5,9,14,16,33,43
2010-06-09,18,19,20,34,37,40
2010-06-13,2,9,14,19,26,27
2010-06-16,2,4,7,12,35,42
2010-06-20,9,19,25,27,36,40
2010-06-23,1,7,18,25,42,43
2010-06-27,6,10,17,20,34,45
2010-06-30,4,12,14,15,41,44
2010-07-04,16,17,23,28,36,39
2010-07-07,5,7,11,14,21,27
2010-07-11,8,16,30,33,34,36
2010-07-14,6,18,25,29,32,35
2010-07-18,2,17,22,24,39,41
2010-07-21,5,15,33,35,36,41
2010-07-25,4,8,10,11,18,22
2010-07-28,1,4,13,20,25,40
2010-08-01,3,9,15,24,30,38
2010-08-04,3,8,9,17,25,38
2010-08-08,8,12,23,25,31,40
2010-08-11,3,6,27,33,39,42
2010-08-15,7,9,15,18,19,30
2010-08-18,13,18,20,22,24,27
2010-08-22,3,6,19,26,40,42
2010-08-25,3,9,10,12,42,45
2010-08-29,10,12,19,33,35,44
2010-09-01,2,7,10,22,39,42
2010-09-05,2,6,19,23,28,34
2010-09-08,2,13,16,30,36,41
2010-09-12,10,11,19,24,26,27
2010-09-15,6,10,13,30,40,44
2010-09-19,19,23,26,32,34,36
2010-09-22,4,19,29,32,40,42
2010-09-26,1,4,8,11,31,35
2010-09-29,10,25,27,36,42,44
2010-10-03,1,5,23,30,32,41
2010-10-06,13,14,20,38,41,44
2010-10-10,13,17,18,25,29,37
2010-10-13,6,16,17,31,33,38
2010-10-17,19,25,27,29,34,41
2010-10-20,6,11,17,24,26,44
2010-10-24,5,16,27,28,31,42
2010-10-27,8,11,14,16,19,29
2010-10-31,6,25,29,33,39,44
2010-11-03,5,10,14,26,29,41
2010-11-07,5,13,23,29,32,39
2010-11-10,11,20,29,30,37,42
2010-11-14,7,10,18,35,41,42
2010-11-17,1,2,27,29,31,34
2010-11-21,19,21,23,27,30,34
2010-11-24,2,13,26,31,34,40
2010-11-28,13,26,27,28,35,45
2010-12-01,9,10,11,15,16,20
2010-12-05,5,12,13,23,33,42
2010-12-08,2,22,24,26,31,39
2010-12-12,1,2,30,31,41,42
2010-12-15,1,3,6,19,22,37
2010-12-19,5,12,18,24,26,43
2010-12-22,4,12,18,27,32,42
2010-12-26,6,11,13,25,31,39
2010-12-29,6,12,18,25,39,40
2011-01-02,1,15,21,32,33,41
2011-01-05,10,23,26,30,32,37
2011-01-09,12,18,27,34,36,40
2011-01-12,1,5,6,14,24,33
2011-01-16,4,13,19,36,39,42
2011-01-19,24,33,35,38,43,44
2011-01-23,12,17,25,31,37,42
2011-01-26,2,16,17,18,19,29
2011-01-30,10,12,25,28,33,42
2011-02-02,5,13,17,18,21,30
2011-02-06,10,17,28,33,35,42
2011-02-09,10,16,17,24,27,31
2011-02-13,5,9,10,22,29,33
2011-02-16,7,12,13,14,21,40
2011-02-20,11,23,36,37,38,39
2011-02-23,10,13,18,40,41,42
2011-02-27,13,14,19,21,36,44
2011-03-02,12,13,14,17,36,41
2011-03-06,4,7,12,18,19,41
2011-03-09,10,11,22,30,34,44
2011-03-13,8,9,31,32,33,36
2011-03-16,6,9,15,32,42,43
2011-03-20,7,10,29,32,33,45
2011-03-23,11,17,19,20,32,41
2011-03-27,8,9,12,19,37,42
2011-03-30,1,10,20,32,34,41
2011-04-03,2,8,11,16,25,39
2011-04-06,3,12,20,24,33,43
2011-04-10,2,4,18,19,36,37
2011-04-13,28,29,34,35,41,45
2011-04-17,12,13,18,30,34,43
2011-04-20,14,17,20,25,33,43
2011-04-24,2,7,12,17,18,32
2011-04-27,9,17,20,21,24,28
2011-05-01,5,9,11,14,18,42
2011-05-04,7,22,25,31,33,41
2011-05-08,5,18,19,23,37,42
2011-05-11,5,8,18,26,37,40
2011-05-15,8,15,16,19,23,31
2011-05-18,5,6,7,18,30,36
2011-05-22,3,4,14,21,41,45
2011-05-25,3,20,26,27,38,45
2011-05-29,10,24,29,33,35,37
2011-06-01,2,9,22,28,31,36
2011-06-05,1,13,14,22,24,29
2011-06-08,1,16,24,25,37,42
2011-06-12,7,21,22,26,32,38
2011-06-15,7,27,29,35,38,45
2011-06-19,6,11,12,34,39,44
2011-06-22,5,22,26,32,39,44
2011-06-26,1,9,21,35,39,42
2011-06-29,2,11,21,34,35,36
2011-07-03,4,5,13,23,27,45
2011-07-06,9,24,37,38,39,42
2011-07-10,4,12,13,14,16,23
2011-07-13,3,7,20,33,39,41
2011-07-17,3,12,22,29,38,42
2011-07-20,8,20,21,30,39,45
2011-07-24,4,11,23,33,35,44
2011-07-27,3,13,17,20,32,35
2011-07-31,12,28,32,38,42,44
2011-08-03,14,25,35,38,41,45
2011-08-07,1,6,8,11,24,39
2011-08-10,17,19,22,23,30,32
2011-08-14,4,22,23,28,31,32
2011-08-17,11,13,19,23,30,37
2011-08-21,1,10,16,26,37,38
2011-08-24,11,15,32,36,40,42
2011-08-28,10,17,27,28,39,41
2011-08-31,6,10,13,21,39,43
2011-09-04,2,7,11,13,21,25
2011-09-07,6,13,24,28,34,43
2011-09-11,2,10,26,34,35,39
2011-09-14,1,5,7,24,36,39
2011-09-18,9,15,19,20,38,45
2011-09-21,9,13,16,26,28,39
2011-09-25,16,19,21,31,43,45
2011-09-28,14,19,20,24,30,35
2011-10-02,7,19,22,25,37,45
2011-10-05,7,8,10,23,26,31
2011-10-09,1,14,19,20,36,41
2011-10-12,7,25,30,31,35,43
2011-10-16,1,29,30,33,38,42
2011-10-19,19,24,27,31,32,39
2011-10-23,13,18,21,23,39,43
2011-10-26,3,12,14,17,18,30
2011-10-30,5,10,12,13,21,25
2011-11-02,10,13,14,22,26,27
2011-11-06,5,7,18,32,40,41
2011-11-09,8,19,27,34,40,45
2011-11-13,8,20,21,23,27,28
2011-11-16,1,10,12,22,26,28
2011-11-20,7,9,14,21,25,29
2011-11-23,4,23,25,30,39,41
2011-11-27,4,7,8,13,15,16
2011-11-30,2,3,4,11,29,32
2011-12-04,9,22,26,35,36,38
2011-12-07,13,24,28,32,33,41
2011-12-11,2,17,26,31,35,40
2011-12-14,5,11,20,24,25,34
2011-12-18,1,10,13,27,32,42
2011-12-21,4,6,8,21,23,36
2011-12-25,8,16,19,25,39,40
2011-12-28,3,7,14,21,37,44
2012-01-01,3,17,20,28,38,44
2012-01-04,9,11,13,24,26,42
2012-01-08,2,5,12,17,21,31
2012-01-11,4,12,15,17,39,43
2012-01-15,8,13,18,22,34,40
2012-01-18,9,24,25,26,31,33
2012-01-22,2,6,10,29,37,45
2012-01-25,17,26,31,33,41,45
2012-01-29,5,16,22,33,35,41
2012-02-01,7,15,21,26,27,45
2012-02-05,10,15,24,28,32,39
2012-02-08,1,16,17,20,28,29
2012-02-12,6,9,11,26,36,40
2012-02-15,3,14,15,22,34,44
2012-02-19,4,9,25,35,39,40
2012-02-22,3,11,13,16,18,40
2012-02-26,5,8,21,23,25,37
2012-02-29,3,6,31,34,39,45
2012-03-04,10,11,19,22,24,36
2012-03-07,8,22,33,35,38,41
2012-03-11,12,17,18,22,26,33
2012-03-14,7,10,13,14,34,39
2012-03-18,1,6,9,12,19,37
2012-03-21,6,7,18,30,31,45
2012-03-25,15,22,26,29,37,43
2012-03-28,9,26,27,32,39,45
2012-04-01,4,5,7,31,34,43
2012-04-04,11,19,25,33,36,40
2012-04-08,13,15,24,27,36,42
2012-04-11,9,11,14,17,38,40
2012-04-15,1,10,12,20,21,43
2012-04-18,4,19,21,26,30,33
2012-04-22,3,6,16,26,36,39
2012-04-25,1,11,17,19,28,38
2012-04-29,11,26,33,34,38,43
2012-05-02,9,13,24,25,39,40
2012-05-06,1,3,19,33,35,39
2012-05-09,15,18,21,27,40,42
2012-05-13,1,21,25,29,30,41
2012-05-16,10,11,14,19,22,33
2012-05-20,10,11,13,14,15,33
2012-05-23,4,8,9,17,19,26
2012-05-27,3,5,12,25,34,37
2012-05-30,24,31,33,34,36,40
2012-06-03,1,5,14,16,35,45
2012-06-06,7,9,28,33,37,45
2012-06-10,3,4,11,15,19,22
2012-06-13,9,10,12,25,26,37
2012-06-17,6,10,12,23,30,36
2012-06-20,2,13,26,29,38,43
2012-06-24,6,8,13,18,35,41
2012-06-27,2,11,19,35,36,42
2012-07-01,1,3,14,24,29,35
2012-07-04,11,13,14,25,27,31
2012-07-08,1,24,28,34,36,38
2012-07-11,2,14,20,31,32,43
2012-07-15,1,5,9,10,37,44
2012-07-18,12,15,27,31,35,38
2012-07-22,2,3,5,11,28,39
2012-07-25,3,14,17,18,38,41
2012-07-29,15,27,30,37,41,42
2012-08-01,6,7,14,27,30,38
2012-08-05,1,14,22,26,32,34
2012-08-08,2,3,20,22,27,31
2012-08-12,15,18,23,28,34,44
2012-08-15,6,10,16,21,29,33
2012-08-19,8,11,22,28,32,38
2012-08-22,8,14,20,24,43,45
2012-08-26,2,5,9,10,22,24
2012-08-29,5,19,30,36,37,40
2012-09-02,8,9,25,30,31,34
2012-09-05,9,11,26,34,38,39
2012-09-09,20,25,29,33,35,37
2012-09-12,5,13,21,26,34,41
2012-09-16,6,10,18,26,34,41
2012-09-19,8,10,23,27,41,43
2012-09-23,2,14,18,19,31,45
2012-09-26,1,2,17,20,30,38
2012-09-30,5,7,20,31,34,35
2012-10-03,6,13,15,19,28,35
2012-10-07,7,16,20,35,41,43
2012-10-10,1,3,29,30,33,45
2012-10-14,2,15,29,33,35,37
2012-10-17,1,9,11,23,30,35
2012-10-21,1,17,30,33,37,41
2012-10-24,11,12,20,30,40,41
2012-10-28,4,5,25,34,44,45
2012-10-31,2,6,21,29,30,42
2012-11-04,6,9,19,26,31,37
2012-11-07,8,15,16,19,22,37
2012-11-11,4,5,16,24,35,42
2012-11-14,6,11,21,23,25,28
2012-11-18,4,11,19,26,38,43
2012-11-21,2,8,14,16,34,45
2012-11-25,1,8,27,36,39,42
2012-11-28,3,14,21,22,24,27
2012-12-02,5,22,24,31,32,40
2012-12-05,3,10,11,17,21,44
2012-12-09,13,24,27,29,34,37
2012-12-12,3,11,16,32,39,43
2012-12-16,16,18,19,27,31,42
2012-12-19,16,22,26,31,35,42
2012-12-23,10,26,29,30,34,37
2012-12-26,10,26,33,34,38,42
2012-12-30,1,22,24,31,39,42
2013-01-02,11,12,22,34,42,44
2013-01-06,3,4,6,9,13,22
2013-01-09,10,12,20,35,38,44
2013-01-13,7,11,19,38,39,41
2013-01-16,7,13,15,18,40,45
2013-01-20,1,13,17,19,29,40
2013-01-23,8,14,20,26,37,45
2013-01-27,7,17,23,24,34,36
2013-01-30,12,14,19,28,29,38
2013-02-03,2,13,19,35,36,42
2013-02-06,13,14,23,25,28,37
2013-02-10,20,29,35,38,40,42
2013-02-13,19,25,37,39,42,43
2013-02-17,18,20,35,37,43,45
2013-02-20,2,23,25,33,34,40
2013-02-24,5,8,9,10,14,24
2013-02-27,8,11,27,28,32,36
2013-03-03,4,11,14,40,41,44
2013-03-06,1,3,16,28,38,41
2013-03-10,3,18,27,29,41,44
2013-03-13,2,22,23,27,35,38
2013-03-17,3,9,13,29,31,44
2013-03-20,9,10,15,24,27,33
2013-03-24,4,5,10,24,31,33
2013-03-27,4,6,8,21,42,45
2013-03-31,4,6,23,26,27,44
2013-04-03,7,12,19,29,36,39
2013-04-07,1,18,24,38,42,44
2013-04-10,25,35,39,40,42,44
2013-04-14,9,14,23,24,30,41
2013-04-17,10,22,24,38,40,43
2013-04-21,3,4,19,23,28,42
2013-04-24,15,18,22,25,36,43
2013-04-28,13,14,17,24,33,39
2013-05-01,1,15,24,26,30,45
2013-05-05,1,15,23,32,41,43
2013-05-08,4,11,17,22,26,29
2013-05-12,5,16,18,25,33,45
2013-05-15,3,11,18,29,32,43
2013-05-19,7,12,16,28,31,37
2013-05-22,10,12,27,33,40,44
2013-05-26,2,3,16,33,38,44
2013-05-29,4,7,13,16,21,37
2013-06-02,1,3,6,15,16,29
2013-06-05,18,22,24,29,34,38
2013-06-09,5,6,13,18,25,37
2013-06-12,2,12,17,24,37,45
2013-06-16,7,8,21,22,44,45
2013-06-19,1,19,23,30,34,44
2013-06-23,15,21,23,24,39,42
2013-06-26,3,11,12,23,30,42
2013-06-30,7,12,19,27,28,30
2013-07-03,3,22,23,30,39,40
2013-07-07,1,2,4,13,21,37
2013-07-10,8,11,23,26,27,31
2013-07-14,1,12,13,27,43,45
2013-07-17,3,15,26,28,38,44
2013-07-21,4,6,25,36,40,41
2013-07-24,12,21,26,31,32,33
2013-07-28,17,20,23,28,34,42
2013-07-31,9,10,11,13,31,45
2013-08-04,2,3,6,13,20,44
2013-08-07,7,8,12,18,35,39
2013-08-11,2,8,12,25,37,42
2013-08-14,1,8,11,22,28,37
2013-08-18,4,5,7,24,26,29
2013-08-21,3,8,13,19,20,33
2013-08-25,11,13,23,32,34,38
2013-08-28,13,22,25,31,33,42
2013-09-01,12,18,21,22,34,45
2013-09-04,2,4,9,11,20,44
2013-09-08,1,6,17,22,30,38
2013-09-11,1,17,31,36,37,44
2013-09-15,14,20,22,26,34,42
2013-09-18,8,15,17,23,31,40
2013-09-22,7,8,10,19,38,42
2013-09-25,10,18,19,34,39,41
2013-09-29,4,21,28,29,33,38
2013-10-02,9,22,26,36,37,44
2013-10-06,16,22,23,30,37,44
2013-10-09,2,3,18,19,33,37
2013-10-13,9,20,22,25,30,33
2013-10-16,2,4,27,38,40,41
2013-10-20,18,23,24,25,35,41
2013-10-23,15,24,25,27,38,42
2013-10-27,5,8,14,16,17,30
2013-10-30,1,6,9,12,15,39
2013-11-03,9,10,12,16,19,35
2013-11-06,2,15,19,33,38,41
2013-11-10,4,9,26,33,34,43
2013-11-13,1,7,10,17,26,41
2013-11-17,3,4,10,14,24,30
2013-11-20,1,6,9,17,18,42
2013-11-24,7,14,19,29,32,33
2013-11-27,5,11,30,31,40,42
2013-12-01,1,17,19,20,21,26
2013-12-04,2,6,7,10,36,39
2013-12-08,5,10,14,21,28,29
2013-12-11,2,5,8,21,28,29
2013-12-15,14,15,16,32,38,44
2013-12-18,1,2,5,6,23,29
2013-12-22,5,9,17,18,25,35
2013-12-25,4,6,7,11,21,39
2013-12-29,28,31,35,36,38,43
2014-01-01,3,16,22,25,30,31
2014-01-05,3,6,7,20,38,42
2014-01-08,10,15,32,36,41,44
2014-01-12,1,4,13,33,39,45
2014-01-15,16,26,31,34,41,44
2014-01-19,1,3,7,26,29,37
2014-01-22,6,10,17,19,40,41
2014-01-26,2,6,7,8,30,39
2014-01-29,5,20,21,27,30,35
2014-02-02,14,22,26,31,37,42
2014-02-05,6,17,20,23,29,44
2014-02-09,3,16,17,28,42,44
2014-02-12,24,26,27,32,41,42
2014-02-16,2,7,20,22,38,42
2014-02-19,1,4,27,31,33,37
2014-02-23,1,5,10,19,31,38
2014-02-26,1,14,15,21,30,39
2014-03-02,3,12,13,23,36,43
2014-03-05,2,26,30,36,38,44
2014-03-09,2,10,20,24,42,45
2014-03-12,10,21,22,27,29,33
2014-03-16,1,14,22,24,26,36
2014-03-19,7,13,17,28,38,42
2014-03-23,9,12,15,24,25,28
2014-03-26,1,24,26,34,37,40
2014-03-30,8,10,15,24,29,31
2014-04-02,9,13,25,30,32,37
2014-04-06,4,18,19,21,23,39
2014-04-09,2,8,11,20,21,45
2014-04-13,27,32,33,35,36,38
2014-04-16,5,25,28,33,39,44
2014-04-20,1,2,14,17,18,43
2014-04-23,24,28,29,35,44,45
2014-04-27,4,5,26,31,33,40
2014-04-30,1,8,10,12,22,38
2014-05-04,3,4,6,14,22,42
2014-05-07,2,16,17,19,30,37
2014-05-11,24,32,34,35,40,43
2014-05-14,3,6,14,18,20,34
2014-05-18,4,10,22,35,42,43
2014-05-21,3,4,13,22,30,36
2014-05-25,7,9,11,21,33,39
2014-05-28,8,15,23,32,34,38
2014-06-01,1,8,16,21,23,27
2014-06-04,3,4,11,15,44,45
2014-06-08,1,6,8,9,27,41
2014-06-11,1,9,15,19,22,39
2014-06-15,5,6,13,18,22,32
2014-06-18,2,4,7,10,22,33
2014-06-22,11,16,36,37,38,45
2014-06-25,3,6,15,17,24,33
2014-06-29,4,20,27,29,38,45
2014-07-02,13,14,17,20,36,37
2014-07-06,3,10,22,31,36,42
2014-07-09,3,17,20,29,40,42
2014-07-13,4,18,36,40,41,42
2014-07-16,2,3,17,19,32,35
2014-07-20,1,8,14,18,20,27
2014-07-23,6,11,16,24,28,40
2014-07-27,10,13,15,24,38,39
2014-07-30,2,6,11,15,21,27
2014-08-03,3,5,12,20,35,44
2014-08-06,7,12,21,31,34,44
2014-08-10,4,5,15,31,33,42
2014-08-13,2,11,37,41,42,43
2014-08-17,18,30,31,33,38,44
2014-08-20,2,11,14,21,28,34
2014-08-24,18,21,32,34,35,36
2014-08-27,19,24,26,34,36,41
2014-08-31,1,9,18,30,37,41
2014-09-03,13,14,17,20,31,43
2014-09-07,4,5,12,13,17,25
2014-09-10,13,17,25,35,37,38
2014-09-14,7,8,20,21,22,45
2014-09-17,6,18,21,22,26,29
2014-09-21,4,14,21,23,36,39
2014-09-24,4,5,10,11,17,33
2014-09-28,6,8,12,26,31,33
2014-10-01,3,21,28,29,33,37
2014-10-05,1,8,11,12,25,40
2014-10-08,16,24,37,40,43,45
2014-10-12,12,17,22,23,27,29
2014-10-15,4,11,29,34,37,42
2014-10-19,6,18,19,29,37,45
2014-10-22,14,22,28,29,33,35
2014-10-26,4,11,18,19,21,26
2014-10-29,2,12,13,23,31,35
2014-11-02,1,5,12,26,41,44
2014-11-05,17,21,26,33,36,45
2014-11-09,2,15,17,23,25,31
2014-11-12,6,8,20,40,42,45
2014-11-16,3,6,9,11,40,41
2014-11-19,3,10,17,33,34,36
2014-11-23,2,9,14,17,37,38
2014-11-26,9,12,13,14,17,44
2014-11-30,10,12,34,39,40,44
2014-12-03,4,5,15,22,30,43
2014-12-07,3,12,14,15,24,42
2014-12-10,15,22,27,28,42,45
2014-12-14,22,28,29,33,36,40
2014-12-17,14,18,20,28,34,43
2014-12-21,2,16,20,28,34,43
2014-12-24,3,21,22,26,27,43
2014-12-28,2,13,14,28,33,42
2014-12-31,10,19,28,33,39,43
2015-01-04,15,17,22,33,38,40
2015-01-07,6,8,19,28,29,41
2015-01-11,1,11,12,32,36,38
2015-01-14,12,16,18,29,39,44
2015-01-18,8,20,28,32,35,36
2015-01-21,1,10,12,25,39,42
2015-01-25,13,16,22,24,25,39
2015-01-28,14,16,18,27,31,41
2015-02-01,5,9,19,24,32,33
2015-02-04,14,25,28,32,40,43
2015-02-08,19,21,24,30,34,42
2015-02-11,9,10,22,25,32,44
2015-02-15,3,4,6,8,17,29
2015-02-18,1,11,17,27,36,43
2015-02-22,4,11,12,17,18,33
2015-02-25,3,9,14,18,25,26
2015-03-01,6,7,11,16,30,44
2015-03-04,5,8,13,28,30,33
2015-03-08,9,10,17,21,26,34
2015-03-11,1,6,8,26,41,43
2015-03-15,3,24,35,43,44,45
2015-03-18,2,6,7,18,19,40
2015-03-22,21,33,35,36,42,45
2015-03-25,3,6,29,30,31,35
2015-03-29,5,6,23,36,43,44
2015-04-01,13,14,36,38,41,44
2015-04-05,3,6,7,9,14,22
2015-04-08,12,17,19,20,34,39
2015-04-12,5,9,20,24,36,42
2015-04-15,1,7,13,15,35,44
2015-04-19,11,22,30,31,39,40
2015-04-22,1,10,14,20,24,42
2015-04-26,3,6,14,16,22,31
2015-04-29,2,10,15,25,31,32
2015-05-03,5,15,18,21,23,44
2015-05-06,11,29,34,38,39,43
2015-05-10,2,19,24,30,35,45
2015-05-13,2,22,25,28,32,45
2015-05-17,2,10,11,12,24,44
2015-05-20,2,12,26,31,33,41
2015-05-24,9,12,23,28,31,42
2015-05-27,10,15,18,22,26,44
2015-05-31,10,22,25,34,35,37
2015-06-03,2,14,30,35,39,43
2015-06-07,6,18,26,34,40,44
2015-06-10,1,2,15,23,31,35
2015-06-14,13,18,25,32,38,42
2015-06-17,1,3,4,11,19,32
2015-06-21,11,15,23,37,41,42
2015-06-24,3,15,21,22,32,38
2015-06-28,6,11,13,16,19,41
2015-07-01,4,7,17,23,24,42
2015-07-05,7,13,22,24,33,35
2015-07-08,9,16,19,30,42,43
2015-07-12,25,29,30,33,35,36
2015-07-15,4,14,17,28,38,39
2015-07-19,3,5,17,20,39,43
2015-07-22,8,12,26,30,31,35
2015-07-26,4,5,12,14,27,29
2015-07-29,2,9,11,16,23,24
2015-08-02,4,10,20,28,39,43
2015-08-05,1,7,24,26,29,39
2015-08-09,5,16,28,29,39,42
2015-08-12,10,14,28,31,39,41
2015-08-16,3,6,12,29,33,41
2015-08-19,7,16,22,27,43,45
2015-08-23,4,7,11,14,27,41
2015-08-26,2,4,11,26,28,42
2015-08-30,8,17,19,34,42,44
2015-09-02,1,3,7,9,13,32
2015-09-06,3,11,15,19,26,40
2015-09-09,1,3,9,21,22,30
2015-09-13,4,11,12,15,33,41
2015-09-16,2,16,33,36,41,43
2015-09-20,4,9,14,21,28,43
2015-09-23,1,7,9,12,14,42
2015-09-27,5,19,24,36,42,44
2015-09-30,13,17,31,38,39,44
2015-10-04,3,7,26,35,40,45
2015-10-07,3,17,21,28,29,32
2015-10-11,1,15,30,38,41,43
2015-10-14,6,10,13,17,34,41
2015-10-18,2,4,16,17,27,38
2015-10-21,7,10,11,18,26,42
2015-10-25,6,7,15,16,24,42
2015-10-28,6,8,18,34,40,45
2015-11-01,9,10,27,29,38,40
2015-11-04,9,12,13,23,28,45
2015-11-08,2,13,25,33,35,45
2015-11-11,1,15,25,33,36,41
2015-11-15,11,16,25,26,38,39
2015-11-18,2,20,24,36,42,44
2015-11-22,3,4,6,32,33,37
2015-11-25,3,8,25,35,44,45
2015-11-29,2,12,13,19,22,45
2015-12-02,8,10,22,25,32,38
2015-12-06,5,7,23,32,38,41
2015-12-09,6,8,11,13,17,45
2015-12-13,4,8,11,23,34,41
2015-12-16,1,8,13,15,24,42
2015-12-20,8,15,16,18,24,37
2015-12-23,1,8,10,15,36,45
2015-12-27,15,18,21,23,34,40
2015-12-30,3,14,28,30,35,38
2016-01-03,6,14,26,27,34,35
2016-01-06,5,6,13,27,39,41
2016-01-10,13,18,19,23,39,45
2016-01-13,5,17,19,25,33,42
2016-01-17,14,18,20,30,31,37
2016-01-20,2,15,22,26,33,43
2016-01-24,6,20,27,33,40,42
2016-01-27,9,11,17,30,38,42
2016-01-31,13,19,27,28,29,45
2016-02-03,3,14,16,17,22,28
2016-02-07,2,3,9,26,28,36
2016-02-10,28,31,33,36,42,43
2016-02-14,1,15,20,26,28,31
2016-02-17,6,10,34,35,42,44
2016-02-21,23,27,28,34,37,45
2016-02-24,7,12,25,34,42,44
2016-02-28,14,16,22,26,27,29
2016-03-02,5,8,9,28,37,41
2016-03-06,2,4,9,33,38,42
2016-03-09,1,5,20,22,38,44
2016-03-13,2,6,7,8,34,39
2016-03-16,1,8,24,36,39,44
2016-03-20,4,15,18,24,31,43
2016-03-23,2,4,14,34,35,45
2016-03-27,1,12,19,26,27,34
2016-03-30,22,24,32,34,36,37
2016-04-03,3,6,10,23,26,45
2016-04-06,9,12,14,30,36,37
2016-04-10,9,14,26,36,43,44
2016-04-13,8,10,15,21,31,41
2016-04-17,9,10,21,39,40,45
2016-04-20,5,6,9,24,35,39
2016-04-24,5,9,22,25,29,42
2016-04-27,7,12,16,24,36,40
2016-05-01,7,10,14,23,27,45
2016-05-04,8,28,29,35,36,43
2016-05-08,7,9,15,18,43,45
2016-05-11,18,26,31,33,37,45
2016-05-15,5,10,25,32,33,42
2016-05-18,5,10,11,29,38,42
2016-05-22,9,17,22,30,31,43
2016-05-25,1,5,17,25,32,45
2016-05-29,8,10,13,15,17,23
2016-06-01,5,15,16,26,29,37
2016-06-05,13,15,24,28,30,36
2016-06-08,5,6,14,21,23,26
2016-06-12,2,7,13,27,37,44
2016-06-15,1,5,9,25,34,42
2016-06-19,1,19,21,23,28,34
2016-06-22,15,20,21,24,36,42
2016-06-26,2,4,26,34,43,45
2016-06-29,9,13,15,24,36,40
2016-07-03,2,13,19,20,21,25
2016-07-06,1,2,4,12,14,27
2016-07-10,1,6,10,19,25,41
2016-07-13,9,12,18,21,28,40
2016-07-17,7,16,17,19,21,37
2016-07-20,7,12,27,29,32,40
2016-07-24,6,14,21,26,28,41
2016-07-27,2,18,27,30,33,34
2016-07-31,11,12,19,39,40,44
2016-08-03,7,19,25,29,36,40
2016-08-07,5,10,15,24,27,40
2016-08-10,16,23,29,33,38,40
2016-08-14,4,11,16,18,23,27
2016-08-17,8,10,21,22,31,45
2016-08-21,3,10,15,18,26,42
2016-08-24,9,19,24,27,42,43
2016-08-28,5,10,18,25,28,38
2016-08-31,3,6,10,18,30,43
2016-09-04,2,27,37,38,39,42
2016-09-07,1,7,34,36,38,44
2016-09-11,4,27,29,34,38,40
2016-09-14,5,6,9,10,27,44
2016-09-18,4,7,29,38,40,42
2016-09-21,4,7,8,12,32,37
2016-09-25,1,3,11,20,25,28
2016-09-28,10,13,22,35,37,45
2016-10-02,3,5,8,22,32,37
2016-10-05,8,14,16,17,29,30
2016-10-09,12,19,24,26,39,44
2016-10-12,12,21,22,38,42,43
2016-10-16,10,15,16,18,22,42
2016-10-19,12,16,21,25,37,44
2016-10-23,1,5,17,22,24,45
2016-10-26,18,23,24,25,38,45
2016-10-30,3,6,9,14,19,40
2016-11-02,6,16,26,28,39,40
2016-11-06,10,11,24,30,32,33
2016-11-09,9,11,24,32,35,38
2016-11-13,1,20,23,24,25,36
2016-11-16,6,7,21,25,27,37
2016-11-20,1,4,6,30,41,45
2016-11-23,1,10,13,16,18,32
2016-11-27,1,5,11,12,14,22
2016-11-30,14,18,21,26,28,34
2016-12-04,1,15,17,30,38,41
2016-12-07,6,22,28,31,40,44
2016-12-11,7,12,21,23,26,44
2016-12-14,1,5,9,11,21,40
2016-12-18,5,12,18,21,29,43
2016-12-21,4,6,9,11,16,39
2016-12-25,8,9,12,28,29,41
2016-12-28,1,12,24,36,40,44
2017-01-01,4,9,15,16,23,41
2017-01-04,5,12,25,32,40,41
2017-01-08,6,13,23,27,37,40
2017-01-11,3,8,17,20,33,36
2017-01-15,12,24,25,30,39,44
2017-01-18,1,20,21,31,32,33
2017-01-22,6,13,24,26,31,44
2017-01-25,3,22,36,38,44,45
2017-01-29,11,15,21,29,32,41
2017-02-01,7,11,23,26,29,31
2017-02-05,2,9,17,23,38,41
2017-02-08,16,20,24,25,38,42
2017-02-12,19,20,25,33,35,43
2017-02-15,9,14,23,30,31,44
2017-02-19,6,7,23,24,35,39
2017-02-22,3,27,29,31,37,38
2017-02-26,9,11,15,17,28,39
2017-03-01,5,8,16,30,33,43
2017-03-05,8,17,24,31,34,45
2017-03-08,2,5,14,21,29,36
2017-03-12,4,7,25,33,40,41
2017-03-15,1,5,14,21,22,42
2017-03-19,5,8,15,18,21,37
2017-03-22,3,9,14,23,35,36
2017-03-26,18,21,25,33,39,42
2017-03-29,13,16,23,25,31,36
2017-04-02,13,25,32,37,39,44
2017-04-05,16,19,29,33,41,43
2017-04-09,9,12,13,16,34,42
2017-04-12,4,35,36,38,40,44
2017-04-16,3,5,10,24,29,42
2017-04-19,10,11,16,27,39,42
2017-04-23,6,19,22,28,30,39
2017-04-26,3,5,20,31,37,44
2017-04-30,10,23,24,26,34,42
2017-05-03,2,10,16,21,31,39
2017-05-07,2,4,12,17,36,43
2017-05-10,1,9,15,26,29,38
2017-05-14,6,17,25,38,40,45
2017-05-17,2,17,29,33,37,42
2017-05-21,9,11,16,22,38,44
2017-05-24,1,2,16,41,44,45
2017-05-28,9,10,12,27,30,38
2017-05-31,1,9,13,23,34,37
2017-06-04,1,4,7,15,33,41
2017-06-07,2,4,8,26,42,44
2017-06-11,5,12,20,23,31,44
2017-06-14,4,14,24,25,27,39
2017-06-18,16,22,31,38,40,45
2017-06-21,4,14,25,32,40,43
2017-06-25,1,5,17,23,35,45
2017-06-28,7,22,26,32,38,44
2017-07-02,3,8,13,18,26,41
2017-07-05,2,4,11,26,34,40
2017-07-09,4,11,14,32,43,44
2017-07-12,4,5,18,19,24,43
2017-07-16,10,13,22,24,37,41
2017-07-19,1,2,3,11,19,36
2017-07-23,2,4,10,21,28,31
2017-07-26,6,14,21,26,29,45
2017-07-30,14,18,22,26,27,42
2017-08-02,4,7,10,30,41,45
2017-08-06,2,5,11,13,21,33
2017-08-09,7,10,18,24,27,40
2017-08-13,2,7,10,12,26,29
2017-08-16,7,9,14,23,24,26
2017-08-20,1,5,6,8,29,43
2017-08-23,12,14,17,24,28,44
2017-08-27,1,3,5,12,23,31
2017-08-30,4,7,24,25,33,37
2017-09-03,13,23,25,27,29,43
2017-09-06,6,7,9,28,41,42
2017-09-10,20,26,32,34,35,43
2017-09-13,2,17,20,23,27,39
2017-09-17,9,10,12,23,27,32
2017-09-20,1,6,9,28,40,45
2017-09-24,4,13,14,16,28,36
2017-09-27,5,10,12,23,24,36
2017-10-01,7,10,19,27,28,43
2017-10-04,10,16,21,27,42,45
2017-10-08,9,13,23,28,31,36
2017-10-11,9,17,30,31,32,36
2017-10-15,4,8,10,17,24,33
2017-10-18,10,12,19,21,23,36
2017-10-22,5,15,18,32,33,34
2017-10-25,9,16,21,32,36,45
2017-10-29,1,19,21,29,40,44
2017-11-01,3,12,28,32,35,41
2017-11-05,3,11,15,20,34,36
2017-11-08,8,9,19,26,30,31
2017-11-12,11,12,16,20,33,37
2017-11-15,13,29,33,36,38,41
2017-11-19,10,13,16,26,29,33
2017-11-22,8,13,19,27,40,42
2017-11-26,5,7,8,17,23,36
2017-11-29,1,3,7,17,36,38
2017-12-03,5,8,18,19,24,30
2017-12-06,3,14,17,18,41,44
2017-12-10,8,26,27,32,34,43
2017-12-13,7,13,26,33,34,41
2017-12-17,6,11,16,22,29,36
2017-12-20,5,16,37,38,41,45
2017-12-24,12,38,39,40,41,45
2017-12-27,2,5,16,19,21,28
2017-12-31,2,4,7,8,9,17
2018-01-03,13,14,28,33,39,41
2018-01-07,5,19,22,32,42,45
2018-01-10,6,18,21,34,40,44
2018-01-14,5,13,35,36,37,39
2018-01-17,3,15,17,29,40,45
2018-01-21,6,14,26,35,38,42
2018-01-24,8,18,21,27,33,35
2018-01-28,13,18,30,35,39,41
2018-01-31,2,9,13,18,23,33
2018-02-04,1,4,18,34,38,39
2018-02-07,5,25,28,30,40,44
2018-02-11,3,9,18,22,27,32
2018-02-14,7,24,29,30,33,38
2018-02-18,2,17,22,26,32,33
2018-02-21,3,12,17,22,24,33
2018-02-25,8,22,27,32,40,44
2018-02-28,11,27,28,29,40,45
2018-03-04,2,4,17,22,26,35
2018-03-07,5,15,22,32,36,43
2018-03-11,6,9,20,27,38,44
2018-03-14,5,12,28,37,44,45
2018-03-18,1,15,38,40,41,42
2018-03-21,12,18,23,29,32,43
2018-03-25,1,10,37,43,44,45
2018-03-28,6,9,14,19,27,39
2018-04-01,5,21,29,31,35,39
2018-04-04,10,14,16,23,37,43
2018-04-08,6,7,16,32,35,43
2018-04-11,18,23,26,27,39,41
2018-04-15,6,9,17,19,21,27
2018-04-18,1,8,14,36,40,42
2018-04-22,3,4,15,17,35,36
2018-04-25,4,5,8,17,33,40
2018-04-29,15,19,32,36,39,44
2018-05-02,5,18,20,28,35,39
2018-05-06,4,5,6,35,37,40
2018-05-09,5,7,11,14,15,27
2018-05-13,1,24,26,28,35,43
2018-05-16,9,14,15,21,30,45
2018-05-20,1,2,3,23,32,38
2018-05-23,5,8,12,14,17,39
2018-05-27,10,13,17,18,21,25
2018-05-30,14,17,33,36,37,45
2018-06-03,3,5,8,16,17,40
2018-06-06,4,12,13,32,37,44
2018-06-10,13,29,35,39,40,43
2018-06-13,4,29,38,42,44,45
2018-06-17,3,12,13,18,20,45
2018-06-20,7,13,23,30,33,40
2018-06-24,7,9,14,19,20,34
2018-06-27,3,9,10,23,31,39
2018-07-01,6,7,12,32,39,44
2018-07-04,2,6,9,19,30,31
2018-07-08,9,20,28,34,42,45
2018-07-11,13,19,24,26,27,41
2018-07-15,1,5,20,28,29,39
2018-07-18,2,9,21,37,43,45
2018-07-22,12,24,33,35,40,44
2018-07-25,7,12,14,15,42,45
2018-07-29,10,16,18,20,29,41
2018-08-01,8,15,29,33,40,44
2018-08-05,2,5,6,16,17,26
2018-08-08,6,11,14,17,24,32
2018-08-12,7,29,30,35,37,40
2018-08-15,8,18,23,27,37,44
2018-08-19,2,4,12,14,34,44
2018-08-22,20,23,28,33,42,43
2018-08-26,8,10,16,17,36,42
2018-08-29,4,10,28,31,40,44
2018-09-02,1,17,28,34,36,39
2018-09-05,1,5,18,33,34,44
2018-09-09,11,21,25,34,35,45
2018-09-12,1,9,12,17,20,41
2018-09-16,7,14,16,32,43,44
2018-09-19,7,20,21,25,27,28
2018-09-23,12,19,24,27,30,40
2018-09-26,20,22,26,35,37,43
2018-09-30,3,7,11,12,21,44
2018-10-03,13,17,23,33,35,45
2018-10-07,1,17,24,26,34,37
2018-10-10,8,13,20,22,24,44
2018-10-14,4,10,13,16,21,35
2018-10-17,11,24,28,29,32,43
2018-10-21,2,4,14,19,35,44
2018-10-24,9,15,16,18,28,38
2018-10-28,12,15,16,33,34,42
2018-10-31,1,10,13,16,24,27
2018-11-04,6,8,12,25,39,41
2018-11-07,18,26,28,29,31,43
2018-11-11,2,23,31,32,36,40
2018-11-14,1,4,10,37,43,44
2018-11-18,2,17,35,37,39,43
2018-11-21,5,8,21,26,28,36
2018-11-25,4,7,14,18,21,45
2018-11-28,3,12,27,28,35,36
2018-12-02,3,10,13,18,30,34
2018-12-05,6,12,27,30,32,33
2018-12-09,8,20,27,29,32,38
2018-12-12,4,15,19,22,34,41
2018-12-16,7,19,27,31,33,35
2018-12-19,22,23,27,29,35,44
2018-12-23,12,18,24,27,28,41
2018-12-26,3,4,23,27,35,38
2018-12-30,8,13,21,27,29,33
2019-01-02,13,16,26,27,38,42
2019-01-06,3,11,25,27,29,41
2019-01-09,5,14,30,31,36,41
2019-01-13,5,14,25,37,40,45
2019-01-16,11,14,18,30,32,35
2019-01-20,4,6,24,30,31,43
2019-01-23,5,6,14,27,30,40
2019-01-27,4,24,25,29,30,34
2019-01-30,2,3,13,21,25,26
2019-02-03,2,10,14,20,33,42
2019-02-06,4,16,22,24,33,38
2019-02-10,4,29,36,37,41,45
2019-02-13,8,9,14,17,34,40
2019-02-17,2,4,25,26,36,40
2019-02-20,7,8,13,24,28,40
2019-02-24,4,10,17,19,24,35
2019-02-27,5,7,16,25,33,42
2019-03-03,4,25,30,31,34,38
2019-03-06,9,18,19,37,38,45
2019-03-10,15,16,20,22,31,39
2019-03-13,7,13,22,26,38,41
2019-03-17,2,6,9,13,24,29
2019-03-20,14,17,25,32,42,44
2019-03-24,8,11,17,18,21,41
2019-03-27,7,16,32,34,43,45
2019-03-31,1,6,7,17,43,45
2019-04-03,8,11,18,27,28,43
2019-04-07,5,12,23,35,36,38
2019-04-10,5,19,20,21,23,37
2019-04-14,9,15,17,20,27,44
2019-04-17,13,17,27,29,34,40
2019-04-21,2,17,25,32,41,42
2019-04-24,5,8,14,19,35,37
2019-04-28,3,6,22,26,27,42
2019-05-01,8,18,22,33,42,44
2019-05-05,4,26,29,32,37,43
2019-05-08,9,15,17,18,29,30
2019-05-12,1,16,28,30,34,41
2019-05-15,2,6,8,9,15,38
2019-05-19,2,7,11,16,32,40
2019-05-22,9,13,19,29,39,42
2019-05-26,12,27,30,34,35,43
2019-05-29,10,13,23,25,33,44
2019-06-02,7,11,20,22,36,43
2019-06-05,3,6,7,10,16,29
2019-06-09,4,5,20,23,34,35
2019-06-12,7,11,12,30,31,42
2019-06-16,5,11,13,17,31,37
2019-06-19,3,9,14,30,38,45
2019-06-23,2,5,30,32,40,44
2019-06-26,2,8,17,24,40,42
2019-06-30,2,14,21,26,27,35
2019-07-03,3,4,22,30,34,36
2019-07-07,1,14,19,37,39,41
2019-07-10,4,7,30,33,35,43
2019-07-14,8,18,25,29,34,36
2019-07-17,20,27,32,34,36,44
2019-07-21,9,22,23,32,36,37
2019-07-24,14,18,26,28,35,40
2019-07-28,1,5,21,28,37,44
2019-07-31,13,21,22,32,35,36
2019-08-04,6,13,21,22,28,35
2019-08-07,1,5,8,27,40,41
2019-08-11,3,4,12,33,36,44
2019-08-14,9,21,22,23,39,40
2019-08-18,3,5,11,20,37,41
2019-08-21,31,38,40,42,44,45
2019-08-25,1,13,17,31,34,43
2019-08-28,4,9,14,30,33,36
2019-09-01,7,21,27,32,38,39
2019-09-04,2,7,10,24,30,41
2019-09-08,3,6,14,16,27,41
2019-09-11,11,13,19,20,24,45
2019-09-15,1,33,35,38,43,44
2019-09-18,2,6,10,13,18,36
2019-09-22,3,22,34,37,38,43
2019-09-25,3,10,16,29,31,34
2019-09-29,1,9,12,15,17,42
2019-10-02,10,15,36,38,43,44
2019-10-06,3,11,13,16,25,37
2019-10-09,24,27,35,36,40,44
2019-10-13,8,17,31,33,34,35
2019-10-16,8,10,17,21,24,29
2019-10-20,15,23,28,31,32,36
2019-10-23,8,20,22,28,36,44
2019-10-27,4,7,9,18,26,45
2019-10-30,11,12,24,27,33,40
2019-11-03,10,24,25,29,32,41
2019-11-06,1,12,19,26,37,43
2019-11-10,4,6,21,31,37,42
2019-11-13,1,3,7,19,21,34
2019-11-17,10,15,18,30,35,41
2019-11-20,1,4,5,24,42,45
2019-11-24,3,5,17,20,22,40
2019-11-27,5,19,35,36,40,41
2019-12-01,2,5,14,23,38,40
2019-12-04,14,21,27,32,41,44
2019-12-08,12,14,39,42,44,45
2019-12-11,1,9,20,28,30,39
2019-12-15,1,5,8,10,13,35
2019-12-18,8,11,16,21,37,42
2019-12-22,8,29,34,35,36,40
2019-12-25,15,17,21,31,33,37
2019-12-29,4,13,26,29,36,42
2020-01-01,1,10,23,27,30,42
2020-01-05,2,9,20,29,38,41
2020-01-08,7,22,27,29,34,44
2020-01-12,4,5,14,16,33,34
2020-01-15,1,13,20,23,30,40
2020-01-19,2,15,26,42,44,45
2020-01-22,14,15,20,24,29,43
2020-01-26,1,11,14,15,25,30
2020-01-29,5,8,15,32,37,38
2020-02-02,13,22,24,30,37,43
2020-02-05,4,10,26,31,40,42
2020-02-09,1,9,11,13,26,36
2020-02-12,11,27,37,39,41,44
2020-02-16,2,12,20,21,29,34
2020-02-19,3,5,7,11,15,31
2020-02-23,20,27,31,33,34,38
2020-02-26,1,9,37,38,42,43
2020-03-01,7,17,24,27,35,43
2020-03-04,10,11,17,22,30,40
2020-03-08,11,24,27,33,35,43
2020-03-11,16,21,22,35,40,41
2020-03-15,10,13,15,16,21,39
2020-03-18,1,3,19,27,30,37
2020-03-22,1,5,12,17,36,41
2020-03-25,2,4,13,23,42,44
2020-03-29,13,16,19,28,31,38
2020-04-01,10,13,25,31,35,38
2020-04-05,1,2,18,19,39,41
2020-04-08,1,12,27,28,31,44
2020-04-12,6,11,15,31,36,38
2020-04-15,11,15,24,32,39,43
2020-04-19,6,13,32,34,39,42
2020-04-22,2,8,18,31,33,38
2020-04-26,4,5,8,13,20,28
2020-04-29,2,10,11,12,27,32
2020-05-03,2,7,13,14,28,35
2020-05-06,3,5,6,20,27,40
2020-05-10,5,13,15,27,29,42
2020-05-13,9,17,21,23,24,26
2020-05-17,6,8,12,16,33,45
2020-05-20,2,16,33,36,42,43
2020-05-24,10,21,26,29,31,42
2020-05-27,5,7,15,36,38,43
2020-05-31,5,14,15,16,33,35
2020-06-03,19,34,35,39,40,44
2020-06-07,2,3,4,9,24,36
2020-06-10,2,11,22,31,41,44
2020-06-14,5,6,10,13,29,38
2020-06-17,23,28,37,39,42,44
2020-06-21,1,10,12,24,32,35
2020-06-24,1,8,23,30,32,43
2020-06-28,1,3,7,16,25,44
2020-07-01,2,11,21,27,37,39
2020-07-05,6,10,12,27,32,37
2020-07-08,7,18,20,22,34,35
2020-07-12,4,15,32,33,42,43
2020-07-15,5,19,24,25,31,39
2020-07-19,3,9,14,24,34,41
2020-07-22,10,15,30,33,34,41
2020-07-26,7,12,13,25,26,42
2020-07-29,14,18,20,31,35,41
2020-08-02,2,7,22,23,28,36
2020-08-05,6,13,18,22,27,38
2020-08-09,3,5,7,19,27,36
2020-08-12,10,16,28,33,36,44
2020-08-16,2,5,23,24,34,41
2020-08-19,3,4,8,16,22,29
2020-08-23,3,6,11,17,20,40
2020-08-26,7,9,27,34,44,45
2020-08-30,2,5,9,13,28,33
2020-09-02,1,3,12,19,21,31
2020-09-06,10,14,30,37,38,39
2020-09-09,7,10,11,15,29,35
2020-09-13,5,6,14,15,20,30
2020-09-16,2,7,8,14,24,29
2020-09-20,4,21,25,35,38,42
2020-09-23,9,10,11,16,22,36
2020-09-27,15,17,21,35,41,45
2020-09-30,2,6,7,28,31,44
2020-10-04,5,27,28,34,39,45
2020-10-07,5,6,23,31,39,43
2020-10-11,2,7,13,22,27,39
2020-10-14,7,14,18,23,43,45
2020-10-18,8,17,25,35,39,40
2020-10-21,4,12,13,27,36,44
2020-10-25,1,5,26,29,31,36
2020-10-28,10,14,18,20,24,40
2020-11-01,10,11,16,29,36,44
2020-11-04,9,20,29,40,41,43
2020-11-08,12,13,16,24,34,41
2020-11-11,2,17,23,35,42,44
2020-11-15,8,9,10,15,16,17
2020-11-18,4,12,22,23,26,37
2020-11-22,3,21,24,29,32,33
2020-11-25,4,18,24,30,31,44
2020-11-29,2,11,15,29,43,45
2020-12-02,1,9,11,22,26,42
2020-12-06,10,22,24,33,35,39
2020-12-09,13,27,30,34,35,37
2020-12-13,7,17,20,31,34,43
2020-12-16,8,24,29,32,41,45
2020-12-20,3,4,6,14,22,41
2020-12-23,7,19,31,35,37,45
2020-12-27,19,31,36,37,43,45
2020-12-30,2,3,17,31,39,40
2021-01-03,1,14,16,20,30,44
2021-01-06,2,14,16,40,41,45
2021-01-10,3,5,10,11,13,25
2021-01-13,3,10,12,13,23,31
2021-01-17,1,2,3,36,37,38
2021-01-20,2,6,9,18,20,32
2021-01-24,7,10,15,29,31,40
2021-01-27,3,9,15,26,36,41
2021-01-31,14,20,21,37,40,41
2021-02-03,6,10,11,13,37,42
2021-02-07,4,22,25,31,42,45
2021-02-10,1,9,15,17,26,28
2021-02-14,13,14,17,28,30,44
2021-02-17,9,14,15,17,36,43
2021-02-21,4,8,20,28,36,38
2021-02-24,18,20,30,34,36,41
2021-02-28,2,15,19,22,26,39
2021-03-03,1,8,14,15,30,44
2021-03-07,4,13,22,33,36,44
2021-03-10,2,4,10,29,35,42
2021-03-14,1,4,19,21,23,26
2021-03-17,10,27,39,40,42,43
2021-03-21,5,17,26,27,29,36
2021-03-24,17,20,32,37,38,39
2021-03-28,3,6,23,24,29,37
2021-03-31,2,4,16,22,40,44
2021-04-04,7,10,20,37,40,43
2021-04-07,1,4,9,26,41,45
2021-04-11,9,18,22,24,27,37
2021-04-14,7,14,16,26,41,43
2021-04-18,1,3,27,30,40,45
2021-04-21,14,21,26,28,33,38
2021-04-25,10,22,27,30,33,42
2021-04-28,9,10,12,19,28,45
2021-05-02,5,7,15,21,34,37
2021-05-05,4,9,14,20,27,41
2021-05-09,9,24,34,39,40,43
2021-05-12,8,10,28,36,39,40
2021-05-16,9,10,16,18,19,22
2021-05-19,4,11,25,27,36,43
2021-05-23,9,10,21,26,40,43
2021-05-26,8,11,18,29,36,44
2021-05-30,2,10,17,20,29,42
2021-06-02,8,10,14,17,27,40
2021-06-06,5,13,27,32,35,40
2021-06-09,14,18,29,35,40,44
2021-06-13,18,22,27,35,37,38
2021-06-16,22,23,31,35,37,39
2021-06-20,5,6,21,28,37,45
2021-06-23,3,4,22,28,34,43
2021-06-27,8,9,16,27,28,39
2021-06-30,5,11,16,17,26,40
2021-07-04,18,22,38,39,43,45
2021-07-07,12,23,29,31,33,45
2021-07-11,2,3,8,15,22,32
2021-07-14,3,8,14,23,34,36
2021-07-18,8,11,12,16,25,34
2021-07-21,1,4,12,29,31,38
2021-07-25,12,34,38,41,43,44
2021-07-28,1,7,10,18,23,42
2021-08-01,16,27,30,31,41,45
2021-08-04,10,20,21,31,35,37
2021-08-08,9,14,16,20,24,30
2021-08-11,4,13,19,23,25,29
2021-08-15,8,22,33,36,43,44
2021-08-18,11,15,22,23,26,36
2021-08-22,1,6,26,37,38,42
2021-08-25,12,14,16,18,24,38
2021-08-29,11,15,21,29,30,33
2021-09-01,3,18,27,33,36,37
2021-09-05,23,25,35,37,39,42
2021-09-08,1,9,14,16,36,41
2021-09-12,11,20,22,30,39,45
2021-09-15,6,20,24,26,36,40
2021-09-19,10,18,22,34,35,43
2021-09-22,13,16,20,37,39,42
2021-09-26,2,3,16,26,32,33
2021-09-29,2,3,19,28,42,44
2021-10-03,2,3,18,24,33,43
2021-10-06,17,18,19,20,26,44
2021-10-10,4,10,24,26,29,41
2021-10-13,4,13,17,19,22,27
2021-10-17,3,4,12,24,25,34
2021-10-20,3,6,11,19,25,26
2021-10-24,28,29,37,39,41,43
2021-10-27,2,7,27,32,37,45
2021-10-31,9,15,18,25,32,33
2021-11-03,5,6,12,25,30,41
2021-11-07,2,24,25,29,35,41
2021-11-10,16,28,33,36,42,45
2021-11-14,7,18,28,30,41,42
2021-11-17,12,15,23,29,34,42
2021-11-21,6,17,19,25,27,43
2021-11-24,3,4,5,10,18,28
2021-11-28,1,3,22,35,36,38
2021-12-01,1,6,12,14,37,38
2021-12-05,5,13,30,31,37,42
2021-12-08,1,9,16,24,26,32
2021-12-12,6,9,11,29,40,45
2021-12-15,21,22,25,26,29,36
2021-12-19,6,17,28,32,34,39
2021-12-22,14,23,29,30,35,40
2021-12-26,5,9,19,27,30,43
2021-12-29,5,7,9,25,36,42
2022-01-02,2,4,11,12,19,40
2022-01-05,6,20,25,26,43,45
2022-01-09,12,15,16,22,33,44
2022-01-12,1,6,15,16,27,30
2022-01-16,3,5,19,28,41,44
2022-01-19,3,7,20,23,36,39
2022-01-23,8,23,28,29,43,45
2022-01-26,12,16,17,27,37,40
2022-01-30,11,22,24,32,34,41
2022-02-02,12,20,22,25,26,38
2022-02-06,1,24,29,33,37,38
2022-02-09,9,11,22,23,26,31
2022-02-13,4,22,27,29,38,42
2022-02-16,9,12,13,16,29,35
2022-02-20,3,7,13,19,23,35
2022-02-23,16,19,23,30,34,45
2022-02-27,8,21,23,26,30,37
2022-03-02,15,23,28,30,36,37
2022-03-06,4,9,34,39,40,42
2022-03-09,2,20,24,26,33,34
2022-03-13,12,13,15,28,31,37
2022-03-16,1,23,26,31,40,42
2022-03-20,3,6,7,12,36,43
2022-03-23,1,8,16,23,31,43
2022-03-27,1,7,26,30,37,39
2022-03-30,6,10,21,37,38,41
2022-04-03,4,9,12,16,29,38
2022-04-06,10,21,26,30,37,44
2022-04-10,3,12,13,25,38,41
2022-04-13,2,17,25,29,33,44
2022-04-17,5,14,17,21,26,32
2022-04-20,1,12,13,21,34,44
2022-04-24,2,3,21,26,41,45
2022-04-27,1,5,16,19,38,40
2022-05-01,10,14,19,26,40,43
2022-05-04,15,22,29,30,31,32
2022-05-08,4,5,10,17,27,29
2022-05-11,3,4,7,12,24,25
2022-05-15,2,26,29,30,37,43
2022-05-18,2,5,14,15,29,36
2022-05-22,6,8,15,29,35,37
2022-05-25,10,14,15,22,35,40
2022-05-29,3,4,8,22,44,45
2022-06-01,16,18,25,28,31,33
2022-06-05,4,8,15,22,34,43
2022-06-08,2,13,15,18,27,32
2022-06-12,4,7,13,15,30,44
2022-06-15,2,9,11,16,36,39
2022-06-19,4,5,25,31,37,43
2022-06-22,10,14,15,32,35,38
2022-06-26,5,18,31,32,35,40
2022-06-29,1,11,26,28,31,43
2022-07-03,4,5,27,32,35,42
2022-07-06,17,22,29,31,36,43
2022-07-10,10,18,20,27,31,35
2022-07-13,11,15,24,31,32,39
2022-07-17,9,10,26,33,41,45
2022-07-20,7,13,15,16,28,34
2022-07-24,11,12,15,18,36,45
2022-07-27,23,26,34,36,41,42
2022-07-31,3,9,10,36,43,45
2022-08-03,4,9,11,23,34,43
2022-08-07,3,12,26,27,34,38
2022-08-10,7,12,18,26,32,33
2022-08-14,3,7,15,18,40,43
2022-08-17,6,23,28,32,36,43
2022-08-21,3,9,22,31,37,44
2022-08-24,7,25,33,37,38,45
2022-08-28,7,11,13,22,25,41
2022-08-31,2,12,17,31,39,45
2022-09-04,13,17,21,28,37,44
2022-09-07,11,27,32,34,36,41
2022-09-11,5,11,17,21,22,39
2022-09-14,22,34,35,36,39,43
2022-09-18,2,3,21,28,29,37
2022-09-21,14,16,19,30,36,38
2022-09-25,6,7,14,16,21,30
2022-09-28,1,3,8,21,22,31
2022-10-02,9,21,26,31,36,44
2022-10-05,4,5,15,30,33,44
2022-10-09,6,11,19,30,39,40
2022-10-12,4,14,17,30,39,44
2022-10-16,3,5,32,33,40,44
2022-10-19,2,24,27,29,36,38
2022-10-23,6,8,10,18,30,44
2022-10-26,1,3,9,12,35,36
2022-10-30,2,7,8,14,18,35
2022-11-02,6,12,28,36,38,43
2022-11-06,1,10,21,27,28,29
2022-11-09,1,4,6,28,40,42
2022-11-13,6,14,26,33,35,41
2022-11-16,4,15,16,17,28,42
2022-11-20,2,6,14,22,38,42
2022-11-23,8,24,25,29,34,36
2022-11-27,2,4,12,14,42,44
2022-11-30,10,18,28,35,41,44
2022-12-04,3,19,21,24,29,38
2022-12-07,14,19,32,34,35,37
2022-12-11,4,11,20,28,31,42
2022-12-14,10,14,16,31,33,37
2022-12-18,2,10,13,20,24,36
2022-12-21,2,11,17,38,39,43
2022-12-25,1,10,23,30,32,40
2022-12-28,14,18,22,26,33,40
2023-01-01,4,15,20,23,31,39
2023-01-04,27,28,35,36,41,45
2023-01-08,1,5,8,29,41,45
2023-01-11,10,11,19,21,34,45
2023-01-15,9,12,20,31,34,39
2023-01-18,8,20,25,27,33,34
2023-01-22,9,12,27,32,35,39
2023-01-25,17,22,26,27,33,34
2023-01-29,17,18,19,24,35,36
2023-02-01,3,4,6,9,18,19
2023-02-05,5,8,11,21,39,42
2023-02-08,30,38,42,43,44,45
2023-02-12,14,15,28,30,37,42
2023-02-15,4,13,21,27,42,44
2023-02-19,1,12,16,17,21,25
2023-02-22,17,18,25,27,36,44
2023-02-26,13,14,30,32,37,44
2023-03-01,14,19,31,33,42,44
2023-03-05,6,19,37,39,41,42
2023-03-08,1,5,10,17,25,29
2023-03-12,13,25,28,34,35,44
2023-03-15,5,6,11,14,40,44
2023-03-19,15,16,24,26,31,36
2023-03-22,6,21,23,31,35,40
2023-03-26,5,11,14,28,35,37
2023-03-29,15,19,28,32,40,43
2023-04-02,5,20,21,37,40,42
2023-04-05,10,14,21,24,29,45
2023-04-09,17,22,23,28,32,37
2023-04-12,12,16,20,26,27,37
2023-04-16,14,19,28,29,38,39
2023-04-19,4,21,27,28,38,40
2023-04-23,10,12,17,20,25,30
2023-04-26,1,2,6,8,17,22
2023-04-30,6,8,13,22,35,41
2023-05-03,14,17,27,28,44,45
2023-05-07,3,10,20,38,40,42
2023-05-10,5,8,17,18,26,31
2023-05-14,7,10,23,28,40,41
2023-05-17,2,8,11,21,25,26
2023-05-21,10,13,14,30,36,43
2023-05-24,2,16,28,32,36,41
2023-05-28,12,22,23,27,33,42
2023-05-31,7,8,18,23,38,42
2023-06-04,3,4,15,19,30,31
2023-06-07,3,5,21,23,30,31
2023-06-11,2,10,11,16,24,37
2023-06-14,5,10,22,24,26,33
2023-06-18,1,3,11,19,22,41
2023-06-21,3,4,7,20,26,40
2023-06-25,2,5,21,23,27,28
2023-06-28,8,10,12,27,41,42
2023-07-02,9,19,20,33,37,42
2023-07-05,1,3,5,12,22,29
2023-07-09,4,6,8,13,14,20
2023-07-12,1,10,30,41,42,44
2023-07-16,4,23,30,34,40,42
2023-07-19,1,12,20,25,38,40
2023-07-23,5,11,12,14,30,37
2023-07-26,7,9,11,12,13,41
2023-07-30,3,7,11,33,36,37
2023-08-02,1,5,10,15,19,37
2023-08-06,5,10,11,19,37,45
2023-08-09,3,6,7,22,24,35
2023-08-13,1,9,20,28,36,41
2023-08-16,3,21,24,33,34,36
2023-08-20,3,22,28,33,37,45
2023-08-23,8,15,19,22,26,37
2023-08-27,19,20,29,32,36,45
2023-08-30,11,12,21,22,28,37
2023-09-03,3,6,11,12,17,20
2023-09-06,8,11,19,24,31,38
2023-09-10,17,20,34,39,40,44
2023-09-13,5,6,20,29,31,38
2023-09-17,19,25,29,33,35,44
2023-09-20,3,8,9,13,29,33
2023-09-24,8,19,21,22,28,41
2023-09-27,1,4,13,24,30,44
2023-10-01,8,15,22,29,35,42
2023-10-04,7,12,21,25,36,41
2023-10-08,1,11,16,23,30,37
2023-10-11,10,24,32,34,35,42
2023-10-15,6,7,8,18,19,41
2023-10-18,6,19,27,32,35,44
2023-10-22,2,5,13,30,33,42
2023-10-25,3,16,33,34,38,45
2023-10-29,1,6,12,19,23,38
2023-11-01,2,6,23,26,37,38
2023-11-05,7,8,24,34,38,45
2023-11-08,4,6,7,15,24,37
2023-11-12,3,7,16,22,35,41
2023-11-15,1,2,7,28,37,42
2023-11-19,18,27,32,35,39,45
2023-11-22,12,13,22,32,40,41
2023-11-26,9,11,19,20,30,31
2023-11-29,6,29,31,35,40,42
2023-12-03,7,14,25,38,41,42
2023-12-06,16,20,24,25,27,35
2023-12-10,8,13,20,25,27,42
2023-12-13,9,11,13,29,31,44
2023-12-17,1,8,12,20,29,42
2023-12-20,9,18,20,32,37,45
2023-12-24,2,19,21,25,27,38
2023-12-27,3,14,30,32,35,38
2023-12-31,13,16,20,21,26,30
2024-01-03,3,8,13,23,27,44
2024-01-07,2,6,27,28,39,44
2024-01-10,3,20,24,32,40,42
2024-01-14,4,5,24,27,30,34
2024-01-17,6,7,15,23,25,29
2024-01-21,1,2,10,14,39,40
2024-01-24,5,22,30,32,41,42
2024-01-28,4,10,16,25,36,38
2024-01-31,1,9,15,23,25,40
2024-02-04,4,16,23,26,29,44
2024-02-07,2,6,7,8,10,40
2024-02-11,3,11,24,28,37,42
2024-02-14,11,24,26,31,36,44
2024-02-18,8,11,13,19,36,45
2024-02-21,6,9,10,19,22,35
2024-02-25,13,15,19,34,38,40
2024-02-28,1,9,14,20,27,39
2024-03-03,7,9,20,23,31,32
2024-03-06,5,8,9,10,25,45
2024-03-10,6,11,19,27,32,41
2024-03-13,9,11,18,24,34,42
2024-03-17,5,7,8,18,33,43
2024-03-20,3,8,25,26,37,44
2024-03-24,3,12,23,27,35,43
2024-03-27,12,18,21,36,38,42
2024-03-31,7,10,13,36,43,45
2024-04-03,6,12,23,42,43,45
2024-04-07,3,8,9,17,43,45
2024-04-10,15,20,21,22,33,44
2024-04-14,6,9,17,29,33,35
2024-04-17,6,24,28,31,32,44
2024-04-21,6,10,13,22,33,42
2024-04-24,8,18,19,27,32,38
2024-04-28,18,19,26,32,33,45
2024-05-01,1,7,23,34,39,42
2024-05-05,9,13,20,26,34,39
2024-05-08,4,12,14,20,26,34
2024-05-12,18,21,22,29,40,43
2024-05-15,5,26,27,28,37,42
2024-05-19,7,14,23,26,29,40
2024-05-22,6,8,20,37,39,42
2024-05-26,11,27,28,32,35,36
2024-05-29,1,4,21,31,39,42
2024-06-02,2,11,20,37,43,44
2024-06-05,3,8,11,20,23,28
2024-06-09,13,17,24,29,38,44
2024-06-12,6,11,24,25,30,34
2024-06-16,1,4,10,13,25,44
2024-06-19,6,10,13,28,30,31
2024-06-23,12,29,34,36,37,38
2024-06-26,5,12,13,24,29,35
2024-06-30,1,10,29,32,33,36
2024-07-03,9,12,17,27,42,45
2024-07-07,4,18,30,32,41,45
2024-07-10,4,7,22,25,27,43
2024-07-14,11,14,17,29,42,43
2024-07-17,12,20,25,41,42,44
2024-07-21,12,13,26,29,33,37
2024-07-24,1,12,20,24,38,40
2024-07-28,14,27,39,41,42,43
2024-07-31,5,7,13,29,36,45
2024-08-04,9,10,11,35,36,40
2024-08-07,10,19,23,31,38,44
2024-08-11,19,20,25,36,38,40
2024-08-14,2,8,17,26,27,28
2024-08-18,3,31,35,36,42,45
2024-08-21,2,12,17,19,33,44
2024-08-25,2,8,11,15,31,38
2024-08-28,10,11,22,26,29,37
2024-09-01,7,9,13,20,42,45
2024-09-04,7,8,26,32,34,37
2024-09-08,1,10,27,35,43,45
2024-09-11,22,23,25,26,34,40
2024-09-15,13,14,16,28,34,37
2024-09-18,1,3,11,12,30,36
2024-09-22,13,17,22,23,33,44
2024-09-25,1,3,7,9,23,36
2024-09-29,11,21,24,26,31,32
2024-10-02,14,16,26,27,31,39
2024-10-06,6,13,26,28,34,38
2024-10-09,1,14,15,28,29,30
2024-10-13,2,14,16,26,40,42
2024-10-16,9,15,26,33,36,40
2024-10-20,8,10,24,29,37,38
2024-10-23,2,5,20,22,24,39
2024-10-27,7,12,29,39,40,43
2024-10-30,2,18,20,23,32,39
2024-11-03,13,20,21,35,41,44
2024-11-06,6,7,22,27,28,43
2024-11-10,4,6,10,26,33,35
2024-11-13,1,5,6,9,19,41
2024-11-17,8,9,25,30,35,44
2024-11-20,12,19,27,29,30,40
2024-11-24,8,11,15,17,24,25
2024-11-27,1,9,11,20,23,32
2024-12-01,6,8,16,30,33,43
2024-12-04,2,21,29,33,37,40
2024-12-08,9,17,18,21,29,42
2024-12-11,2,3,6,12,24,28
2024-12-15,4,10,12,23,40,45
2024-12-18,7,19,21,28,41,42
2024-12-22,2,5,7,8,37,41
2024-12-25,9,10,15,25,27,39
2024-12-29,6,16,19,29,31,42
2025-01-01,12,13,18,23,31,35
2025-01-05,2,12,18,20,22,30
2025-01-08,1,16,19,38,42,43
2025-01-12,12,30,32,37,39,41
2025-01-15,16,17,23,27,36,40
2025-01-19,6,8,17,28,36,43
2025-01-22,16,25,32,34,39,41
2025-01-26,4,15,17,28,31,38
2025-01-29,7,8,14,22,27,35
2025-02-02,5,6,11,31,40,41
2025-02-05,12,20,28,31,40,42
2025-02-09,1,12,23,26,39,43
2025-02-12,1,17,18,23,24,45
2025-02-16,10,20,31,33,37,38
2025-02-19,8,11,17,19,26,36
2025-02-23,5,9,20,27,32,44
2025-02-26,2,5,13,17,21,42
2025-03-02,15,24,26,30,33,45
2025-03-05,3,15,19,23,28,31
2025-03-09,2,6,9,15,29,43
2025-03-12,3,4,5,9,22,44
2025-03-16,19,22,24,26,38,41
2025-03-19,2,6,36,37,42,45
2025-03-23,2,17,20,30,34,36
2025-03-26,2,9,19,20,22,34
2025-03-30,4,12,15,17,29,34
2025-04-02,1,9,25,26,30,35
2025-04-06,3,14,34,38,40,44
2025-04-09,2,12,20,29,39,43
2025-04-13,9,10,16,19,27,32
2025-04-16,1,2,4,7,9,32
2025-04-20,2,8,14,21,24,43
2025-04-23,10,13,14,16,21,29
2025-04-27,5,6,12,28,37,42
2025-04-30,1,7,29,39,43,44
2025-05-04,2,15,20,29,35,45
2025-05-07,5,7,11,21,24,36
2025-05-11,7,15,24,36,40,42
2025-05-14,4,7,20,26,30,32
2025-05-18,2,10,22,34,36,45
2025-05-21,19,20,22,27,33,35
2025-05-25,22,24,26,32,33,42
2025-05-28,9,14,24,28,31,33
2025-06-01,1,5,11,24,41,45
2025-06-04,9,16,19,26,28,38
2025-06-08,1,2,5,13,36,44
2025-06-11,3,16,20,30,35,39
2025-06-15,4,5,11,16,39,40
2025-06-18,16,18,19,23,27,40
2025-06-22,17,27,36,42,43,44
2025-06-25,8,11,20,25,32,39
2025-06-29,2,17,21,22,25,38
2025-07-02,2,3,6,23,37,41
2025-07-06,1,7,11,20,23,30
2025-07-09,2,5,8,13,27,32
2025-07-13,4,12,14,30,34,43
2025-07-16,7,19,21,29,37,44
2025-07-20,5,10,12,14,21,41
2025-07-23,11,21,25,32,33,42
2025-07-27,7,18,20,27,43,44
2025-07-30,16,27,32,36,37,39
2025-08-03,2,3,12,19,25,38
2025-08-06,11,12,25,28,31,34
2025-08-10,5,18,27,28,40,42
2025-08-13,4,11,17,27,30,43
2025-08-17,3,8,10,18,25,29
2025-08-20,3,4,8,9,18,42
2025-08-24,8,25,27,40,41,45
2025-08-27,1,8,19,25,30,45
2025-08-31,2,8,9,13,16,36
2025-09-03,4,10,24,31,38,45
2025-09-07,1,9,16,21,28,44
2025-09-10,8,12,15,28,37,40
2025-09-14,1,5,10,14,21,26
2025-09-17,5,13,16,19,23,36
2025-09-21,2,4,14,22,39,41
2025-09-24,12,15,20,23,44,45
2025-09-28,1,3,27,37,38,44
2025-10-01,2,3,20,21,22,34
2025-10-05,12,17,18,19,36,42
2025-10-08,10,22,29,34,39,41
2025-10-12,3,10,27,29,34,45
2025-10-15,2,12,13,14,30,40
2025-10-19,7,11,13,29,41,43
2025-10-22,9,11,29,37,40,44
2025-10-26,13,16,23,27,38,40
2025-10-29,1,8,34,37,40,43
2025-11-02,2,9,14,16,32,45
2025-11-05,13,20,21,31,43,44
2025-11-09,3,4,12,20,27,41
2025-11-12,1,2,23,27,33,35
2025-11-16,4,5,7,27,30,31
2025-11-19,7,8,10,16,32,33
2025-11-23,12,17,18,32,33,35
2025-11-26,5,6,28,33,37,44
2025-11-30,1,14,21,23,31,44
2025-12-03,2,3,17,18,27,41
2025-12-07,4,17,20,21,22,32
2025-12-10,6,8,17,20,27,44
2025-12-14,2,3,9,20,32,36
2025-12-17,6,19,24,36,38,41
2025-12-21,4,11,37,39,44,45
2025-12-24,4,14,29,36,41,42
2025-12-28,2,3,5,27,32,42
2025-12-31,6,7,23,31,38,43
2026-01-04,1,3,17,21,23,37
2026-01-07,9,27,30,31,41,45
2026-01-11,1,12,20,26,33,45
2026-01-14,10,13,15,29,43,44
2026-01-18,7,17,26,37,43,44
2026-01-21,2,4,9,12,14,44
2026-01-25,10,20,26,35,41,45
2026-01-28,3,19,24,25,32,40
2026-02-01,1,12,17,25,29,36
2026-02-04,1,9,16,21,25,45
2026-02-08,2,3,11,13,30,32
2026-02-11,7,17,22,23,30,43
2026-02-15,10,11,13,32,34,38
2026-02-18,1,6,17,24,29,34
2026-02-22,2,6,9,16,19,41
2026-02-25,14,16,20,26,30,37
2026-03-01,5,6,9,24,36,41
2026-03-04,10,17,27,32,34,37
2026-03-08,2,13,15,18,28,41
2026-03-11,10,12,23,29,31,44
2026-03-15,6,10,11,12,22,40
2026-03-18,6,18,20,26,37,39
2026-03-22,7,9,10,23,28,43
2026-03-25,6,12,16,19,27,37
2026-03-29,5,26,34,36,40,44
2026-04-01,6,19,20,24,29,37
2026-04-05,1,6,8,19,22,23
2026-04-08,8,9,22,23,31,36
2026-04-12,1,16,20,25,29,38
2026-04-15,17,26,31,33,38,44
2026-04-19,4,9,13,31,34,39
