Tirage,Numero 1,Numero 2,Numero 3,Numero 4,Numero 5,Numero 6,Bonus
2002-12-07,1,5,7,13,20,24,23
2002-12-11,2,6,12,28,35,37,17
2002-12-14,6,11,13,16,23,32,4
2002-12-18,3,15,30,32,36,37,28
2002-12-21,4,6,10,20,28,29,41
2002-12-25,4,7,32,37,42,45,28
2002-12-28,7,24,26,32,33,38,14
2003-01-01,3,6,9,16,41,45,39
2003-01-04,6,8,16,17,24,27,45
2003-01-08,5,6,8,22,24,36,36
2003-01-11,8,10,13,28,29,41,22
2003-01-15,4,15,16,36,39,43,3
2003-01-18,10,18,21,26,35,43,6
2003-01-22,1,7,8,13,20,31,40
2003-01-25,7,8,10,26,35,39,41
2003-01-29,10,21,23,26,34,42,14
2003-02-01,7,10,15,26,27,45,29
2003-02-05,4,19,22,23,30,34,4
2003-02-08,3,7,11,12,33,40,2
2003-02-12,8,12,22,26,31,38,31
2003-02-15,1,11,19,22,33,37,41
2003-02-19,18,24,27,28,31,40,44
2003-02-22,20,22,27,32,42,45,13
2003-02-26,10,11,20,32,35,38,10
2003-03-01,1,2,10,16,37,40,22
2003-03-05,5,6,12,22,38,39,25
2003-03-08,10,21,28,30,32,43,39
2003-03-12,8,10,14,18,26,32,36
2003-03-15,9,23,26,33,37,45,9
2003-03-19,6,22,32,37,38,44,44
2003-03-22,14,27,34,36,40,44,3
2003-03-26,2,7,14,20,25,42,31
2003-03-29,10,15,21,23,36,37,27
2003-04-02,1,4,12,31,43,44,2
2003-04-05,18,22,25,26,31,40,23
2003-04-09,1,13,16,17,31,41,40
2003-04-12,2,20,25,27,35,36,17
2003-04-16,1,2,10,16,26,33,15
2003-04-19,10,13,19,32,33,41,27
2003-04-23,2,15,22,35,42,44,17
2003-04-26,4,14,16,17,38,41,21
2003-04-30,3,5,16,20,28,37,11
2003-05-03,4,15,18,27,31,45,34
2003-05-07,4,9,10,14,28,34,15
2003-05-10,7,16,17,21,29,37,37
2003-05-14,8,12,21,37,39,42,5
2003-05-17,1,4,15,29,37,45,6
2003-05-21,7,11,19,38,42,43,35
2003-05-24,7,15,19,27,28,42,20
2003-05-28,1,17,18,28,41,44,10
2003-05-31,3,4,6,18,35,44,3
2003-06-04,1,26,27,33,34,36,40
2003-06-07,2,9,16,18,33,38,42
2003-06-11,1,12,32,38,39,40,19
2003-06-14,6,28,29,37,43,45,31
2003-06-18,6,22,23,24,28,39,37
2003-06-21,1,3,8,33,35,43,24
2003-06-25,14,23,24,25,42,44,12
2003-06-28,2,7,30,35,36,40,16
2003-07-02,4,17,26,31,33,44,15
2003-07-05,2,17,25,39,44,45,43
2003-07-09,8,13,14,28,35,41,19
2003-07-12,7,11,24,29,39,44,1
2003-07-16,9,19,23,39,43,44,11
2003-07-19,10,11,17,31,34,41,26
2003-07-23,2,6,10,24,37,40,18
2003-07-26,9,14,15,17,24,31,44
2003-07-30,3,14,19,20,21,22,24
2003-08-02,1,11,24,32,33,40,45
2003-08-06,16,24,26,32,34,35,24
2003-08-09,11,18,22,38,40,43,15
2003-08-13,6,20,21,23,32,38,41
2003-08-16,3,5,7,26,32,44,3
2003-08-20,21,22,25,39,40,43,27
2003-08-23,1,8,11,16,28,30,19
2003-08-27,5,11,19,35,41,45,16
2003-08-30,3,5,8,17,18,19,34
2003-09-03,17,20,24,27,33,39,24
2003-09-06,3,6,12,18,22,35,28
2003-09-10,3,7,28,37,39,42,23
2003-09-13,2,3,23,35,38,43,43
2003-09-17,12,18,19,31,34,39,17
2003-09-20,1,20,25,32,42,44,21
2003-09-24,5,8,15,16,23,24,31
2003-09-27,5,17,37,39,43,45,4
2003-10-01,1,9,18,19,22,44,21
2003-10-04,2,23,28,30,35,44,21
2003-10-08,15,19,25,31,40,45,28
2003-10-11,5,14,28,32,37,44,31
2003-10-15,7,9,10,16,30,35,8
2003-10-18,2,5,8,19,24,26,30
2003-10-22,3,8,27,28,35,41,16
2003-10-25,11,27,28,40,41,43,43
2003-10-29,10,13,24,29,34,42,14
2003-11-01,5,20,26,29,32,41,18
2003-11-05,4,11,18,25,32,42,11
2003-11-08,10,14,17,25,30,41,37
2003-11-12,3,6,9,23,31,40,24
2003-11-15,3,14,16,30,38,41,39
2003-11-19,10,23,33,39,43,45,2
2003-11-22,5,11,13,18,30,31,23
2003-11-26,13,24,25,35,38,39,39
2003-11-29,3,11,12,14,16,35,43
2003-12-03,2,4,11,21,22,44,37
2003-12-06,10,13,14,18,33,42,35
2003-12-10,5,8,22,39,41,45,38
2003-12-13,10,13,20,21,33,39,8
2003-12-17,25,26,28,34,43,44,28
2003-12-20,3,11,13,32,33,45,32
2003-12-24,23,24,28,30,34,44,24
2003-12-27,10,15,20,22,39,41,31
2003-12-31,16,19,21,30,34,42,19
2004-01-03,6,9,16,19,26,43,23
2004-01-07,1,3,17,27,40,43,17
2004-01-10,1,14,18,19,27,39,33
2004-01-14,6,9,15,23,24,41,11
2004-01-17,2,15,16,30,35,41,27
2004-01-21,5,10,13,17,33,36,45
2004-01-24,6,7,9,11,44,45,5
2004-01-28,7,10,27,28,30,44,34
2004-01-31,6,23,25,28,32,41,20
2004-02-04,4,7,10,13,23,34,20
2004-02-07,10,13,14,16,29,40,35
2004-02-11,2,17,31,37,38,42,26
2004-02-14,6,33,37,40,44,45,36
2004-02-18,12,29,31,35,39,45,26
2004-02-21,9,12,13,23,27,43,42
2004-02-25,2,21,24,30,35,43,27
2004-02-28,8,13,17,20,27,37,14
2004-03-03,5,11,31,32,35,37,1
2004-03-06,7,12,16,23,37,43,16
2004-03-10,4,7,23,30,33,39,44
2004-03-13,13,24,27,31,39,44,29
2004-03-17,2,10,17,18,21,23,17
2004-03-20,7,21,25,29,33,35,30
2004-03-24,6,21,25,26,32,37,41
2004-03-27,5,10,15,26,36,38,19
2004-03-31,3,13,16,23,25,35,8
2004-04-03,4,5,13,25,28,31,23
2004-04-07,2,8,11,13,28,35,35
2004-04-10,11,15,27,30,32,35,5
2004-04-14,9,13,33,38,41,43,1
2004-04-17,2,13,20,21,30,45,32
2004-04-21,15,18,23,38,41,42,7
2004-04-24,10,13,25,32,38,39,25
2004-04-28,6,20,25,29,32,45,13
2004-05-01,16,18,30,31,32,33,40
2004-05-05,9,12,18,33,39,40,24
2004-05-08,5,18,23,30,32,36,27
2004-05-12,3,7,10,17,24,30,2
2004-05-15,11,15,17,23,26,28,39
2004-05-19,7,16,22,25,38,39,41
2004-05-22,24,27,32,33,34,36,7
2004-05-26,9,19,20,36,37,42,13
2004-05-29,1,4,5,7,8,30,21
2004-06-02,6,11,23,24,36,42,15
2004-06-05,11,23,24,28,29,31,36
2004-06-09,25,27,35,36,40,43,42
2004-06-12,3,11,26,27,30,42,14
2004-06-16,5,25,36,38,39,40,33
2004-06-19,1,8,32,36,37,45,6
2004-06-23,9,13,14,31,39,40,17
2004-06-26,2,9,17,18,31,42,24
2004-06-30,1,18,26,38,39,45,15
2004-07-03,5,9,23,27,42,45,16
2004-07-07,3,7,8,30,34,45,31
2004-07-10,6,7,16,30,32,36,31
2004-07-14,20,21,26,27,34,44,19
2004-07-17,2,4,5,8,12,20,1
2004-07-21,4,21,36,37,38,39,27
2004-07-24,1,20,29,35,36,44,11
2004-07-28,5,11,17,34,36,45,20
2004-07-31,6,18,32,34,36,40,32
2004-08-04,6,7,15,17,34,36,44
2004-08-07,4,10,12,23,39,42,9
2004-08-11,7,28,34,39,40,44,10
2004-08-14,13,17,24,26,43,44,35
2004-08-18,7,16,20,21,23,36,42
2004-08-21,7,8,15,27,28,41,14
2004-08-25,12,14,15,19,21,37,33
2004-08-28,2,3,24,37,40,44,22
2004-09-01,5,12,15,31,37,42,7
2004-09-04,2,7,16,34,38,42,15
2004-09-08,4,16,19,31,38,39,25
2004-09-11,14,22,28,33,41,44,28
2004-09-15,1,4,5,12,13,36,35
2004-09-18,4,15,25,27,37,45,43
2004-09-22,6,8,13,34,35,41,3
2004-09-25,3,27,30,32,39,45,19
2004-09-29,1,8,24,26,34,44,41
2004-10-02,4,5,13,22,34,35,39
2004-10-06,3,4,8,13,35,36,23
2004-10-09,2,7,18,36,43,45,32
2004-10-13,16,17,21,37,41,45,20
2004-10-16,2,5,12,19,25,33,21
2004-10-20,8,19,20,25,29,34,30
2004-10-23,8,16,33,38,40,42,8
2004-10-27,1,31,32,33,34,37,45
2004-10-30,5,9,19,30,34,42,25
2004-11-03,3,17,21,28,39,45,23
2004-11-06,1,3,11,20,24,43,41
2004-11-10,13,14,18,23,32,37,14
2004-11-13,9,25,30,34,39,43,4
2004-11-17,1,4,6,11,32,40,13
2004-11-20,24,27,28,30,37,39,30
2004-11-24,8,11,19,23,29,40,43
2004-11-27,8,17,26,28,30,41,27
2004-12-01,4,21,23,25,28,36,43
2004-12-04,5,10,21,26,30,40,19
2004-12-08,5,7,17,22,32,36,38
2004-12-11,4,21,32,34,43,45,6
2004-12-15,4,6,14,22,42,45,15
2004-12-18,2,6,24,25,35,36,42
2004-12-22,9,12,22,39,44,45,15
2004-12-25,12,18,28,29,31,34,23
2004-12-29,7,11,12,28,31,35,45
2005-01-01,4,8,12,24,28,29,43
2005-01-05,7,9,27,30,31,42,37
2005-01-08,10,11,13,27,35,36,12
2005-01-12,1,15,16,19,24,29,34
2005-01-15,6,9,14,16,30,37,36
2005-01-19,7,8,12,23,24,40,9
2005-01-22,2,7,17,25,32,34,22
2005-01-26,8,13,19,21,22,40,12
2005-01-29,9,15,24,35,37,39,24
2005-02-02,13,23,31,40,42,45,23
2005-02-05,24,26,32,33,38,42,17
2005-02-09,3,10,17,30,32,41,14
2005-02-12,4,16,17,27,36,37,37
2005-02-16,3,4,10,17,20,41,45
2005-02-19,7,10,19,31,41,45,21
2005-02-23,4,6,23,25,42,43,20
2005-02-26,12,28,30,34,41,44,34
2005-03-02,21,27,30,31,32,41,8
2005-03-05,3,7,12,21,26,27,44
2005-03-09,5,8,10,15,16,27,33
2005-03-12,12,13,18,25,32,42,6
2005-03-16,4,6,11,13,24,32,33
2005-03-19,8,11,15,16,24,44,31
2005-03-23,2,4,7,15,20,30,41
2005-03-26,10,14,15,35,38,43,38
2005-03-30,3,15,18,20,39,43,28
2005-04-02,7,12,15,18,26,42,19
2005-04-06,1,3,6,32,33,39,9
2005-04-09,9,15,21,27,28,34,21
2005-04-13,5,6,10,11,33,39,5
2005-04-16,8,12,14,18,29,42,31
2005-04-20,4,7,13,27,35,42,15
2005-04-23,7,8,27,33,38,45,40
2005-04-27,2,6,12,21,28,32,5
2005-04-30,9,10,13,19,23,39,27
2005-05-04,1,10,12,18,22,43,18
2005-05-07,15,17,21,33,40,43,16
2005-05-11,12,13,18,19,39,43,19
2005-05-14,2,10,17,22,23,45,14
2005-05-18,10,17,23,33,39,43,7
2005-05-21,4,6,18,22,26,30,33
2005-05-25,3,17,18,20,23,27,12
2005-05-28,19,22,37,38,39,43,44
2005-06-01,16,17,22,25,38,40,34
2005-06-04,8,16,26,28,33,38,27
2005-06-08,11,14,30,31,35,39,29
2005-06-11,16,17,19,22,32,41,5
2005-06-15,12,21,23,24,31,32,1
2005-06-18,9,10,16,19,34,36,18
2005-06-22,7,32,33,36,40,44,21
2005-06-25,6,16,17,18,27,35,24
2005-06-29,11,14,30,33,34,39,40
2005-07-02,16,24,29,32,34,45,19
2005-07-06,3,11,12,14,28,41,10
2005-07-09,5,6,18,24,25,40,39
2005-07-13,6,7,18,22,26,36,12
2005-07-16,13,20,27,38,42,43,39
2005-07-20,6,11,22,36,40,45,9
2005-07-23,3,13,21,29,30,44,37
2005-07-27,6,9,19,20,21,29,15
2005-07-30,5,9,14,18,22,34,22
2005-08-03,1,4,8,21,26,34,45
2005-08-06,11,17,19,21,30,34,16
2005-08-10,8,9,30,31,34,38,42
2005-08-13,10,26,27,29,44,45,42
2005-08-17,4,15,25,40,43,45,9
2005-08-20,1,11,14,18,26,33,8
2005-08-24,5,18,21,25,28,31,18
2005-08-27,2,4,5,8,16,33,36
2005-08-31,16,20,27,30,31,44,19
2005-09-03,3,9,13,35,44,45,18
2005-09-07,10,24,28,36,38,41,30
2005-09-10,1,3,5,7,8,39,2
2005-09-14,5,10,19,24,25,44,18
2005-09-17,8,12,18,25,30,35,13
2005-09-21,6,12,26,31,41,43,23
2005-09-24,9,21,27,28,41,43,19
2005-09-28,3,12,18,33,36,38,22
2005-10-01,3,15,16,19,25,42,16
2005-10-05,2,14,22,32,43,44,38
2005-10-08,4,14,18,25,32,45,17
2005-10-12,2,8,18,27,32,35,17
2005-10-15,6,22,24,25,39,44,27
2005-10-19,1,12,14,16,30,45,33
2005-10-22,8,12,21,34,37,43,30
2005-10-26,1,28,29,37,40,45,35
2005-10-29,8,12,14,18,39,43,25
2005-11-02,1,4,21,23,31,42,32
2005-11-05,7,20,21,26,30,45,25
2005-11-09,2,14,21,23,31,45,44
2005-11-12,3,10,13,19,20,21,2
2005-11-16,1,8,17,25,30,39,17
2005-11-19,2,12,19,25,34,35,42
2005-11-23,10,17,22,26,28,39,44
2005-11-26,2,17,25,33,37,45,2
2005-11-30,1,5,7,22,24,28,27
2005-12-03,2,6,14,24,29,30,14
2005-12-07,1,18,25,26,29,32,41
2005-12-10,1,2,8,22,31,35,18
2005-12-14,5,8,15,21,34,39,12
2005-12-17,3,16,19,21,25,29,8
2005-12-21,1,6,10,18,39,41,12
2005-12-24,8,11,15,26,30,32,7
2005-12-28,13,16,26,31,34,44,19
2005-12-31,2,3,8,14,29,35,37
2006-01-04,5,9,22,31,37,38,36
2006-01-07,6,21,22,26,38,41,22
2006-01-11,7,9,11,19,28,36,6
2006-01-14,1,13,19,21,26,27,4
2006-01-18,20,25,32,39,40,43,37
2006-01-21,2,15,20,25,32,34,40
2006-01-25,9,18,26,39,41,42,1
2006-01-28,2,12,34,39,44,45,32
2006-02-01,2,16,17,24,33,39,40
2006-02-04,1,4,6,16,26,33,45
2006-02-08,4,7,23,28,35,43,19
2006-02-11,1,4,7,11,29,40,3
2006-02-15,24,25,30,33,41,42,27
2006-02-18,8,10,23,34,36,38,45
2006-02-22,14,27,34,38,40,45,3
2006-02-25,11,21,22,23,35,45,23
2006-03-01,19,27,28,32,39,40,7
2006-03-04,11,16,25,37,38,42,32
2006-03-08,3,9,18,26,34,35,23
2006-03-11,1,15,22,34,42,45,27
2006-03-15,2,18,19,34,37,41,22
2006-03-18,2,12,18,32,35,38,2
2006-03-22,3,20,22,30,34,36,1
2006-03-25,2,5,10,23,33,42,8
2006-03-29,10,15,16,19,23,34,28
2006-04-01,10,19,22,28,30,35,10
2006-04-05,17,29,32,34,35,39,6
2006-04-08,6,24,28,36,42,44,26
2006-04-12,2,7,11,17,24,38,8
2006-04-15,7,8,13,22,32,35,16
2006-04-19,3,23,26,28,34,40,6
2006-04-22,7,11,20,27,28,38,42
2006-04-26,2,12,15,31,33,42,42
2006-04-29,3,7,22,24,27,38,42
2006-05-03,2,7,8,13,15,20,21
2006-05-06,4,8,13,15,38,44,31
2006-05-10,3,10,11,21,25,31,36
2006-05-13,4,12,14,22,28,33,31
2006-05-17,1,6,13,28,34,36,42
2006-05-20,14,21,23,25,29,30,38
2006-05-24,8,12,15,16,42,44,44
2006-05-27,3,4,29,35,37,41,29
2006-05-31,1,2,5,9,17,42,17
2006-06-03,5,6,7,33,34,41,38
2006-06-07,4,5,11,13,22,31,20
2006-06-10,13,23,27,32,33,45,22
2006-06-14,6,12,24,40,41,42,39
2006-06-17,9,10,28,30,38,41,24
2006-06-21,8,9,22,30,32,36,32
2006-06-24,1,18,19,27,37,39,17
2006-06-28,4,5,9,30,43,44,32
2006-07-01,7,9,15,27,28,42,9
2006-07-05,1,9,31,32,39,40,43
2006-07-08,2,7,8,18,19,45,13
2006-07-12,4,14,18,22,26,27,24
2006-07-15,2,10,15,19,21,38,31
2006-07-19,17,24,31,32,33,35,36
2006-07-22,8,14,23,30,32,33,41
2006-07-26,3,4,13,15,33,37,28
2006-07-29,12,13,18,31,33,39,14
2006-08-02,4,7,26,28,35,37,27
2006-08-05,1,3,9,12,18,34,38
2006-08-09,1,3,11,12,31,39,1
2006-08-12,4,9,14,21,24,25,37
2006-08-16,18,27,30,35,36,43,42
2006-08-19,1,3,4,9,20,41,38
2006-08-23,18,23,26,27,28,30,3
2006-08-26,6,7,9,12,21,43,18
2006-08-30,1,30,33,40,42,44,20
2006-09-02,4,18,34,35,37,44,30
2006-09-06,5,9,29,33,34,43,11
2006-09-09,7,18,26,28,33,41,37
2006-09-13,1,21,34,36,42,45,25
2006-09-16,8,19,22,34,36,42,1
2006-09-20,5,24,35,36,42,43,22
2006-09-23,4,16,20,27,29,43,20
2006-09-27,6,18,23,31,37,40,31
2006-09-30,11,12,14,24,33,37,31
2006-10-04,8,11,21,36,42,44,31
2006-10-07,21,30,31,37,38,43,17
2006-10-11,9,15,23,24,29,41,45
2006-10-14,2,4,6,13,20,30,43
2006-10-18,22,25,26,29,36,45,28
2006-10-21,2,8,20,23,24,37,39
2006-10-25,4,14,18,20,28,43,38
2006-10-28,2,12,13,18,26,32,15
2006-11-01,5,17,27,42,43,45,9
2006-11-04,7,11,26,32,38,43,15
2006-11-08,11,18,30,33,43,44,18
2006-11-11,7,27,32,35,38,40,35
2006-11-15,4,21,31,38,40,42,44
2006-11-18,8,14,18,36,38,42,21
2006-11-22,4,14,15,29,36,38,5
2006-11-25,2,3,21,29,32,40,10
2006-11-29,4,12,21,27,34,37,18
2006-12-02,5,12,15,31,36,39,1
2006-12-06,7,8,23,26,36,40,25
2006-12-09,7,17,18,23,43,44,34
2006-12-13,4,12,15,22,24,31,4
2006-12-16,2,5,23,27,43,44,29
2006-12-20,13,14,19,36,37,39,26
2006-12-23,2,7,16,29,34,37,30
2006-12-27,2,14,21,23,30,33,10
2006-12-30,18,23,24,25,27,34,43
2007-01-03,1,5,15,19,27,40,28
2007-01-06,11,20,23,28,38,42,25
2007-01-10,3,6,19,23,27,40,4
2007-01-13,2,5,13,32,37,38,8
2007-01-17,3,22,27,28,29,37,7
2007-01-20,13,19,20,21,24,41,28
2007-01-24,2,7,27,28,33,45,3
2007-01-27,2,5,6,22,27,33,33
2007-01-31,1,20,22,27,41,43,45
2007-02-03,7,10,12,16,29,45,14
2007-02-07,13,25,28,31,32,35,22
2007-02-10,4,10,24,27,31,39,36
2007-02-14,2,9,10,13,27,40,42
2007-02-17,7,11,18,26,39,40,41
2007-02-21,6,33,34,35,36,38,10
2007-02-24,3,5,6,16,17,34,43
2007-02-28,7,12,15,30,32,34,13
2007-03-03,13,25,30,34,37,40,37
2007-03-07,10,15,18,20,33,41,11
2007-03-10,6,8,16,21,25,36,14
2007-03-14,9,26,27,30,37,42,31
2007-03-17,7,9,10,13,16,25,23
2007-03-21,4,13,17,27,41,43,33
2007-03-24,11,20,24,31,32,38,17
2007-03-28,4,15,25,30,32,38,31
2007-03-31,8,16,23,27,31,44,30
2007-04-04,2,14,17,28,40,44,25
2007-04-07,14,16,20,32,33,40,32
2007-04-11,1,3,6,21,30,32,26
2007-04-14,1,4,5,9,42,45,37
2007-04-18,2,8,30,35,41,45,33
2007-04-21,17,21,31,39,43,45,11
2007-04-25,5,8,15,34,38,42,45
2007-04-28,8,12,16,30,34,39,1
2007-05-02,15,16,33,35,36,41,11
2007-05-05,14,19,20,38,39,45,9
2007-05-09,4,22,26,31,34,41,7
2007-05-12,8,9,11,23,29,44,29
2007-05-16,8,18,25,29,30,45,3
2007-05-19,16,19,28,32,39,41,38
2007-05-23,8,13,19,23,33,43,41
2007-05-26,7,13,18,26,36,40,13
2007-05-30,13,21,35,42,43,45,23
2007-06-02,2,4,12,31,43,45,26
2007-06-06,2,11,15,25,32,45,17
2007-06-09,8,22,25,35,37,44,33
2007-06-13,5,10,12,20,23,26,28
2007-06-16,9,23,27,31,32,42,9
2007-06-20,14,29,38,40,42,44,20
2007-06-23,18,29,33,34,38,40,28
2007-06-27,9,10,12,19,36,41,37
2007-06-30,11,20,32,39,42,43,18
2007-07-04,5,9,16,30,34,37,11
2007-07-07,3,7,9,10,17,36,10
2007-07-11,1,6,15,17,31,45,39
2007-07-14,14,22,28,36,38,39,44
2007-07-18,1,3,6,8,33,40,39
2007-07-21,6,12,17,25,31,42,30
2007-07-25,3,11,26,35,38,40,36
2007-07-28,9,10,13,20,32,43,11
2007-08-01,17,19,21,26,30,31,15
2007-08-04,2,3,4,14,30,31,16
2007-08-08,5,11,12,15,19,22,10
2007-08-11,8,10,11,12,25,44,15
2007-08-15,3,14,29,32,33,41,16
2007-08-18,3,21,31,36,37,41,38
2007-08-22,5,10,18,33,34,39,42
2007-08-25,2,18,23,27,30,41,9
2007-08-29,5,6,7,23,24,43,19
2007-09-01,8,34,35,36,39,40,14
2007-09-05,14,20,25,29,30,33,8
2007-09-08,3,7,11,15,20,44,30
2007-09-12,3,12,18,24,27,34,40
2007-09-15,4,12,28,33,42,43,23
2007-09-19,8,18,27,32,37,38,19
2007-09-22,9,15,24,27,32,41,20
2007-09-26,8,21,24,27,38,42,2
2007-09-29,2,19,26,27,31,35,15
2007-10-03,4,17,18,27,31,36,39
2007-10-06,12,19,27,30,34,39,4
2007-10-10,6,12,19,29,32,40,42
2007-10-13,6,9,11,24,34,35,14
2007-10-17,1,10,15,29,35,44,40
2007-10-20,1,12,13,20,27,45,27
2007-10-24,2,6,16,28,30,41,32
2007-10-27,2,11,16,19,24,26,42
2007-10-31,14,20,21,24,36,38,15
2007-11-03,6,14,18,21,40,41,20
2007-11-07,15,24,26,28,40,45,37
2007-11-10,7,28,34,42,44,45,36
2007-11-14,2,3,8,22,35,42,17
2007-11-17,3,10,24,25,30,43,27
2007-11-21,5,6,15,28,30,39,29
2007-11-24,12,18,21,28,29,39,28
2007-11-28,2,3,10,24,32,38,1
2007-12-01,13,22,30,37,38,39,13
2007-12-05,9,15,23,30,33,38,16
2007-12-08,2,5,24,28,31,41,26
2007-12-12,8,15,25,28,38,42,38
2007-12-15,4,9,15,24,41,43,9
2007-12-19,8,23,28,31,36,41,27
2007-12-22,15,19,23,32,38,43,39
2007-12-26,5,11,25,31,33,43,3
2007-12-29,7,10,18,36,37,45,1
2008-01-02,17,20,26,27,30,31,19
2008-01-05,2,23,28,31,36,43,42
2008-01-09,17,22,26,27,33,37,5
2008-01-12,8,11,14,23,34,35,25
2008-01-16,1,2,8,31,32,40,38
2008-01-19,7,28,30,33,40,42,35
2008-01-23,1,29,30,32,38,43,23
2008-01-26,13,28,29,35,37,45,8
2008-01-30,1,5,26,27,28,29,16
2008-02-02,6,12,29,30,33,45,23
2008-02-06,8,14,34,40,41,45,23
2008-02-09,4,6,8,15,25,35,23
2008-02-13,18,29,34,38,39,44,7
2008-02-16,2,4,9,13,14,20,38
2008-02-20,9,15,18,28,36,39,32
2008-02-23,8,13,18,19,30,32,37
2008-02-27,2,4,8,17,23,26,2
2008-03-01,5,7,24,25,28,32,10
2008-03-05,9,10,11,13,23,25,13
2008-03-08,24,25,28,31,38,42,13
2008-03-12,1,16,21,24,38,44,6
2008-03-15,1,4,7,10,22,39,9
2008-03-19,18,21,24,35,41,42,23
2008-03-22,3,12,14,20,32,38,7
2008-03-26,4,19,22,24,25,33,45
2008-03-29,1,4,19,20,26,33,29
2008-04-02,7,11,12,22,23,41,32
2008-04-05,1,10,11,27,38,41,33
2008-04-09,3,7,12,16,20,44,45
2008-04-12,2,6,32,35,37,38,3
2008-04-16,2,9,32,34,36,42,22
2008-04-19,16,18,31,34,38,39,2
2008-04-23,3,12,15,18,28,30,17
2008-04-26,6,17,18,19,42,45,21
2008-04-30,13,17,27,33,42,44,13
2008-05-03,4,7,15,17,31,45,36
2008-05-07,5,6,9,10,15,38,5
2008-05-10,8,9,11,40,42,43,14
2008-05-14,18,25,26,39,42,44,5
2008-05-17,8,10,19,26,37,44,31
2008-05-21,16,18,25,32,37,40,44
2008-05-24,28,29,30,31,33,34,25
2008-05-28,5,10,15,19,38,44,6
2008-05-31,2,11,20,21,28,33,34
2008-06-04,5,22,24,34,40,43,24
2008-06-07,4,9,13,30,39,42,39
2008-06-11,11,23,26,32,37,42,5
2008-06-14,3,16,20,26,27,29,16
2008-06-18,11,13,20,23,33,44,11
2008-06-21,3,7,15,31,36,37,14
2008-06-25,9,13,23,30,43,45,5
2008-06-28,4,6,13,19,22,39,42
2008-07-02,9,12,18,22,23,33,19
2008-07-05,1,3,7,20,27,40,30
2008-07-09,16,21,26,30,41,44,4
2008-07-12,4,22,29,40,43,44,6
2008-07-16,16,26,29,31,37,45,7
2008-07-19,11,15,22,25,29,37,31
2008-07-23,12,21,33,36,38,44,41
2008-07-26,4,7,15,27,32,40,34
2008-07-30,2,14,15,26,30,41,6
2008-08-02,9,16,20,33,36,37,45
2008-08-06,1,7,13,24,27,42,27
2008-08-09,1,10,15,17,20,40,25
2008-08-13,12,31,35,40,41,43,33
2008-08-16,7,8,12,19,26,28,20
2008-08-20,9,14,19,34,39,44,33
2008-08-23,5,7,10,11,20,34,21
2008-08-27,13,16,22,23,25,27,31
2008-08-30,20,21,26,30,36,45,15
2008-09-03,4,20,22,27,34,41,39
2008-09-06,10,12,13,17,42,44,31
2008-09-10,10,12,13,21,26,42,42
2008-09-13,3,4,8,16,30,45,28
2008-09-17,7,18,28,31,35,38,27
2008-09-20,3,11,17,37,41,44,3
2008-09-24,4,18,23,32,37,42,27
2008-09-27,11,18,20,26,30,45,21
2008-10-01,8,14,17,19,24,29,2
2008-10-04,7,19,20,27,28,43,26
2008-10-08,9,25,31,33,35,39,33
2008-10-11,3,4,7,18,29,44,5
2008-10-15,9,13,16,26,34,37,23
2008-10-18,5,8,21,35,36,44,44
2008-10-22,16,19,30,33,41,42,16
2008-10-25,5,10,16,31,37,44,8
2008-10-29,4,10,18,25,26,33,32
2008-11-01,9,30,34,35,42,44,12
2008-11-05,6,13,23,27,36,37,11
2008-11-08,2,10,16,18,38,41,12
2008-11-12,7,30,34,35,39,45,34
2008-11-15,1,11,15,20,26,28,40
2008-11-19,3,15,18,30,35,43,20
2008-11-22,3,17,22,32,34,45,42
2008-11-26,13,15,18,22,38,44,40
2008-11-29,1,4,17,31,33,41,18
2008-12-03,11,13,18,30,37,44,25
2008-12-06,7,19,20,30,33,42,22
2008-12-10,17,23,27,34,36,44,5
2008-12-13,1,9,26,28,30,43,20
2008-12-17,2,25,28,29,39,41,21
2008-12-20,8,22,23,34,38,44,4
2008-12-24,9,13,32,38,42,43,24
2008-12-27,11,12,20,24,40,45,7
2008-12-31,5,6,12,30,34,42,42
2009-01-03,10,13,15,24,32,41,33
2009-01-07,10,13,17,21,28,32,3
2009-01-10,1,6,7,14,21,35,20
2009-01-14,4,6,10,11,29,42,27
2009-01-17,14,22,23,26,34,45,31
2009-01-21,4,5,27,36,44,45,42
2009-01-24,2,4,15,23,31,38,12
2009-01-28,9,27,33,37,38,40,2
2009-01-31,13,25,36,39,43,45,19
2009-02-04,1,18,19,21,22,44,10
2009-02-07,4,16,20,37,39,42,11
2009-02-11,18,32,33,41,43,45,28
2009-02-14,1,4,5,15,18,22,37
2009-02-18,7,12,13,19,21,23,5
2009-02-21,11,21,22,29,40,42,45
2009-02-25,1,18,26,36,39,45,30
2009-02-28,11,19,26,32,40,44,21
2009-03-04,5,11,18,27,31,45,14
2009-03-07,9,10,13,21,33,36,24
2009-03-11,2,7,8,22,26,44,26
2009-03-14,4,14,20,22,31,35,10
2009-03-18,28,29,36,40,41,45,7
2009-03-21,12,15,25,34,36,44,20
2009-03-25,1,13,21,31,32,38,9
2009-03-28,15,17,25,35,42,45,12
2009-04-01,6,22,24,28,34,36,42
2009-04-04,4,10,18,23,27,36,31
2009-04-08,15,16,24,35,36,42,26
2009-04-11,3,13,18,37,41,44,1
2009-04-15,16,21,25,30,34,36,34
2009-04-18,14,18,20,33,34,35,1
2009-04-22,6,11,12,14,15,45,4
2009-04-25,8,10,13,20,32,36,21
2009-04-29,19,20,22,24,38,43,31
2009-05-02,13,18,28,34,39,45,34
2009-05-06,2,7,18,19,32,39,33
2009-05-09,4,11,14,18,20,39,23
2009-05-13,7,15,16,17,30,31,43
2009-05-16,3,9,16,30,32,45,16
2009-05-20,12,16,18,23,38,41,27
2009-05-23,2,16,32,38,44,45,2
2009-05-27,12,14,16,24,29,33,25
2009-05-30,3,13,17,19,23,33,22
2009-06-03,5,10,21,22,30,43,11
2009-06-06,1,11,20,21,25,26,37
2009-06-10,4,9,13,15,29,37,20
2009-06-13,5,7,9,10,22,45,12
2009-06-17,11,14,15,25,31,38,10
2009-06-20,12,20,26,28,31,32,39
2009-06-24,10,12,13,21,36,41,31
2009-06-27,12,14,15,23,27,40,17
2009-07-01,4,11,23,26,34,38,44
2009-07-04,7,11,24,26,32,38,18
2009-07-08,6,28,36,37,39,40,36
2009-07-11,1,9,17,20,38,42,20
2009-07-15,7,19,24,30,35,39,21
2009-07-18,3,7,12,29,37,43,23
2009-07-22,4,6,22,23,32,35,35
2009-07-25,3,8,12,16,21,31,11
2009-07-29,3,7,27,33,37,41,45
2009-08-01,4,6,13,15,27,29,29
2009-08-05,3,4,9,21,29,42,38
2009-08-08,7,13,14,17,29,42,18
2009-08-12,3,31,37,41,42,44,27
2009-08-15,2,3,4,10,24,35,2
2009-08-19,10,14,20,30,37,42,2
2009-08-22,12,14,24,25,33,39,39
2009-08-26,6,20,23,28,30,35,26
2009-08-29,11,16,26,36,42,43,1
2009-09-02,9,12,15,21,22,35,39
2009-09-05,17,22,27,32,33,35,2
2009-09-09,9,12,14,28,44,45,36
2009-09-12,12,19,20,23,24,35,22
2009-09-16,1,6,8,10,23,30,42
2009-09-19,5,16,21,27,28,30,26
2009-09-23,3,12,14,20,26,33,9
2009-09-26,7,11,12,18,25,41,25
2009-09-30,18,23,28,37,43,45,11
2009-10-03,7,12,20,28,36,41,29
2009-10-07,7,10,15,21,26,27,31
2009-10-10,12,18,30,31,34,43,25
2009-10-14,4,19,21,35,40,45,1
2009-10-17,3,23,29,35,36,40,26
2009-10-21,6,8,24,32,34,40,11
2009-10-24,4,14,17,19,29,40,20
2009-10-28,2,3,16,23,25,30,12
2009-10-31,3,16,17,21,26,35,23
2009-11-04,7,10,20,25,26,28,23
2009-11-07,3,17,21,29,33,41,5
2009-11-11,6,10,28,35,36,42,35
2009-11-14,17,30,31,39,43,45,22
2009-11-18,12,13,17,19,33,38,9
2009-11-21,2,8,10,13,33,36,32
2009-11-25,4,15,20,22,42,45,39
2009-11-28,6,10,24,30,35,45,23
2009-12-02,4,10,15,20,25,44,40
2009-12-05,5,7,27,38,39,40,9
2009-12-09,8,15,16,19,21,40,14
2009-12-12,4,7,11,19,28,41,3
2009-12-16,1,16,21,34,36,40,33
2009-12-19,21,22,30,33,35,41,4
2009-12-23,8,9,24,26,34,44,18
2009-12-26,3,5,7,13,34,43,6
2009-12-30,1,8,15,23,27,35,3
2010-01-02,2,9,15,25,27,44,12
2010-01-06,4,8,30,35,40,45,38
2010-01-09,2,8,18,30,40,42,27
2010-01-13,2,8,17,20,26,28,35
2010-01-16,1,15,22,27,41,44,29
2010-01-20,2,6,31,32,35,45,13
2010-01-23,17,20,26,36,40,45,7
2010-01-27,15,18,19,30,32,41,16
2010-01-30,8,14,18,25,26,32,5
2010-02-03,14,15,22,23,24,42,19
2010-02-06,3,6,13,29,30,32,39
2010-02-10,4,6,7,13,16,39,2
2010-02-13,4,8,11,14,27,34,24
2010-02-17,12,15,18,23,25,30,37
2010-02-20,1,9,17,18,24,42,25
2010-02-24,1,3,5,26,30,45,35
2010-02-27,2,9,18,19,37,44,32
2010-03-03,4,5,10,24,30,37,35
2010-03-06,1,5,11,29,35,42,31
2010-03-10,5,14,26,30,32,44,14
2010-03-13,13,14,18,26,29,40,1
2010-03-17,2,7,8,14,27,31,9
2010-03-20,4,15,21,23,24,34,14
2010-03-24,4,7,8,17,30,32,27
2010-03-27,15,17,19,22,30,33,39
2010-03-31,12,20,22,23,29,35,34
2010-04-03,2,11,12,25,36,45,2
2010-04-07,2,5,13,24,25,32,5
2010-04-10,4,12,16,27,36,39,4
2010-04-14,3,9,14,29,35,42,19
2010-04-17,1,2,16,17,19,23,3
2010-04-21,19,20,21,25,34,39,23
2010-04-24,1,11,19,30,31,37,25
2010-04-28,19,22,36,37,44,45,33
2010-05-01,12,22,27,28,39,45,27
2010-05-05,2,5,6,7,19,43,43
2010-05-08,5,10,16,21,34,40,15
2010-05-12,1,20,29,34,35,37,30
2010-05-15,4,6,28,31,38,42,19
2010-05-19,13,23,30,31,32,35,15
2010-05-22,11,12,15,20,22,28,40
2010-05-26,5,12,16,22,23,35,6
2010-05-29,2,24,26,39,40,42,10
2010-06-02,4,8,12,27,35,41,39
2010-06-05,3,18,26,29,32,45,30
2010-06-09,8,33,35,37,42,44,19
2010-06-12,17,24,31,35,36,44,25
2010-06-16,6,12,28,36,40,45,36
2010-06-19,3,19,25,31,34,45,12
2010-06-23,2,3,10,16,29,43,32
2010-06-26,14,16,21,25,29,30,6
2010-06-30,3,12,16,29,30,32,16
2010-07-03,13,19,33,34,43,44,3
2010-07-07,13,18,27,30,32,33,5
2010-07-10,4,12,13,14,20,22,43
2010-07-14,12,18,20,22,28,39,14
2010-07-17,2,9,24,39,40,44,29
2010-07-21,12,23,28,30,34,45,36
2010-07-24,1,17,29,30,32,45,9
2010-07-28,6,13,17,25,38,44,6
2010-07-31,1,5,10,26,28,44,15
2010-08-04,12,14,18,22,24,40,8
2010-08-07,3,4,7,15,26,34,17
2010-08-11,7,23,27,33,37,42,7
2010-08-14,1,20,29,36,41,42,20
2010-08-18,4,5,19,22,40,45,20
2010-08-21,2,19,21,22,28,43,27
2010-08-25,2,19,22,29,32,38,15
2010-08-28,1,3,17,18,33,40,12
2010-09-01,3,5,10,18,31,33,10
2010-09-04,4,21,28,31,42,43,14
2010-09-08,9,12,13,14,26,27,19
2010-09-11,1,7,8,24,44,45,39
2010-09-15,5,7,11,26,30,43,31
2010-09-18,13,14,19,20,30,35,6
2010-09-22,11,20,23,24,38,44,16
2010-09-25,4,7,8,17,39,45,30
2010-09-29,20,23,24,26,33,40,30
2010-10-02,7,24,28,37,39,42,37
2010-10-06,7,8,11,13,16,17,26
2010-10-09,4,7,10,14,18,21,24
2010-10-13,11,12,13,17,27,39,21
2010-10-16,15,24,25,26,28,33,7
2010-10-20,5,10,15,24,28,33,44
2010-10-23,3,4,8,19,25,27,30
2010-10-27,11,15,20,21,25,37,35
2010-10-30,15,19,26,37,41,44,10
2010-11-03,5,11,12,13,34,38,28
2010-11-06,8,15,26,33,34,37,36
2010-11-10,6,14,19,21,34,42,8
2010-11-13,4,24,26,27,32,43,27
2010-11-17,2,11,19,38,44,45,26
2010-11-20,4,9,10,13,24,30,42
2010-11-24,2,12,17,23,29,33,22
2010-11-27,1,13,15,27,33,42,37
2010-12-01,11,12,18,21,27,36,26
2010-12-04,10,11,18,23,28,39,16
2010-12-08,8,14,22,27,29,34,21
2010-12-11,10,11,14,18,22,27,25
2010-12-15,7,28,31,38,40,42,42
2010-12-18,1,23,24,25,33,42,8
2010-12-22,2,6,15,20,37,38,10
2010-12-25,7,30,31,33,34,39,11
2010-12-29,13,16,20,30,34,35,18
2011-01-01,1,14,21,22,25,28,32
2011-01-05,3,5,21,25,33,38,37
2011-01-08,3,6,11,12,22,38,17
2011-01-12,3,14,26,30,38,41,30
2011-01-15,5,8,11,13,22,40,19
2011-01-19,1,4,5,7,23,41,37
2011-01-22,5,6,25,26,30,34,30
2011-01-26,8,13,16,23,29,35,29
2011-01-29,4,20,24,29,32,42,34
2011-02-02,7,19,25,28,32,33,41
2011-02-05,2,4,12,16,32,40,24
2011-02-09,2,10,27,32,37,41,35
2011-02-12,4,11,12,15,25,34,31
2011-02-16,11,26,28,31,35,37,11
2011-02-19,1,2,20,26,31,38,43
2011-02-23,6,8,22,32,34,36,6
2011-02-26,5,15,19,24,26,41,39
2011-03-02,5,10,11,25,30,36,19
2011-03-05,8,19,27,39,42,44,11
2011-03-09,7,10,17,33,36,43,43
2011-03-12,6,9,36,38,40,45,27
2011-03-16,8,13,18,24,25,33,22
2011-03-19,9,10,13,17,20,38,39
2011-03-23,6,10,11,15,23,27,3
2011-03-26,1,4,11,13,24,27,12
2011-03-30,7,9,12,14,17,25,44
2011-04-02,2,8,29,30,41,44,45
2011-04-06,2,14,19,28,30,33,41
2011-04-09,13,29,32,33,39,42,35
2011-04-13,9,11,27,35,44,45,44
2011-04-16,5,6,14,40,41,44,26
2011-04-20,13,16,17,25,33,39,26
2011-04-23,1,6,29,33,34,39,21
2011-04-27,5,15,22,32,39,40,28
2011-04-30,2,9,13,21,23,31,22
2011-05-04,15,16,31,32,39,42,12
2011-05-07,10,11,28,34,40,45,40
2011-05-11,14,20,21,22,24,40,10
2011-05-14,1,4,7,21,30,37,21
2011-05-18,10,15,16,18,25,37,44
2011-05-21,8,11,24,28,29,34,16
2011-05-25,5,10,26,31,35,37,34
2011-05-28,1,2,9,16,32,39,10
2011-06-01,5,10,12,18,33,45,38
2011-06-04,7,11,20,26,32,44,45
2011-06-08,10,28,30,39,42,44,30
2011-06-11,9,13,22,23,33,38,42
2011-06-15,5,7,12,18,22,37,17
2011-06-18,5,14,18,25,33,34,24
2011-06-22,16,21,24,30,34,36,35
2011-06-25,2,5,8,11,31,36,21
2011-06-29,2,8,12,14,19,29,25
2011-07-02,1,12,21,29,31,41,4
2011-07-06,11,20,22,28,32,38,23
2011-07-09,8,19,33,38,40,45,5
2011-07-13,9,13,22,23,33,42,21
2011-07-16,8,13,21,24,31,35,31
2011-07-20,6,14,19,20,33,42,37
2011-07-23,1,2,4,7,18,31,19
2011-07-27,7,12,13,20,21,37,3
2011-07-30,6,9,10,34,37,44,30
2011-08-03,3,6,9,22,28,34,31
2011-08-06,9,26,31,32,33,41,31
2011-08-10,2,3,9,15,32,40,19
2011-08-13,2,10,24,28,35,42,39
2011-08-17,2,9,13,17,38,45,14
2011-08-20,3,11,23,31,39,45,39
2011-08-24,4,18,22,25,35,42,37
2011-08-27,1,5,22,39,40,44,40
2011-08-31,3,5,9,12,19,28,21
2011-09-03,3,7,22,23,33,38,19
2011-09-07,3,11,31,36,39,43,6
2011-09-10,1,4,11,20,38,39,33
2011-09-14,1,3,15,21,37,43,13
2011-09-17,7,11,33,36,41,44,11
2011-09-21,2,17,35,39,44,45,43
2011-09-24,1,5,6,11,22,33,4
2011-09-28,4,8,11,18,28,34,8
2011-10-01,7,8,18,36,41,43,37
2011-10-05,1,27,33,34,43,45,37
2011-10-08,23,26,28,33,34,41,22
2011-10-12,6,13,23,26,37,38,40
2011-10-15,9,15,20,24,36,40,6
2011-10-19,4,11,14,22,24,27,14
2011-10-22,22,23,26,27,36,40,10
2011-10-26,5,27,29,39,40,42,36
2011-10-29,1,12,18,37,39,41,3
2011-11-02,2,10,17,18,30,45,35
2011-11-05,10,16,22,34,37,38,37
2011-11-09,7,9,12,21,22,42,5
2011-11-12,6,11,13,17,20,32,40
2011-11-16,6,8,12,13,21,42,7
2011-11-19,2,3,14,17,20,35,4
2011-11-23,3,4,7,9,25,37,39
2011-11-26,16,23,24,29,41,43,10
2011-11-30,2,13,17,20,21,27,36
2011-12-03,1,8,18,29,36,39,36
2011-12-07,20,25,26,31,42,43,16
2011-12-10,4,9,22,30,32,36,17
2011-12-14,12,19,22,29,39,41,37
2011-12-17,4,13,17,31,40,45,14
2011-12-21,2,3,5,14,43,44,7
2011-12-24,4,8,9,22,35,43,21
2011-12-28,3,7,22,28,36,39,9
2011-12-31,9,14,20,25,26,45,40
2012-01-04,2,19,20,24,27,37,33
2012-01-07,2,5,14,16,29,34,24
2012-01-11,18,26,28,29,37,39,7
2012-01-14,2,10,20,22,39,45,35
2012-01-18,4,6,9,23,31,36,6
2012-01-21,7,8,9,10,15,35,35
2012-01-25,1,3,10,11,13,44,12
2012-01-28,15,24,27,35,44,45,41
2012-02-01,2,12,19,36,39,43,21
2012-02-04,10,12,13,23,33,38,16
2012-02-08,1,3,5,8,20,34,32
2012-02-11,12,23,34,35,40,43,12
2012-02-15,10,19,21,27,42,43,20
2012-02-18,9,11,13,15,24,32,10
2012-02-22,2,3,7,36,38,44,4
2012-02-25,2,8,21,32,40,44,15
2012-02-29,7,14,27,30,33,34,25
2012-03-03,2,13,19,34,37,44,44
2012-03-07,12,16,23,35,38,45,42
2012-03-10,8,13,17,21,28,34,32
2012-03-14,9,10,13,15,25,30,16
2012-03-17,5,14,21,33,38,43,44
2012-03-21,8,9,20,21,31,40,5
2012-03-24,2,8,10,16,24,38,14
2012-03-28,5,10,11,17,25,42,40
2012-03-31,2,7,11,18,19,35,12
2012-04-04,12,13,18,22,28,37,8
2012-04-07,9,10,17,20,23,26,8
2012-04-11,20,25,35,36,39,42,24
2012-04-14,2,16,19,41,44,45,44
2012-04-18,7,8,10,13,23,45,36
2012-04-21,1,23,26,30,35,37,5
2012-04-25,2,9,16,31,35,45,45
2012-04-28,1,5,10,13,17,25,42
2012-05-02,5,11,15,17,37,39,7
2012-05-05,4,10,15,18,26,30,17
2012-05-09,5,6,8,10,19,20,28
2012-05-12,12,14,24,27,38,40,27
2012-05-16,7,27,35,39,40,44,43
2012-05-19,2,7,11,35,37,40,32
2012-05-23,5,18,20,28,40,42,7
2012-05-26,4,17,24,29,34,41,30
2012-05-30,8,16,17,31,37,44,15
2012-06-02,6,10,21,29,32,35,9
2012-06-06,4,18,21,26,31,40,28
2012-06-09,2,8,10,16,23,45,18
2012-06-13,20,24,28,33,41,42,45
2012-06-16,2,11,17,22,32,43,23
2012-06-20,5,7,9,13,14,16,39
2012-06-23,9,12,13,23,32,40,32
2012-06-27,6,12,19,25,36,39,15
2012-06-30,4,6,21,24,25,26,41
2012-07-04,3,4,5,26,32,36,31
2012-07-07,3,12,17,29,32,34,2
2012-07-11,4,18,20,23,24,30,17
2012-07-14,16,19,22,24,26,30,22
2012-07-18,4,14,16,20,21,38,34
2012-07-21,4,10,12,28,29,36,8
2012-07-25,6,20,26,29,37,40,28
2012-07-28,5,8,10,19,42,43,39
2012-08-01,19,20,30,31,37,38,13
2012-08-04,2,4,24,30,33,36,16
2012-08-08,6,14,16,24,25,36,38
2012-08-11,6,13,29,38,40,45,37
2012-08-15,4,11,17,20,27,35,10
2012-08-18,4,11,20,24,35,36,15
2012-08-22,4,8,17,27,40,43,27
2012-08-25,14,20,28,39,42,44,4
2012-08-29,15,16,20,35,41,45,26
2012-09-01,11,26,30,34,35,43,10
2012-09-05,3,12,21,30,34,38,40
2012-09-08,12,36,37,39,42,43,10
2012-09-12,5,21,34,35,36,40,35
2012-09-15,7,11,21,23,39,44,12
2012-09-19,12,25,35,38,39,40,33
2012-09-22,2,13,14,20,24,38,36
2012-09-26,1,3,5,13,30,31,9
2012-09-29,11,15,21,22,31,39,44
2012-10-03,1,2,4,10,21,30,38
2012-10-06,11,17,24,30,38,39,9
2012-10-10,4,7,14,15,34,38,33
2012-10-13,3,5,6,10,17,39,19
2012-10-17,1,10,20,24,28,33,35
2012-10-20,13,16,21,22,31,40,2
2012-10-24,4,22,34,37,40,44,30
2012-10-27,11,15,16,19,23,39,3
2012-10-31,1,4,5,15,30,44,30
2012-11-03,1,2,11,15,26,39,16
2012-11-07,3,23,24,29,35,44,16
2012-11-10,5,13,14,25,41,44,28
2012-11-14,1,16,22,23,29,45,10
2012-11-17,3,17,19,39,42,45,34
2012-11-21,4,11,19,22,23,40,21
2012-11-24,3,19,24,26,32,42,4
2012-11-28,9,13,16,17,23,41,9
2012-12-01,5,16,20,24,28,36,11
2012-12-05,3,13,14,17,23,43,29
2012-12-08,12,17,26,28,35,36,31
2012-12-12,1,5,6,9,17,26,39
2012-12-15,4,17,25,36,41,45,36
2012-12-19,12,24,29,35,36,39,15
2012-12-22,5,12,14,30,32,45,11
2012-12-26,5,20,35,40,41,44,14
2012-12-29,4,12,14,17,32,41,12
2013-01-02,7,12,21,24,26,37,33
2013-01-05,1,14,38,40,42,44,9
2013-01-09,2,24,38,41,42,43,38
2013-01-12,12,17,24,25,34,41,10
2013-01-16,2,20,21,29,30,45,16
2013-01-19,7,11,12,37,43,45,31
2013-01-23,7,8,21,27,32,36,11
2013-01-26,8,27,35,37,43,45,43
2013-01-30,1,7,24,32,35,37,24
2013-02-02,7,15,17,28,29,35,20
2013-02-06,7,23,26,33,35,37,41
2013-02-09,10,24,28,32,43,45,44
2013-02-13,19,21,24,31,34,44,32
2013-02-16,5,17,22,30,39,40,38
2013-02-20,3,5,30,33,36,45,31
2013-02-23,14,19,24,30,35,39,33
2013-02-27,7,12,25,35,40,44,39
2013-03-02,9,11,14,17,40,43,27
2013-03-06,1,8,17,18,21,44,27
2013-03-09,8,9,10,28,31,43,6
2013-03-13,6,9,25,27,33,39,24
2013-03-16,18,20,30,39,42,43,32
2013-03-20,14,18,20,21,23,35,23
2013-03-23,4,5,7,35,41,42,14
2013-03-27,8,23,28,31,33,44,12
2013-03-30,4,11,18,27,33,44,37
2013-04-03,6,14,16,20,33,39,7
2013-04-06,3,19,24,29,38,39,20
2013-04-10,4,10,21,25,37,39,45
2013-04-13,10,17,21,24,32,43,2
2013-04-17,4,12,15,22,23,33,16
2013-04-20,9,10,15,25,32,40,3
2013-04-24,6,11,13,34,40,44,4
2013-04-27,8,11,23,25,28,37,44
2013-05-01,12,20,26,29,37,38,8
2013-05-04,2,24,28,30,35,45,10
2013-05-08,2,16,24,27,33,38,14
2013-05-11,1,7,24,29,40,42,3
2013-05-15,4,12,21,22,32,45,22
2013-05-18,14,22,26,31,35,39,5
2013-05-22,14,21,29,38,39,44,30
2013-05-25,4,6,32,33,34,40,6
2013-05-29,15,21,22,31,35,43,7
2013-06-01,24,27,29,30,35,41,38
2013-06-05,15,23,24,31,35,43,1
2013-06-08,9,13,16,19,33,37,5
2013-06-12,8,16,17,21,27,42,34
2013-06-15,1,4,10,12,41,45,27
2013-06-19,11,12,17,27,38,45,21
2013-06-22,2,3,5,11,38,43,28
2013-06-26,8,14,21,28,31,35,2
2013-06-29,4,25,28,33,43,44,16
2013-07-03,4,18,21,28,30,43,21
2013-07-06,11,22,25,35,41,44,15
2013-07-10,4,14,21,28,34,38,38
2013-07-13,3,13,15,30,37,38,44
2013-07-17,4,9,14,17,21,25,5
2013-07-20,9,17,35,36,41,42,2
2013-07-24,3,20,33,36,41,44,4
2013-07-27,3,5,18,21,36,39,3
2013-07-31,2,9,11,22,28,44,8
2013-08-03,2,3,9,11,20,43,22
2013-08-07,10,15,20,22,23,42,36
2013-08-10,4,12,16,31,41,42,33
2013-08-14,2,7,11,31,32,35,2
2013-08-17,2,10,20,31,37,41,2
2013-08-21,3,11,19,33,40,44,13
2013-08-24,2,4,12,18,22,40,38
2013-08-28,9,12,16,23,27,40,22
2013-08-31,8,9,20,26,29,38,18
2013-09-04,6,13,16,18,35,37,44
2013-09-07,1,7,26,32,34,35,27
2013-09-11,1,3,7,9,21,41,6
2013-09-14,4,10,12,25,28,33,24
2013-09-18,9,11,25,30,34,36,34
2013-09-21,4,13,23,28,38,41,30
2013-09-25,3,7,9,36,40,41,14
2013-09-28,2,13,15,18,39,44,35
2013-10-02,9,10,17,20,39,44,30
2013-10-05,4,7,13,20,34,44,44
2013-10-09,4,5,10,26,27,31,21
2013-10-12,11,19,21,22,30,40,6
2013-10-16,5,12,22,24,26,30,26
2013-10-19,3,18,28,37,38,39,12
2013-10-23,1,7,16,19,39,42,19
2013-10-26,3,15,24,32,41,42,20
2013-10-30,14,22,24,25,28,44,17
2013-11-02,2,26,28,41,44,45,21
2013-11-06,4,20,36,39,43,45,4
2013-11-09,3,17,21,29,43,45,9
2013-11-13,7,8,20,21,30,40,39
2013-11-16,9,11,18,32,37,39,9
2013-11-20,2,7,30,33,36,44,13
2013-11-23,10,13,18,24,26,38,44
2013-11-27,11,12,16,19,33,39,6
2013-11-30,8,13,14,17,34,45,7
2013-12-04,3,4,14,27,28,29,39
2013-12-07,3,4,6,12,21,25,24
2013-12-11,2,22,29,31,32,34,4
2013-12-14,13,23,27,30,43,44,36
2013-12-18,7,13,25,33,36,42,39
2013-12-21,9,10,13,28,32,42,13
2013-12-25,8,14,22,30,36,40,35
2013-12-28,5,11,19,20,28,29,21
2014-01-01,15,16,18,20,30,40,20
2014-01-04,8,22,25,31,33,35,16
2014-01-08,6,9,28,31,32,44,15
2014-01-11,1,15,19,21,34,37,30
2014-01-15,18,23,30,37,38,42,21
2014-01-18,4,5,10,27,30,44,1
2014-01-22,4,20,28,29,31,40,43
2014-01-25,12,20,23,26,29,31,14
2014-01-29,3,14,21,25,29,35,17
2014-02-01,6,15,21,31,32,43,17
2014-02-05,9,15,24,29,35,42,3
2014-02-08,1,6,7,15,19,25,21
2014-02-12,7,20,23,24,35,41,7
2014-02-15,10,13,27,28,35,45,11
2014-02-19,7,25,26,27,38,41,12
2014-02-22,6,20,22,23,27,42,40
2014-02-26,17,19,27,35,42,44,16
2014-03-01,2,10,12,13,16,27,7
2014-03-05,2,10,12,23,29,42,41
2014-03-08,4,11,19,39,40,43,12
2014-03-12,18,23,25,26,37,39,39
2014-03-15,14,16,28,32,43,44,35
2014-03-19,8,13,16,19,23,44,32
2014-03-22,4,9,13,14,28,38,1
2014-03-26,1,5,10,21,25,43,13
2014-03-29,3,11,12,14,17,30,26
2014-04-02,10,17,31,34,37,39,32
2014-04-05,2,18,19,22,34,38,40
2014-04-09,3,16,23,39,41,45,4
2014-04-12,2,10,27,32,33,38,9
2014-04-16,2,10,11,27,34,37,41
2014-04-19,11,13,14,17,33,43,22
2014-04-23,14,17,20,23,42,43,27
2014-04-26,10,12,19,20,22,33,15
2014-04-30,12,14,21,30,32,42,35
2014-05-03,8,9,10,16,30,34,14
2014-05-07,2,3,5,6,9,45,28
2014-05-10,6,13,19,37,41,42,35
2014-05-14,12,16,21,22,23,25,26
2014-05-17,3,8,23,26,34,38,4
2014-05-21,12,19,21,28,31,34,4
2014-05-24,7,20,21,30,32,34,40
2014-05-28,3,10,23,27,35,38,15
2014-05-31,14,21,23,32,38,45,20
2014-06-04,5,7,10,23,27,41,15
2014-06-07,12,13,22,37,38,41,16
2014-06-11,1,2,9,13,21,43,1
2014-06-14,9,10,17,29,30,44,14
2014-06-18,13,14,16,31,32,39,24
2014-06-21,1,3,13,19,24,42,9
2014-06-25,6,12,18,20,33,37,20
2014-06-28,6,7,11,18,30,31,9
2014-07-02,5,11,14,19,21,37,32
2014-07-05,22,23,31,33,41,43,14
2014-07-09,16,21,33,34,35,43,33
2014-07-12,9,10,13,24,26,29,33
2014-07-16,6,7,15,28,38,40,10
2014-07-19,18,25,28,34,38,45,22
2014-07-23,3,19,21,26,30,34,15
2014-07-26,8,9,16,28,30,38,19
2014-07-30,11,12,20,30,43,44,9
2014-08-02,13,29,30,32,34,44,40
2014-08-06,1,14,24,30,41,45,6
2014-08-09,8,9,10,19,23,37,42
2014-08-13,2,3,19,22,24,25,7
2014-08-16,14,21,25,28,32,40,26
2014-08-20,3,6,12,20,25,29,15
2014-08-23,2,4,8,19,21,26,8
2014-08-27,9,21,22,26,33,43,26
2014-08-30,3,26,27,37,42,44,1
2014-09-03,4,5,7,11,27,34,44
2014-09-06,12,20,27,33,34,35,6
2014-09-10,3,18,21,29,40,45,32
2014-09-13,1,5,9,14,16,25,43
2014-09-17,4,5,24,29,32,39,6
2014-09-20,2,7,12,15,28,45,44
2014-09-24,5,13,24,30,36,40,22
2014-09-27,7,16,22,27,36,39,44
2014-10-01,12,18,20,22,27,32,32
2014-10-04,9,17,18,25,32,34,41
2014-10-08,2,5,22,27,31,44,9
2014-10-11,1,14,20,22,33,45,24
2014-10-15,8,13,34,35,42,45,34
2014-10-18,4,8,9,24,36,45,45
2014-10-22,10,11,20,26,34,39,11
2014-10-25,18,20,28,34,40,41,31
2014-10-29,2,7,29,42,44,45,34
2014-11-01,1,8,16,17,22,38,44
2014-11-05,21,23,24,28,33,38,18
2014-11-08,17,19,21,22,23,44,41
2014-11-12,24,28,29,30,36,39,14
2014-11-15,10,17,37,38,41,45,26
2014-11-19,5,6,15,30,34,36,16
2014-11-22,1,4,6,18,29,31,18
2014-11-26,1,10,27,36,43,44,26
2014-11-29,1,7,21,24,25,26,1
2014-12-03,11,14,28,29,37,44,45
2014-12-06,2,5,37,41,42,43,19
2014-12-10,2,14,20,29,31,33,7
2014-12-13,15,18,28,38,41,42,13
2014-12-17,6,9,13,19,23,25,22
2014-12-20,11,20,28,34,37,39,35
2014-12-24,10,23,26,28,39,42,22
2014-12-27,1,4,5,12,14,21,33
2014-12-31,20,22,26,29,37,43,21
2015-01-03,1,11,24,30,37,45,18
2015-01-07,9,12,25,27,39,45,17
2015-01-10,17,27,28,36,38,39,24
2015-01-14,2,6,20,31,33,40,32
2015-01-17,3,6,24,25,31,45,21
2015-01-21,5,14,18,24,31,33,15
2015-01-24,7,18,27,32,42,44,9
2015-01-28,9,18,19,22,41,45,21
2015-01-31,2,17,19,21,25,39,41
2015-02-04,9,17,31,32,34,43,39
2015-02-07,1,2,3,14,32,40,28
2015-02-11,6,8,17,28,30,42,19
2015-02-14,11,15,28,32,42,44,2
2015-02-18,8,18,20,21,25,35,6
2015-02-21,27,28,31,32,34,38,44
2015-02-25,3,5,22,30,31,39,21
2015-02-28,4,6,11,30,40,41,36
2015-03-04,7,16,23,24,28,31,30
2015-03-07,9,10,13,15,23,32,19
2015-03-11,8,9,18,25,35,38,35
2015-03-14,10,12,22,24,33,35,20
2015-03-18,15,26,29,34,38,44,32
2015-03-21,2,6,24,27,33,41,33
2015-03-25,11,12,14,21,32,42,27
2015-03-28,13,25,27,35,38,39,17
2015-04-01,7,8,14,26,32,44,33
2015-04-04,7,15,16,29,33,35,10
2015-04-08,5,6,8,14,20,22,11
2015-04-11,1,6,7,25,35,36,30
2015-04-15,1,22,27,32,37,45,22
2015-04-18,15,28,31,32,34,36,31
2015-04-22,6,7,10,20,37,39,27
2015-04-25,6,7,26,30,32,37,9
2015-04-29,10,11,12,23,26,39,25
2015-05-02,13,15,20,24,26,38,17
2015-05-06,8,14,16,22,38,39,17
2015-05-09,4,8,13,24,26,39,26
2015-05-13,10,18,20,21,28,33,11
2015-05-16,8,19,21,29,33,43,19
2015-05-20,5,12,16,26,33,45,41
2015-05-23,1,15,26,35,38,39,41
2015-05-27,7,8,22,29,36,45,6
2015-05-30,15,16,24,27,38,40,34
2015-06-03,4,9,28,33,38,44,9
2015-06-06,5,10,11,18,25,40,3
2015-06-10,1,5,11,17,21,33,9
2015-06-13,9,12,21,23,27,31,40
2015-06-17,3,4,10,19,35,37,15
2015-06-20,18,20,22,28,31,36,23
2015-06-24,15,20,32,35,36,40,26
2015-06-27,3,4,8,9,14,39,36
2015-07-01,14,30,36,38,40,45,33
2015-07-04,13,14,29,34,38,43,8
2015-07-08,2,16,32,40,41,42,38
2015-07-11,1,15,20,21,25,32,17
2015-07-15,9,11,13,24,26,27,45
2015-07-18,3,8,32,36,40,41,16
2015-07-22,4,12,13,23,36,44,45
2015-07-25,1,4,10,17,25,38,15
2015-07-29,3,27,28,32,36,41,21
2015-08-01,3,9,27,28,31,32,4
2015-08-05,1,14,16,20,23,37,12
2015-08-08,1,12,13,15,29,43,10
2015-08-12,27,30,36,40,42,45,3
2015-08-15,1,6,9,14,21,26,10
2015-08-19,4,9,16,22,30,38,44
2015-08-22,4,6,8,11,18,32,18
2015-08-26,8,11,12,18,25,45,28
2015-08-29,3,8,14,31,33,45,41
2015-09-02,4,20,31,40,43,44,13
2015-09-05,2,14,34,38,41,43,45
2015-09-09,6,7,14,23,37,44,33
2015-09-12,3,9,13,15,25,29,6
2015-09-16,5,7,10,23,27,45,8
2015-09-19,2,3,10,20,41,43,32
2015-09-23,1,29,41,42,43,44,9
2015-09-26,6,10,17,27,35,37,24
2015-09-30,10,23,33,34,42,44,9
2015-10-03,7,11,12,23,31,37,27
2015-10-07,4,7,10,15,31,38,21
2015-10-10,6,10,20,41,42,44,33
2015-10-14,1,14,21,33,41,42,7
2015-10-17,15,19,28,31,35,45,19
2015-10-21,8,21,23,35,39,45,17
2015-10-24,2,6,10,19,32,45,11
2015-10-28,7,16,17,23,28,45,24
2015-10-31,16,20,31,32,37,43,8
2015-11-04,7,14,22,23,36,40,27
2015-11-07,4,8,18,20,23,40,15
2015-11-11,16,17,19,22,38,43,33
2015-11-14,8,20,21,30,39,45,2
2015-11-18,4,9,14,32,36,38,6
2015-11-21,5,14,17,25,33,39,31
2015-11-25,3,6,10,25,27,31,2
2015-11-28,14,18,32,40,42,44,30
2015-12-02,7,15,20,21,27,30,12
2015-12-05,1,7,16,20,29,42,28
2015-12-09,2,20,33,34,35,42,23
2015-12-12,4,22,26,30,34,41,28
2015-12-16,3,5,8,18,21,37,25
2015-12-19,5,13,16,19,30,36,13
2015-12-23,8,18,22,26,28,40,14
2015-12-26,5,8,10,14,22,37,42
2015-12-30,2,7,21,27,30,41,43
2016-01-02,6,10,11,24,39,42,13
2016-01-06,10,18,20,29,35,43,8
2016-01-09,7,14,21,25,35,43,14
2016-01-13,3,14,17,19,29,31,14
2016-01-16,16,17,26,28,33,42,17
2016-01-20,1,3,6,23,24,40,38
2016-01-23,21,30,35,37,40,42,38
2016-01-27,4,21,28,34,35,41,5
2016-01-30,22,25,26,32,42,43,44
2016-02-03,1,19,33,35,38,43,2
2016-02-06,2,7,10,24,26,30,30
2016-02-10,11,13,17,23,42,45,31
2016-02-13,2,4,8,22,24,35,21
2016-02-17,3,11,16,23,36,40,42
2016-02-20,3,14,15,20,25,39,8
2016-02-24,7,26,31,35,40,44,16
2016-02-27,1,9,10,12,42,43,6
2016-03-02,3,5,14,21,25,26,13
2016-03-05,4,9,19,28,35,37,6
2016-03-09,3,9,11,24,31,40,11
2016-03-12,3,8,25,38,41,44,14
2016-03-16,9,17,21,26,29,32,7
2016-03-19,7,9,12,17,21,32,14
2016-03-23,8,9,26,28,29,34,39
2016-03-26,5,14,17,23,31,44,35
2016-03-30,8,10,11,15,30,31,40
2016-04-02,1,5,11,26,34,36,18
2016-04-06,2,9,14,25,33,45,39
2016-04-09,2,4,6,7,30,41,31
2016-04-13,7,21,22,23,26,27,25
2016-04-16,4,13,23,24,25,41,14
2016-04-20,6,11,21,29,34,42,11
2016-04-23,4,16,22,27,31,44,5
2016-04-27,7,10,14,28,34,35,25
2016-04-30,11,19,24,26,33,38,10
2016-05-04,10,19,24,25,33,41,35
2016-05-07,7,18,21,28,33,41,8
2016-05-11,9,14,17,19,36,39,42
2016-05-14,7,19,21,22,32,44,41
2016-05-18,3,5,9,15,29,34,15
2016-05-21,2,10,11,21,35,45,45
2016-05-25,4,6,11,17,24,42,39
2016-05-28,4,5,20,26,31,41,29
2016-06-01,7,23,25,29,36,39,17
2016-06-04,6,12,23,24,39,42,10
2016-06-08,4,18,22,37,44,45,18
2016-06-11,6,17,18,26,31,44,45
2016-06-15,5,6,9,21,31,35,34
2016-06-18,4,18,22,27,34,41,32
2016-06-22,10,17,20,22,23,31,21
2016-06-25,10,11,19,28,35,41,6
2016-06-29,12,18,20,26,27,32,19
2016-07-02,1,5,17,18,21,29,3
2016-07-06,11,12,17,20,26,36,37
2016-07-09,8,20,22,32,37,45,26
2016-07-13,2,7,13,22,23,45,32
2016-07-16,23,26,29,33,38,43,7
2016-07-20,9,10,15,30,36,44,36
2016-07-23,1,15,17,20,29,34,44
2016-07-27,20,22,23,27,29,38,33
2016-07-30,6,10,17,25,27,34,19
2016-08-03,7,16,27,35,40,41,5
2016-08-06,2,5,6,20,28,31,38
2016-08-10,12,17,19,22,34,35,2
2016-08-13,6,8,24,36,37,45,14
2016-08-17,2,3,27,36,39,45,30
2016-08-20,7,18,20,27,33,37,18
2016-08-24,5,8,12,26,27,39,42
2016-08-27,6,12,16,17,21,43,36
2016-08-31,1,14,20,24,29,44,13
2016-09-03,3,12,21,27,29,31,41
2016-09-07,6,7,12,21,33,44,19
2016-09-10,27,29,31,33,38,44,39
2016-09-14,7,9,25,27,28,38,38
2016-09-17,19,26,31,34,40,43,15
2016-09-21,22,29,31,32,36,44,7
2016-09-24,1,12,20,24,27,37,42
2016-09-28,12,15,17,25,35,42,13
2016-10-01,1,2,5,8,16,28,34
2016-10-05,7,9,11,13,27,38,20
2016-10-08,18,20,24,33,35,44,6
2016-10-12,4,14,23,27,34,36,34
2016-10-15,2,6,17,27,28,40,24
2016-10-19,11,21,23,27,35,45,35
2016-10-22,2,6,10,26,31,42,25
2016-10-26,1,17,18,19,21,28,6
2016-10-29,3,7,14,31,42,43,19
2016-11-02,10,16,27,30,37,43,22
2016-11-05,1,2,19,28,40,43,24
2016-11-09,2,16,28,33,35,39,7
2016-11-12,11,32,33,36,43,44,36
2016-11-16,1,5,23,24,27,37,27
2016-11-19,7,17,24,26,28,44,26
2016-11-23,6,19,31,32,34,44,41
2016-11-26,2,10,28,29,33,35,2
2016-11-30,1,23,27,30,32,43,15
2016-12-03,6,25,26,31,32,34,7
2016-12-07,2,3,10,16,21,28,7
2016-12-10,7,17,24,30,31,35,36
2016-12-14,6,11,17,25,26,33,45
2016-12-17,10,12,25,32,36,37,12
2016-12-21,27,32,33,34,41,43,40
2016-12-24,1,24,25,27,40,43,26
2016-12-28,1,4,20,26,27,28,32
2016-12-31,10,17,33,37,40,43,18
2017-01-04,2,17,21,22,23,34,1
2017-01-07,10,13,14,26,28,45,45
2017-01-11,7,12,20,31,35,40,36
2017-01-14,2,5,23,28,30,45,14
2017-01-18,4,5,13,18,22,44,3
2017-01-21,3,6,15,21,34,40,19
2017-01-25,4,7,8,22,28,36,14
2017-01-28,4,18,22,24,40,45,2
2017-02-01,3,15,23,26,33,41,3
2017-02-04,3,7,12,28,38,43,15
2017-02-08,11,12,14,16,26,41,23
2017-02-11,4,12,18,35,37,38,8
2017-02-15,5,11,14,38,41,42,33
2017-02-18,14,25,30,32,34,38,26
2017-02-22,6,8,9,20,23,29,37
2017-02-25,4,6,14,17,22,23,12
2017-03-01,15,23,27,29,32,40,9
2017-03-04,20,25,36,38,40,42,25
2017-03-08,1,7,19,20,23,34,12
2017-03-11,2,4,7,24,35,37,37
2017-03-15,14,16,23,38,44,45,15
2017-03-18,1,8,13,19,26,44,16
2017-03-22,6,8,9,12,27,44,30
2017-03-25,18,27,28,30,37,44,13
2017-03-29,3,13,20,21,25,39,33
2017-04-01,2,21,22,27,29,40,6
2017-04-05,8,14,18,23,27,31,31
2017-04-08,20,21,29,37,39,45,25
2017-04-12,3,4,16,28,30,35,23
2017-04-15,6,23,26,31,33,43,22
2017-04-19,2,12,21,27,32,42,40
2017-04-22,7,22,24,25,37,45,30
2017-04-26,14,20,27,30,37,44,34
2017-04-29,18,19,22,23,24,32,11
2017-05-03,2,14,16,19,30,43,6
2017-05-06,3,4,8,24,33,44,36
2017-05-10,6,11,18,25,32,40,13
2017-05-13,5,26,32,39,40,43,25
2017-05-17,6,10,14,22,33,35,4
2017-05-20,6,10,18,24,30,33,18
2017-05-24,15,18,23,30,38,41,39
2017-05-27,5,17,18,33,39,42,29
2017-05-31,12,17,23,28,37,42,39
2017-06-03,8,10,29,33,37,42,37
2017-06-07,6,7,14,15,24,44,15
2017-06-10,8,18,27,36,40,45,22
2017-06-14,9,10,15,19,34,37,19
2017-06-17,13,19,21,30,37,41,38
2017-06-21,14,17,19,25,31,45,29
2017-06-24,9,17,22,37,38,43,3
2017-06-28,7,8,11,24,30,33,10
2017-07-01,11,13,16,20,32,33,19
2017-07-05,2,7,12,33,35,37,18
2017-07-08,3,5,19,27,32,38,44
2017-07-12,8,14,15,21,24,32,3
2017-07-15,6,10,16,17,28,44,11
2017-07-19,12,13,20,23,41,44,31
2017-07-22,5,10,22,24,29,45,4
2017-07-26,10,22,25,28,43,45,28
2017-07-29,2,10,18,39,41,43,9
2017-08-02,1,5,6,38,42,44,44
2017-08-05,7,8,14,18,38,44,28
2017-08-09,8,10,16,20,34,44,11
2017-08-12,15,17,31,39,40,44,22
2017-08-16,6,7,13,22,25,33,33
2017-08-19,2,17,29,32,33,43,13
2017-08-23,2,9,19,41,43,44,42
2017-08-26,2,3,11,19,41,42,20
2017-08-30,3,22,31,33,38,41,42
2017-09-02,4,10,27,33,35,38,3
2017-09-06,6,7,19,21,29,32,9
2017-09-09,14,15,30,33,41,44,45
2017-09-13,11,13,16,17,31,33,42
2017-09-16,12,16,24,29,30,35,11
2017-09-20,1,4,19,21,23,27,9
2017-09-23,14,17,28,35,38,41,5
2017-09-27,7,20,21,24,28,36,35
2017-09-30,6,9,16,31,33,34,42
2017-10-04,1,6,13,26,40,45,20
2017-10-07,3,20,21,26,35,45,22
2017-10-11,2,5,24,25,26,39,22
2017-10-14,4,5,11,26,32,33,4
2017-10-18,4,7,27,29,36,44,36
2017-10-21,1,11,20,23,30,34,12
2017-10-25,2,11,20,24,33,43,43
2017-10-28,9,11,18,20,23,45,39
2017-11-01,8,9,20,22,28,40,42
2017-11-04,8,19,23,40,42,45,10
2017-11-08,8,14,19,26,27,28,42
2017-11-11,4,18,23,27,33,40,2
2017-11-15,2,4,8,9,21,43,44
2017-11-18,19,27,33,34,40,44,39
2017-11-22,9,12,18,28,36,37,22
2017-11-25,4,11,21,26,36,41,23
2017-11-29,13,20,22,29,32,39,44
2017-12-02,2,18,20,25,42,43,1
2017-12-06,1,3,12,23,33,34,44
2017-12-09,13,14,16,17,26,41,8
2017-12-13,2,9,10,23,29,42,11
2017-12-16,16,32,33,38,39,44,38
2017-12-20,19,23,29,31,34,45,42
2017-12-23,2,4,9,22,37,43,22
2017-12-27,5,11,20,23,32,44,31
2017-12-30,2,12,17,26,34,41,35
2018-01-03,18,28,34,35,39,42,45
2018-01-06,8,9,20,26,35,37,34
2018-01-10,5,11,29,30,35,40,7
2018-01-13,8,12,14,15,43,44,17
2018-01-17,1,2,5,32,42,43,34
2018-01-20,4,12,21,24,31,39,44
2018-01-24,1,7,26,33,36,37,13
2018-01-27,1,23,27,35,36,38,10
2018-01-31,4,13,32,34,42,43,5
2018-02-03,1,13,18,22,23,25,43
2018-02-07,9,12,17,18,39,40,10
2018-02-10,9,10,12,15,23,38,12
2018-02-14,6,16,28,31,35,36,26
2018-02-17,5,8,16,24,37,39,22
2018-02-21,6,8,23,25,34,37,18
2018-02-24,1,7,17,25,30,40,21
2018-02-28,11,12,29,37,39,43,7
2018-03-03,6,12,22,33,35,40,17
2018-03-07,11,28,33,37,40,43,19
2018-03-10,3,10,11,20,24,32,4
2018-03-14,4,8,9,10,15,22,34
2018-03-17,5,15,19,22,26,44,28
2018-03-21,14,18,39,41,43,45,6
2018-03-24,7,15,18,29,35,38,25
2018-03-28,12,17,18,19,21,34,37
2018-03-31,14,25,26,27,39,45,3
2018-04-04,2,13,14,28,33,37,32
2018-04-07,6,8,32,35,36,40,17
2018-04-11,5,14,16,21,27,44,36
2018-04-14,4,8,9,15,16,20,34
2018-04-18,13,23,25,31,40,45,8
2018-04-21,9,20,22,24,26,39,27
2018-04-25,1,13,15,21,36,42,11
2018-04-28,2,7,18,25,27,42,32
2018-05-02,14,16,17,23,35,39,19
2018-05-05,2,10,15,19,40,45,4
2018-05-09,4,6,11,14,40,43,5
2018-05-12,5,15,22,35,37,39,12
2018-05-16,2,4,33,34,44,45,45
2018-05-19,9,10,14,23,41,42,1
2018-05-23,1,3,7,17,37,41,34
2018-05-26,9,11,16,19,26,28,20
2018-05-30,11,23,32,33,34,36,27
2018-06-02,1,7,15,17,20,44,1
2018-06-06,3,5,15,37,43,44,36
2018-06-09,17,18,25,30,38,41,2
2018-06-13,5,18,26,27,32,37,7
2018-06-16,1,9,14,16,41,42,43
2018-06-20,5,12,17,18,24,35,22
2018-06-23,16,21,23,30,31,35,19
2018-06-27,8,16,39,40,42,44,6
2018-06-30,5,6,10,14,30,36,26
2018-07-04,4,13,27,39,40,44,15
2018-07-07,5,18,21,27,30,32,30
2018-07-11,3,12,22,32,38,43,38
2018-07-14,2,6,8,15,30,33,8
2018-07-18,11,16,31,32,39,45,34
2018-07-21,9,12,20,22,27,44,5
2018-07-25,8,12,27,34,40,43,11
2018-07-28,12,15,22,26,37,38,15
2018-08-01,2,22,23,25,32,42,2
2018-08-04,9,14,18,28,33,35,14
2018-08-08,1,12,17,21,30,44,3
2018-08-11,5,14,25,30,37,45,45
2018-08-15,22,27,29,30,35,45,38
2018-08-18,1,13,19,20,36,45,39
2018-08-22,5,9,16,22,33,40,32
2018-08-25,5,6,21,23,27,32,17
2018-08-29,2,9,11,18,22,39,15
2018-09-01,22,23,25,27,30,38,23
2018-09-05,12,21,27,29,33,44,17
2018-09-08,1,2,20,27,41,45,40
2018-09-12,1,9,28,37,39,45,1
2018-09-15,3,5,8,17,22,30,44
2018-09-19,7,13,18,21,32,33,6
2018-09-22,4,12,14,20,31,42,7
2018-09-26,21,26,30,31,42,45,44
2018-09-29,7,8,18,19,26,40,14
2018-10-03,3,6,13,34,40,44,32
2018-10-06,1,3,7,11,18,28,3
2018-10-10,1,12,19,21,25,35,38
2018-10-13,4,7,8,23,30,41,11
2018-10-17,2,26,31,33,41,42,39
2018-10-20,9,14,28,29,31,41,38
2018-10-24,5,16,23,26,41,42,29
2018-10-27,6,13,23,25,33,45,1
2018-10-31,7,8,10,18,24,32,11
2018-11-03,3,16,28,33,40,41,15
2018-11-07,4,20,22,30,32,37,22
2018-11-10,9,11,16,26,29,32,9
2018-11-14,22,23,27,34,40,43,23
2018-11-17,1,9,20,30,42,43,11
2018-11-21,1,2,5,17,23,25,38
2018-11-24,3,18,25,27,37,45,40
2018-11-28,2,4,27,31,34,37,42
2018-12-01,4,8,12,19,27,37,25
2018-12-05,11,16,18,19,31,33,4
2018-12-08,2,9,18,19,35,41,12
2018-12-12,1,8,9,13,25,37,36
2018-12-15,2,23,25,34,35,43,38
2018-12-19,14,26,32,36,43,44,10
2018-12-22,3,6,12,13,37,40,35
2018-12-26,3,13,16,25,29,41,18
2018-12-29,12,13,19,25,31,36,3
2019-01-02,12,16,19,20,40,42,23
2019-01-05,1,3,7,13,16,27,40
2019-01-09,25,29,33,34,43,44,26
2019-01-12,15,24,31,32,37,38,36
2019-01-16,1,2,22,25,37,45,14
2019-01-19,7,15,16,18,23,38,6
2019-01-23,5,17,25,28,30,42,28
2019-01-26,7,11,16,17,27,43,32
2019-01-30,14,20,31,32,34,45,30
2019-02-02,4,5,9,17,28,38,37
2019-02-06,5,10,22,31,33,44,33
2019-02-09,6,10,26,30,31,34,18
2019-02-13,5,7,13,29,33,35,35
2019-02-16,9,17,25,34,36,41,11
2019-02-20,1,7,12,29,32,35,10
2019-02-23,8,16,35,37,42,44,31
2019-02-27,11,13,20,25,26,40,26
2019-03-02,8,12,15,25,27,36,10
2019-03-06,4,11,20,23,25,30,8
2019-03-09,6,16,19,22,26,38,45
2019-03-13,5,12,19,27,33,45,18
2019-03-16,1,3,17,28,29,30,13
2019-03-20,12,29,32,34,38,45,33
2019-03-23,21,22,25,28,33,35,35
2019-03-27,1,21,27,37,38,42,39
2019-03-30,24,32,35,40,42,45,41
2019-04-03,4,13,17,22,26,28,27
2019-04-06,9,15,20,23,24,39,14
2019-04-10,1,19,28,33,41,45,23
2019-04-13,15,24,30,32,36,40,14
2019-04-17,5,7,11,16,24,42,33
2019-04-20,10,11,19,22,40,42,31
2019-04-24,3,4,11,21,30,45,43
2019-04-27,3,13,27,28,30,44,20
2019-05-01,6,16,18,22,29,34,9
2019-05-04,6,8,27,28,39,43,18
2019-05-08,4,9,13,18,24,36,22
2019-05-11,1,7,20,24,27,36,7
2019-05-15,17,19,21,27,28,36,42
2019-05-18,4,8,10,24,37,38,40
2019-05-22,1,16,25,32,33,34,18
2019-05-25,6,11,16,21,28,44,25
2019-05-29,6,23,24,26,35,38,31
2019-06-01,5,29,30,31,32,35,12
2019-06-05,2,15,23,29,34,39,1
2019-06-08,11,17,18,24,25,45,18
2019-06-12,12,14,33,36,38,39,23
2019-06-15,9,19,21,32,35,43,2
2019-06-19,12,21,24,31,36,43,8
2019-06-22,1,9,14,16,28,38,15
2019-06-26,3,4,27,29,44,45,19
2019-06-29,11,13,21,28,39,44,44
2019-07-03,3,10,15,18,23,37,18
2019-07-06,2,10,17,33,37,41,10
2019-07-10,4,8,20,25,37,43,12
2019-07-13,7,11,15,18,42,43,5
2019-07-17,4,11,18,24,32,33,14
2019-07-20,6,24,26,33,36,40,19
2019-07-24,10,11,15,20,32,39,10
2019-07-27,14,35,37,38,40,43,22
2019-07-31,1,2,8,28,31,40,6
2019-08-03,11,12,24,29,37,45,30
2019-08-07,9,10,29,35,42,44,38
2019-08-10,23,24,25,27,33,34,39
2019-08-14,3,14,26,29,35,42,12
2019-08-17,8,11,23,37,39,40,15
2019-08-21,12,19,24,28,30,39,39
2019-08-24,2,8,22,28,29,34,37
2019-08-28,7,12,30,37,38,43,15
2019-08-31,8,25,33,37,40,43,41
2019-09-04,3,16,22,28,34,44,16
2019-09-07,7,13,14,18,39,41,15
2019-09-11,3,4,15,27,35,37,24
2019-09-14,3,30,32,39,41,44,1
2019-09-18,4,8,33,35,36,45,35
2019-09-21,28,30,31,32,39,41,22
2019-09-25,8,11,17,18,28,36,21
2019-09-28,6,13,25,36,37,42,23
2019-10-02,10,12,14,24,29,36,3
2019-10-05,6,12,23,27,28,38,5
2019-10-09,3,8,9,14,23,36,21
2019-10-12,6,16,17,21,25,36,35
2019-10-16,7,9,30,41,42,45,18
2019-10-19,7,21,26,34,35,41,33
2019-10-23,9,20,22,28,39,44,17
2019-10-26,2,6,9,14,31,32,31
2019-10-30,4,7,27,31,35,40,27
2019-11-02,4,13,16,20,23,35,28
2019-11-06,2,3,32,36,37,44,38
2019-11-09,12,16,17,19,33,45,44
2019-11-13,6,10,27,28,34,45,32
2019-11-16,4,19,21,23,25,40,25
2019-11-20,7,9,13,37,40,44,14
2019-11-23,1,2,4,13,30,36,10
2019-11-27,11,29,33,35,41,45,28
2019-11-30,1,10,14,18,33,34,36
2019-12-04,8,19,26,29,36,38,16
2019-12-07,6,12,16,22,24,43,16
2019-12-11,8,21,28,33,40,42,24
2019-12-14,4,13,18,35,43,45,12
2019-12-18,18,20,26,38,40,43,31
2019-12-21,9,21,26,27,33,36,3
2019-12-25,7,8,14,21,23,40,6
2019-12-28,8,10,14,16,17,28,36
2020-01-01,1,15,21,29,34,42,14
2020-01-04,1,5,12,14,34,38,10
2020-01-08,2,12,22,23,26,37,2
2020-01-11,9,17,21,32,35,36,20
2020-01-15,7,9,12,21,36,40,1
2020-01-18,1,4,7,18,30,37,28
2020-01-22,1,7,21,36,41,44,31
2020-01-25,5,7,13,15,21,32,5
2020-01-29,4,10,14,21,30,44,23
2020-02-01,4,20,21,38,39,41,8
2020-02-05,7,13,17,20,38,44,44
2020-02-08,3,6,12,23,25,35,30
2020-02-12,10,13,21,30,35,44,37
2020-02-15,17,20,26,38,39,40,4
2020-02-19,9,30,37,38,40,42,14
2020-02-22,16,20,23,30,34,44,23
2020-02-26,6,7,20,22,23,41,8
2020-02-29,6,12,13,31,37,45,37
2020-03-04,11,18,34,36,37,38,20
2020-03-07,12,19,21,29,32,45,41
2020-03-11,15,16,17,22,36,44,28
2020-03-14,5,6,11,17,29,38,38
2020-03-18,2,3,16,24,31,35,8
2020-03-21,1,7,10,15,21,40,15
2020-03-25,7,9,16,19,26,40,44
2020-03-28,11,12,13,15,17,38,27
2020-04-01,20,25,28,32,38,43,2
2020-04-04,2,17,28,35,39,41,28
2020-04-08,9,14,19,25,32,34,12
2020-04-11,12,18,26,28,41,43,21
2020-04-15,8,9,14,26,30,31,39
2020-04-18,3,15,20,27,35,45,30
2020-04-22,4,10,31,32,33,40,15
2020-04-25,2,3,19,25,28,45,27
2020-04-29,3,27,29,34,35,40,37
2020-05-02,8,10,12,15,27,39,26
2020-05-06,7,11,18,22,26,29,2
2020-05-09,5,26,30,34,38,39,5
2020-05-13,7,18,20,28,36,43,6
2020-05-16,2,3,11,17,25,27,14
2020-05-20,14,32,35,37,38,39,8
2020-05-23,7,9,26,34,35,44,44
2020-05-27,16,18,24,25,30,33,37
2020-05-30,13,17,23,30,34,35,41
2020-06-03,3,17,20,28,30,41,44
2020-06-06,2,9,13,25,35,41,22
2020-06-10,15,19,21,29,34,35,45
2020-06-13,17,31,34,36,39,45,24
2020-06-17,10,15,18,29,42,44,5
2020-06-20,1,6,10,19,31,37,36
2020-06-24,8,20,23,24,26,45,39
2020-06-27,3,11,21,23,33,45,44
2020-07-01,6,16,25,28,30,36,32
2020-07-04,10,12,24,28,33,39,10
2020-07-08,3,12,14,20,24,34,29
2020-07-11,9,10,11,28,38,43,1
2020-07-15,9,10,18,25,29,45,11
2020-07-18,5,10,12,31,33,40,26
2020-07-22,9,10,19,29,32,33,36
2020-07-25,1,2,21,33,35,45,18
2020-07-29,1,7,12,14,25,37,15
2020-08-01,3,7,12,24,27,39,15
2020-08-05,5,9,13,24,28,35,7
2020-08-08,3,4,15,19,29,40,6
2020-08-12,11,21,24,26,33,40,39
2020-08-15,6,7,21,34,43,44,26
2020-08-19,6,8,19,26,42,45,18
2020-08-22,2,23,32,34,40,45,23
2020-08-26,10,18,25,30,42,45,17
2020-08-29,4,5,8,9,10,42,43
2020-09-02,10,18,27,30,31,32,1
2020-09-05,6,15,29,33,40,42,36
2020-09-09,8,11,23,28,40,44,26
2020-09-12,3,14,15,22,32,43,40
2020-09-16,5,12,18,22,26,35,13
2020-09-19,1,9,12,13,15,40,43
2020-09-23,5,23,27,31,41,43,20
2020-09-26,1,5,15,23,24,25,43
2020-09-30,8,19,20,29,36,39,17
2020-10-03,5,7,10,39,42,45,3
2020-10-07,11,12,23,33,34,35,24
2020-10-10,4,6,29,41,42,44,3
2020-10-14,9,17,18,28,34,37,35
2020-10-17,5,17,23,27,34,41,20
2020-10-21,3,7,8,17,44,45,33
2020-10-24,4,11,17,18,30,36,44
2020-10-28,13,21,26,33,40,45,42
2020-10-31,4,7,18,35,36,45,6
2020-11-04,8,16,19,20,25,28,18
2020-11-07,11,24,25,32,33,43,36
2020-11-11,6,15,19,20,26,31,43
2020-11-14,13,20,26,31,37,41,40
2020-11-18,23,32,34,37,39,40,8
2020-11-21,1,4,10,14,18,31,33
2020-11-25,22,26,27,31,32,41,3
2020-11-28,3,7,13,16,29,41,10
2020-12-02,1,3,8,15,32,45,35
2020-12-05,2,19,25,34,38,43,3
2020-12-09,3,25,29,33,41,44,9
2020-12-12,4,5,15,30,34,36,26
2020-12-16,3,5,33,34,35,36,33
2020-12-19,6,12,20,21,33,34,27
2020-12-23,1,18,22,23,24,28,20
2020-12-26,20,22,35,36,41,42,26
2020-12-30,10,23,26,31,34,42,10
2021-01-02,1,6,11,13,40,42,18
2021-01-06,2,6,24,26,36,40,42
2021-01-09,1,11,17,32,34,40,44
2021-01-13,9,14,27,29,36,41,45
2021-01-16,5,6,17,19,23,26,10
2021-01-20,12,13,18,24,30,34,1
2021-01-23,2,8,12,23,33,35,15
2021-01-27,8,11,13,14,17,44,20
2021-01-30,4,8,15,18,24,25,14
2021-02-03,17,28,31,34,41,44,1
2021-02-06,11,20,27,43,44,45,20
2021-02-10,6,7,10,15,23,31,15
2021-02-13,4,6,15,18,38,45,4
2021-02-17,2,13,20,21,31,35,21
2021-02-20,9,14,16,25,32,43,38
2021-02-24,5,11,13,21,39,44,40
2021-02-27,4,8,9,23,29,45,29
2021-03-03,2,7,13,22,29,34,30
2021-03-06,14,17,20,21,27,32,35
2021-03-10,2,16,18,23,34,41,43
2021-03-13,11,12,19,31,37,43,33
2021-03-17,3,7,18,22,24,35,4
2021-03-20,3,24,26,30,31,38,38
2021-03-24,12,19,23,30,32,41,37
2021-03-27,9,10,11,14,26,43,23
2021-03-31,3,22,25,34,36,37,23
2021-04-03,5,8,13,17,24,28,17
2021-04-07,5,9,18,20,24,42,22
2021-04-10,4,9,12,22,37,40,3
2021-04-14,1,13,17,25,40,45,21
2021-04-17,2,12,16,19,20,31,1
2021-04-21,13,16,27,31,34,41,4
2021-04-24,1,6,15,29,30,42,30
2021-04-28,12,21,23,30,36,43,17
2021-05-01,12,17,22,36,37,45,40
2021-05-05,6,7,9,17,32,44,7
2021-05-08,1,3,11,12,34,44,1
2021-05-12,2,27,28,36,40,44,42
2021-05-15,2,5,11,16,31,42,27
2021-05-19,11,17,18,30,31,41,18
2021-05-22,4,22,32,33,36,43,31
2021-05-26,18,23,24,27,31,42,32
2021-05-29,8,9,11,19,31,43,23
2021-06-02,2,3,17,29,30,31,15
2021-06-05,5,16,22,25,35,37,31
2021-06-09,9,18,24,31,34,41,6
2021-06-12,11,14,22,34,39,44,36
2021-06-16,1,10,26,29,37,44,6
2021-06-19,13,20,22,33,35,45,36
2021-06-23,2,9,11,13,33,35,38
2021-06-26,12,13,17,19,34,39,42
2021-06-30,8,16,17,27,31,43,39
2021-07-03,17,20,22,38,39,45,13
2021-07-07,3,6,9,19,33,36,23
2021-07-10,13,20,22,30,38,45,34
2021-07-14,1,10,13,33,41,42,41
2021-07-17,19,25,32,35,43,45,12
2021-07-21,1,4,11,13,27,43,21
2021-07-24,10,15,28,38,39,41,3
2021-07-28,6,7,13,15,35,44,18
2021-07-31,1,30,33,39,44,45,3
2021-08-04,3,15,30,34,35,45,13
2021-08-07,2,3,4,26,27,39,23
2021-08-11,2,5,10,24,30,42,38
2021-08-14,4,9,20,24,37,39,27
2021-08-18,4,6,11,15,38,42,41
2021-08-21,7,8,14,28,38,41,5
2021-08-25,5,19,23,27,41,43,1
2021-08-28,2,6,10,17,18,40,10
2021-09-01,9,13,16,22,25,38,28
2021-09-04,4,9,16,17,28,29,15
2021-09-08,9,11,24,30,43,44,17
2021-09-11,9,10,24,28,35,44,9
2021-09-15,14,18,21,29,40,44,17
2021-09-18,3,9,22,32,36,38,10
2021-09-22,4,5,9,13,35,44,17
2021-09-25,11,20,31,33,39,44,1
2021-09-29,4,13,14,16,29,36,8
2021-10-02,9,25,30,31,34,38,45
2021-10-06,2,14,21,23,33,42,42
2021-10-09,9,15,21,29,33,37,33
2021-10-13,6,21,32,41,42,43,6
2021-10-16,10,26,28,35,38,39,43
2021-10-20,3,7,18,19,32,36,12
2021-10-23,11,31,32,36,37,44,40
2021-10-27,9,17,22,32,34,35,37
2021-10-30,2,10,24,25,34,36,9
2021-11-03,1,5,11,20,28,32,5
2021-11-06,7,8,16,18,24,42,7
2021-11-10,4,5,7,30,31,44,8
2021-11-13,2,6,7,9,12,45,26
2021-11-17,6,14,15,24,25,28,1
2021-11-20,20,27,31,36,41,44,11
2021-11-24,4,5,6,8,28,40,42
2021-11-27,3,9,16,26,32,34,38
2021-12-01,2,13,16,17,18,29,31
2021-12-04,8,9,10,12,19,30,16
2021-12-08,3,6,13,14,18,29,26
2021-12-11,23,25,26,34,39,41,40
2021-12-15,4,26,27,32,35,43,34
2021-12-18,2,4,5,28,29,37,40
2021-12-22,17,18,25,27,34,43,21
2021-12-25,1,15,16,23,34,35,1
2021-12-29,2,19,32,37,39,41,12
2022-01-01,9,13,14,15,17,44,36
2022-01-05,3,17,20,23,25,34,2
2022-01-08,4,17,28,30,35,37,36
2022-01-12,20,22,23,26,38,44,43
2022-01-15,3,13,15,26,31,39,8
2022-01-19,2,5,23,26,31,36,29
2022-01-22,3,5,6,25,29,33,4
2022-01-26,4,14,17,30,43,45,22
2022-01-29,8,14,18,19,40,43,5
2022-02-02,9,14,19,34,38,40,13
2022-02-05,2,5,8,29,31,44,35
2022-02-09,3,9,13,21,29,41,5
2022-02-12,7,14,15,20,38,39,15
2022-02-16,13,15,24,25,33,34,24
2022-02-19,8,25,29,30,32,41,24
2022-02-23,10,14,15,16,39,43,17
2022-02-26,7,9,11,15,16,24,39
2022-03-02,10,16,23,26,37,40,10
2022-03-05,11,13,14,19,24,32,41
2022-03-09,18,27,28,34,37,41,38
2022-03-12,8,10,27,31,38,42,38
2022-03-16,1,5,11,21,27,33,9
2022-03-19,12,23,28,30,35,36,43
2022-03-23,2,9,27,28,40,45,38
2022-03-26,2,5,10,29,40,43,36
2022-03-30,1,23,28,34,35,39,27
2022-04-02,2,4,21,22,27,28,29
2022-04-06,13,16,19,38,39,42,12
2022-04-09,5,6,15,19,29,33,42
2022-04-13,1,4,14,15,22,33,43
2022-04-16,2,3,10,19,31,43,15
2022-04-20,2,13,15,18,27,35,8
2022-04-23,3,25,37,40,43,45,21
2022-04-27,3,6,8,16,18,38,13
2022-04-30,3,4,16,19,25,41,33
2022-05-04,1,10,24,33,36,37,20
2022-05-07,8,10,30,31,35,39,19
2022-05-11,1,7,11,15,20,42,43
2022-05-14,1,4,5,8,16,39,13
2022-05-18,2,7,10,18,27,44,34
2022-05-21,2,17,19,28,31,33,10
2022-05-25,2,6,11,23,28,41,4
2022-05-28,10,15,23,26,34,36,5
2022-06-01,3,26,29,37,39,43,17
2022-06-04,3,8,17,31,37,41,25
2022-06-08,10,15,25,30,32,39,37
2022-06-11,2,3,20,21,33,45,31
2022-06-15,2,7,19,24,26,44,5
2022-06-18,1,24,25,26,40,43,28
2022-06-22,8,16,25,27,32,42,25
2022-06-25,15,24,33,34,39,44,2
2022-06-29,8,14,17,32,35,42,25
2022-07-02,5,13,16,32,34,43,31
2022-07-06,4,10,19,21,24,35,28
2022-07-09,6,12,19,28,36,40,10
2022-07-13,6,26,27,31,39,40,35
2022-07-16,1,3,18,25,33,36,35
2022-07-20,13,19,27,32,33,34,14
2022-07-23,2,7,20,33,38,41,29
2022-07-27,3,14,27,31,37,40,33
2022-07-30,10,19,20,21,28,37,13
2022-08-03,1,3,30,36,37,38,13
2022-08-06,10,11,12,16,19,38,8
2022-08-10,3,15,16,25,33,35,26
2022-08-13,16,23,26,31,42,45,12
2022-08-17,3,16,25,27,30,33,4
2022-08-20,20,21,31,35,39,43,31
2022-08-24,11,13,24,28,35,37,13
2022-08-27,6,10,17,22,27,44,38
2022-08-31,4,6,32,38,44,45,42
2022-09-03,18,24,32,35,40,41,15
2022-09-07,4,8,9,20,22,45,28
2022-09-10,1,8,14,18,24,34,31
2022-09-14,2,3,7,18,40,43,10
2022-09-17,5,6,35,36,39,42,41
2022-09-21,20,21,28,30,36,38,6
2022-09-24,3,21,34,35,37,40,35
2022-09-28,4,16,17,19,30,38,31
2022-10-01,12,14,16,18,22,30,35
2022-10-05,3,9,10,17,21,38,20
2022-10-08,8,22,34,40,44,45,12
2022-10-12,18,26,34,37,43,44,41
2022-10-15,7,13,30,37,38,43,20
2022-10-19,2,3,13,18,23,33,11
2022-10-22,1,28,34,35,37,41,18
2022-10-26,7,15,24,33,37,45,1
2022-10-29,4,12,14,15,30,35,7
2022-11-02,2,4,11,19,21,44,44
2022-11-05,6,25,29,31,33,45,1
2022-11-09,9,14,17,18,20,25,45
2022-11-12,12,16,20,32,40,42,39
2022-11-16,11,21,22,33,36,42,41
2022-11-19,10,11,21,33,43,45,16
2022-11-23,24,25,29,39,40,44,41
2022-11-26,4,5,18,19,21,38,1
2022-11-30,2,13,14,17,22,43,19
2022-12-03,3,25,28,39,44,45,44
2022-12-07,5,6,15,18,23,36,21
2022-12-10,4,5,12,16,37,44,23
2022-12-14,5,22,25,31,34,45,34
2022-12-17,6,8,9,14,22,44,4
2022-12-21,4,6,7,15,21,27,45
2022-12-24,2,23,26,37,38,41,38
2022-12-28,2,8,35,39,40,41,30
2022-12-31,3,7,16,17,19,38,40
2023-01-04,7,13,21,27,31,45,44
2023-01-07,2,3,6,13,20,37,16
2023-01-11,7,9,15,24,27,42,18
2023-01-14,7,9,22,27,31,37,16
2023-01-18,10,11,17,28,32,33,23
2023-01-21,7,16,26,31,36,43,38
2023-01-25,1,2,13,14,25,28,42
2023-01-28,1,5,11,17,19,41,29
2023-02-01,3,7,9,17,28,42,45
2023-02-04,12,16,20,22,25,35,11
2023-02-08,1,2,4,16,27,40,19
2023-02-11,5,6,22,29,31,44,5
2023-02-15,7,25,26,30,32,41,25
2023-02-18,1,6,19,20,33,39,14
2023-02-22,9,18,19,25,39,42,28
2023-02-25,1,9,14,26,34,36,30
2023-03-01,15,22,30,32,39,43,18
2023-03-04,1,3,7,14,23,30,44
2023-03-08,18,22,31,34,38,45,45
2023-03-11,6,12,25,26,27,44,43
2023-03-15,1,11,14,23,29,37,17
2023-03-18,3,5,12,19,27,39,12
2023-03-22,4,18,21,23,28,33,27
2023-03-25,14,15,26,28,37,41,36
2023-03-29,2,7,34,39,41,45,19
2023-04-01,10,11,14,22,32,41,22
2023-04-05,1,15,17,18,19,30,27
2023-04-08,10,12,16,17,22,40,43
2023-04-12,5,8,10,19,27,44,44
2023-04-15,5,12,27,32,37,38,26
2023-04-19,15,22,27,30,38,44,9
2023-04-22,6,13,25,33,37,43,16
2023-04-26,1,8,24,27,31,37,30
2023-04-29,4,6,15,22,35,44,25
2023-05-03,4,15,24,34,37,40,19
2023-05-06,6,7,15,34,36,39,2
2023-05-10,9,12,28,35,40,44,22
2023-05-13,14,19,23,26,27,39,15
2023-05-17,1,17,20,36,43,45,9
2023-05-20,3,9,10,24,30,31,5
2023-05-24,2,8,11,16,33,38,33
2023-05-27,7,17,22,24,41,45,44
2023-05-31,4,7,9,16,28,31,33
2023-06-03,9,24,29,31,39,41,10
2023-06-07,4,7,9,21,27,42,22
2023-06-10,3,14,20,27,40,43,24
2023-06-14,11,22,23,37,40,41,22
2023-06-17,2,14,19,21,34,39,11
2023-06-21,9,11,17,34,37,38,37
2023-06-24,10,26,28,35,37,44,2
2023-06-28,3,6,10,30,38,42,24
2023-07-01,10,26,30,32,40,45,7
2023-07-05,6,9,11,12,21,24,24
2023-07-08,15,18,20,26,27,29,38
2023-07-12,6,9,29,33,37,42,7
2023-07-15,1,7,19,21,37,43,7
2023-07-19,7,15,16,22,27,40,35
2023-07-22,5,6,7,24,31,42,21
2023-07-26,6,14,17,27,36,40,44
2023-07-29,8,9,12,13,15,36,16
2023-08-02,1,2,7,31,34,37,38
2023-08-05,9,12,24,28,37,39,42
2023-08-09,19,20,33,34,39,45,1
2023-08-12,4,11,14,23,30,39,10
2023-08-16,9,18,23,28,34,38,22
2023-08-19,6,8,16,19,29,36,36
2023-08-23,12,14,34,37,38,40,3
2023-08-26,5,18,19,27,33,45,22
2023-08-30,1,31,33,36,38,42,8
2023-09-02,1,9,27,34,36,37,26
2023-09-06,1,3,5,16,29,31,43
2023-09-09,1,10,11,19,21,44,22
2023-09-13,3,8,10,11,16,26,6
2023-09-16,8,12,24,25,27,41,11
2023-09-20,8,10,22,28,35,37,4
2023-09-23,6,8,19,22,31,33,38
2023-09-27,5,6,19,28,38,44,37
2023-09-30,5,13,18,21,27,33,44
2023-10-04,8,9,25,28,39,45,43
2023-10-07,5,7,28,30,33,43,36
2023-10-11,9,11,20,29,33,42,30
2023-10-14,6,11,12,21,25,42,36
2023-10-18,14,24,29,34,37,42,10
2023-10-21,7,17,30,32,34,43,4
2023-10-25,8,11,20,22,31,33,43
2023-10-28,2,6,11,12,21,22,29
2023-11-01,2,4,6,21,30,32,10
2023-11-04,7,17,25,29,31,32,9
2023-11-08,20,35,38,39,41,42,20
2023-11-11,3,7,16,22,25,36,39
2023-11-15,3,22,26,30,40,45,24
2023-11-18,6,8,21,23,32,36,43
2023-11-22,11,19,26,29,39,45,10
2023-11-25,6,17,18,32,34,37,41
2023-11-29,21,27,29,30,31,32,13
2023-12-02,5,6,17,32,38,42,41
2023-12-06,1,5,29,35,36,44,5
2023-12-09,1,25,28,29,33,37,34
2023-12-13,3,9,12,27,36,43,35
2023-12-16,4,10,14,21,25,45,7
2023-12-20,4,8,11,28,29,32,32
2023-12-23,7,21,23,24,33,44,8
2023-12-27,4,5,12,15,26,44,32
2023-12-30,4,6,21,22,36,45,17
2024-01-03,1,8,17,22,25,36,23
2024-01-06,9,22,25,37,39,45,14
2024-01-10,18,24,29,33,35,40,17
2024-01-13,15,16,21,23,35,39,23
2024-01-17,8,9,22,24,42,43,21
2024-01-20,3,6,7,19,25,33,20
2024-01-24,6,11,25,26,32,40,44
2024-01-27,3,14,34,37,38,44,39
2024-01-31,10,26,30,34,36,41,35
2024-02-03,15,18,20,27,36,37,35
2024-02-07,7,19,21,27,32,41,6
2024-02-10,13,20,21,33,39,45,23
2024-02-14,14,16,29,30,42,45,41
2024-02-17,1,7,15,35,38,40,25
2024-02-21,24,25,32,35,38,45,32
2024-02-24,13,14,26,27,30,43,32
2024-02-28,10,27,28,34,36,44,21
2024-03-02,13,25,27,32,34,36,10
2024-03-06,10,28,31,32,36,42,16
2024-03-09,4,6,18,20,38,42,12
2024-03-13,14,24,30,32,37,45,29
2024-03-16,6,10,11,29,31,43,20
2024-03-20,4,24,33,42,43,45,6
2024-03-23,1,12,21,25,28,38,40
2024-03-27,6,15,18,27,31,36,29
2024-03-30,5,10,27,38,40,45,31
2024-04-03,2,11,16,17,18,24,25
2024-04-06,2,8,13,27,28,44,12
2024-04-10,4,15,20,33,35,39,12
2024-04-13,12,14,26,32,43,44,44
2024-04-17,15,18,20,21,30,40,18
2024-04-20,4,6,26,27,39,42,2
2024-04-24,11,21,22,38,39,45,6
2024-04-27,17,20,33,35,36,38,45
2024-05-01,17,21,29,33,37,43,27
2024-05-04,4,5,6,17,21,44,33
2024-05-08,15,26,38,39,43,44,5
2024-05-11,4,14,17,22,30,38,29
2024-05-15,6,7,11,15,18,30,2
2024-05-18,1,2,7,23,33,36,8
2024-05-22,16,17,22,37,38,40,6
2024-05-25,9,24,27,30,43,45,42
2024-05-29,6,9,11,12,19,45,30
2024-06-01,4,6,9,13,27,45,26
2024-06-05,22,23,24,25,32,45,6
2024-06-08,5,6,8,19,25,29,41
2024-06-12,14,16,21,24,26,37,12
2024-06-15,1,9,23,30,32,44,31
2024-06-19,5,6,7,18,24,35,34
2024-06-22,6,10,14,19,34,36,14
2024-06-26,9,11,15,28,36,40,10
2024-06-29,5,12,18,35,40,41,21
2024-07-03,1,7,8,15,18,27,10
2024-07-06,12,13,16,19,26,45,42
2024-07-10,4,11,14,24,31,36,32
2024-07-13,6,21,33,38,39,40,37
2024-07-17,1,14,17,21,27,35,44
2024-07-20,2,17,21,29,35,36,38
2024-07-24,6,21,26,33,37,44,6
2024-07-27,1,17,21,31,37,41,21
2024-07-31,2,13,34,36,40,45,31
2024-08-03,8,10,15,18,31,33,21
2024-08-07,1,2,8,24,28,30,9
2024-08-10,7,10,27,32,35,44,14
2024-08-14,10,26,29,31,38,42,26
2024-08-17,1,3,8,15,31,41,4
2024-08-21,4,9,13,17,22,27,38
2024-08-24,2,6,28,43,44,45,38
2024-08-28,10,14,22,31,33,41,22
2024-08-31,1,20,24,30,40,41,37
2024-09-04,12,15,18,29,31,45,21
2024-09-07,1,10,13,29,30,41,43
2024-09-11,3,8,10,11,17,29,16
2024-09-14,5,12,19,28,32,38,1
2024-09-18,7,15,19,20,35,40,28
2024-09-21,4,20,30,32,36,43,31
2024-09-25,2,15,16,18,23,29,25
2024-09-28,9,12,13,16,36,40,19
2024-10-02,12,18,19,26,33,37,11
2024-10-05,5,9,22,27,33,34,43
2024-10-09,12,24,29,35,38,40,27
2024-10-12,2,4,7,10,22,43,39
2024-10-16,8,22,25,28,37,38,20
2024-10-19,5,28,35,38,39,44,39
2024-10-23,9,10,14,16,35,45,18
2024-10-26,4,12,14,31,33,41,9
2024-10-30,1,5,6,15,27,40,3
2024-11-02,8,12,15,22,27,28,27
2024-11-06,14,19,27,34,37,38,35
2024-11-09,9,30,36,40,44,45,31
2024-11-13,13,26,29,31,32,43,26
2024-11-16,6,20,23,34,36,40,27
2024-11-20,3,6,7,8,17,19,29
2024-11-23,2,16,26,28,38,40,29
2024-11-27,6,9,14,19,29,35,36
2024-11-30,15,20,27,31,34,44,25
2024-12-04,8,16,23,26,27,29,41
2024-12-07,5,6,8,27,36,38,34
2024-12-11,13,18,19,20,35,45,38
2024-12-14,4,12,24,27,28,34,40
2024-12-18,3,4,11,14,32,34,22
2024-12-21,15,29,33,35,41,44,33
2024-12-25,2,9,29,38,41,42,3
2024-12-28,1,2,5,12,18,40,35
2025-01-01,2,6,15,21,22,24,2
2025-01-04,3,10,15,17,31,45,7
2025-01-08,19,22,30,37,38,39,32
2025-01-11,1,15,33,40,43,45,30
2025-01-15,2,13,16,18,19,38,8
2025-01-18,12,23,26,32,34,37,41
2025-01-22,5,11,16,29,33,40,40
2025-01-25,5,8,12,26,27,29,45
2025-01-29,4,6,19,25,30,40,37
2025-02-01,2,5,16,24,27,40,39
2025-02-05,5,8,15,27,43,44,40
2025-02-08,7,16,21,22,27,29,17
2025-02-12,1,4,24,25,37,43,41
2025-02-15,1,8,28,34,35,44,8
2025-02-19,1,10,16,26,29,40,29
2025-02-22,13,33,37,39,42,45,30
2025-02-26,11,16,28,33,35,41,25
2025-03-01,11,12,24,25,26,39,20
2025-03-05,2,16,19,23,36,37,35
2025-03-08,6,9,17,30,35,42,32
2025-03-12,7,15,27,30,38,44,43
2025-03-15,14,17,25,29,30,45,18
2025-03-19,4,9,16,18,26,42,45
2025-03-22,1,3,15,29,30,35,33
2025-03-26,21,22,26,34,36,37,15
2025-03-29,2,6,18,19,27,39,42
2025-04-02,11,15,16,30,31,44,21
2025-04-05,7,9,21,32,33,35,25
2025-04-09,3,5,19,27,35,36,41
2025-04-12,16,18,21,25,27,37,19
2025-04-16,10,12,25,32,34,37,39
2025-04-19,9,17,24,31,37,41,18
2025-04-23,5,21,24,32,33,41,26
2025-04-26,5,6,10,16,19,43,45
2025-04-30,2,4,11,16,34,37,21
2025-05-03,11,19,21,27,35,45,41
2025-05-07,3,6,13,14,28,43,29
2025-05-10,16,20,22,31,33,36,41
2025-05-14,5,10,11,24,29,40,17
2025-05-17,5,8,12,17,25,36,26
2025-05-21,5,7,26,31,38,41,20
2025-05-24,9,10,12,15,21,28,4
2025-05-28,6,8,13,22,24,34,26
2025-05-31,9,11,12,16,25,43,42
2025-06-04,4,19,24,26,32,42,38
2025-06-07,3,6,8,25,34,43,24
2025-06-11,18,23,26,29,34,38,38
2025-06-14,3,4,6,20,24,35,12
2025-06-18,1,19,28,36,38,43,8
2025-06-21,11,21,26,27,35,43,34
2025-06-25,11,21,29,36,42,45,4
2025-06-28,1,3,14,21,35,44,7
2025-07-02,9,13,14,15,19,38,20
2025-07-05,15,23,24,28,40,45,39
2025-07-09,3,13,17,31,32,41,22
2025-07-12,11,20,31,35,36,43,23
2025-07-16,1,4,23,24,36,40,36
2025-07-19,24,34,36,38,41,42,29
2025-07-23,4,15,22,24,29,34,27
2025-07-26,2,11,12,17,23,39,41
2025-07-30,14,15,16,21,34,38,17
2025-08-02,7,12,29,35,36,45,1
2025-08-06,9,19,31,34,36,44,42
2025-08-09,10,13,16,24,36,37,43
2025-08-13,8,15,17,29,41,45,28
2025-08-16,16,23,24,29,35,39,40
2025-08-20,3,17,20,21,37,45,23
2025-08-23,2,9,25,33,34,41,11
2025-08-27,8,18,24,31,42,43,1
2025-08-30,7,15,17,18,26,33,42
2025-09-03,3,32,34,38,39,42,30
2025-09-06,3,28,29,35,40,42,4
2025-09-10,6,10,20,23,29,37,17
2025-09-13,1,20,25,28,37,43,40
2025-09-17,8,14,15,28,39,41,17
2025-09-20,1,3,9,15,22,38,8
2025-09-24,2,5,6,11,23,43,41
2025-09-27,3,7,24,26,34,44,18
2025-10-01,8,22,31,38,42,45,32
2025-10-04,1,18,22,23,26,39,18
2025-10-08,6,10,18,23,36,44,33
2025-10-11,2,6,16,24,32,39,14
2025-10-15,11,13,14,20,21,34,33
2025-10-18,2,3,24,27,39,42,31
2025-10-22,5,6,12,27,31,34,44
2025-10-25,7,9,14,23,36,37,23
2025-10-29,11,22,26,30,36,45,2
2025-11-01,5,13,16,18,24,45,19
2025-11-05,17,21,28,30,41,42,25
2025-11-08,12,14,27,33,35,42,24
2025-11-12,6,11,25,26,37,39,39
2025-11-15,6,7,12,15,30,36,32
2025-11-19,1,15,25,28,36,43,19
2025-11-22,6,8,12,15,33,44,19
2025-11-26,13,14,23,24,28,30,35
2025-11-29,1,10,28,30,42,44,21
2025-12-03,4,22,29,37,39,45,28
2025-12-06,4,23,25,32,37,40,35
2025-12-10,1,19,34,36,40,42,35
2025-12-13,10,24,26,27,34,39,33
2025-12-17,7,8,16,19,29,42,1
2025-12-20,5,19,21,24,36,38,24
2025-12-24,6,9,11,38,44,45,21
2025-12-27,1,5,9,22,26,27,32
2025-12-31,13,17,27,34,35,36,5
2026-01-03,13,17,25,27,29,37,41
2026-01-07,14,19,27,28,31,44,27
2026-01-10,10,14,21,27,39,43,15
2026-01-14,8,11,20,24,39,43,32
2026-01-17,7,14,25,31,35,39,20
2026-01-21,2,6,10,24,44,45,26
2026-01-24,1,4,6,17,21,42,8
2026-01-28,2,5,19,24,33,36,36
2026-01-31,1,6,11,18,37,41,1
2026-02-04,4,6,10,12,19,38,32
2026-02-07,11,13,15,18,35,42,1
2026-02-11,1,27,29,37,44,45,38
2026-02-14,1,12,30,34,44,45,28
2026-02-18,1,3,15,17,18,32,25
2026-02-21,7,15,18,22,25,30,44
2026-02-25,20,22,29,30,34,37,37
2026-02-28,27,28,29,37,40,41,25
2026-03-04,4,10,13,17,30,45,34
2026-03-07,4,21,22,29,36,37,39
2026-03-11,1,24,25,29,31,35,28
2026-03-14,2,10,24,38,42,45,18
2026-03-18,10,27,29,31,37,38,16
2026-03-21,1,5,18,28,32,38,42
2026-03-25,19,22,29,37,41,45,36
2026-03-28,1,20,34,39,42,44,43
2026-04-01,4,5,14,24,25,35,7
2026-04-04,5,11,16,19,33,38,12
2026-04-08,3,6,7,11,16,19,19
2026-04-11,4,14,15,21,25,26,35
2026-04-15,7,11,13,21,23,39,32
2026-04-18,6,12,15,23,31,37,17
