Sorsolás dátuma,1. szám,2. szám,3. szám,4. szám,5. szám,6. szám
2002-12-08,1,8,21,33,34,40
2002-12-12,6,24,25,32,43,44
2002-12-15,2,3,21,28,34,39
2002-12-19,4,5,8,12,18,44
2002-12-22,4,10,21,22,37,40
2002-12-26,8,11,12,13,38,42
2002-12-29,1,3,13,20,27,34
2003-01-02,1,3,16,32,39,42
2003-01-05,1,15,17,24,34,37
2003-01-09,14,19,23,36,41,44
2003-01-12,17,27,29,31,32,40
2003-01-16,9,16,19,41,44,45
2003-01-19,7,19,23,25,41,43
2003-01-23,19,24,26,28,34,37
2003-01-26,2,5,12,16,17,40
2003-01-30,3,7,18,27,37,44
2003-02-02,8,9,19,23,30,32
2003-02-06,9,13,19,20,25,41
2003-02-09,3,5,13,23,36,38
2003-02-13,7,21,29,31,33,45
2003-02-16,5,6,8,28,29,36
2003-02-20,6,10,30,32,33,37
2003-02-23,9,10,21,23,27,45
2003-02-27,13,19,27,29,40,42
2003-03-02,11,16,19,33,39,44
2003-03-06,2,4,24,32,35,44
2003-03-09,8,15,18,22,23,25
2003-03-13,14,20,30,31,37,41
2003-03-16,16,20,28,31,35,45
2003-03-20,1,14,15,23,29,43
2003-03-23,7,19,20,27,36,37
2003-03-27,4,9,28,29,30,35
2003-03-30,1,9,22,31,36,43
2003-04-03,23,29,32,37,38,45
2003-04-06,11,13,14,17,38,45
2003-04-10,11,19,25,30,34,35
2003-04-13,16,27,29,36,40,44
2003-04-17,3,13,15,17,36,43
2003-04-20,1,6,8,23,37,39
2003-04-24,2,7,13,31,34,35
2003-04-27,1,8,14,19,22,29
2003-05-01,3,8,16,19,26,37
2003-05-04,1,11,14,21,24,27
2003-05-08,4,5,22,25,38,42
2003-05-11,9,10,18,33,35,38
2003-05-15,2,7,23,28,32,45
2003-05-18,12,16,18,19,32,40
2003-05-22,21,24,26,31,32,37
2003-05-25,17,19,23,31,32,37
2003-05-29,9,10,17,19,28,33
2003-06-01,1,5,16,22,30,38
2003-06-05,3,4,31,41,42,44
2003-06-08,2,27,29,30,43,45
2003-06-12,10,21,33,35,41,45
2003-06-15,5,13,24,26,40,41
2003-06-19,6,14,22,29,38,40
2003-06-22,4,10,12,28,37,45
2003-06-26,6,7,20,24,40,41
2003-06-29,1,5,11,13,35,42
2003-07-03,6,13,19,31,34,37
2003-07-06,4,8,11,26,38,45
2003-07-10,7,12,13,15,28,39
2003-07-13,6,23,25,35,37,38
2003-07-17,13,20,23,26,32,38
2003-07-20,7,13,16,17,22,23
2003-07-24,3,6,7,22,32,34
2003-07-27,1,8,33,40,41,44
2003-07-31,13,20,24,34,37,39
2003-08-03,2,17,24,26,28,40
2003-08-07,3,7,17,20,34,45
2003-08-10,2,5,19,20,27,43
2003-08-14,6,24,25,26,29,42
2003-08-17,5,19,24,27,33,43
2003-08-21,6,13,17,28,35,40
2003-08-24,4,13,16,19,22,36
2003-08-28,7,11,19,26,28,40
2003-08-31,8,23,26,34,35,39
2003-09-04,6,13,16,26,28,44
2003-09-07,2,4,18,26,33,36
2003-09-11,2,9,22,28,31,45
2003-09-14,4,6,21,24,27,28
2003-09-18,12,13,35,36,37,39
2003-09-21,9,15,23,32,35,41
2003-09-25,5,20,27,33,41,43
2003-09-28,12,14,19,25,36,38
2003-10-02,7,8,27,39,40,42
2003-10-05,3,17,20,25,35,38
2003-10-09,2,13,22,27,32,33
2003-10-12,2,9,27,36,40,42
2003-10-16,5,11,22,24,32,43
2003-10-19,22,23,30,31,38,44
2003-10-23,10,15,20,30,38,40
2003-10-26,4,13,16,28,33,40
2003-10-30,8,11,18,29,39,44
2003-11-02,4,11,18,36,39,41
2003-11-06,2,14,16,21,43,45
2003-11-09,19,21,28,30,36,41
2003-11-13,2,10,12,20,23,41
2003-11-16,8,21,27,28,29,43
2003-11-20,8,11,17,18,32,40
2003-11-23,8,9,10,20,24,37
2003-11-27,2,3,8,12,13,45
2003-11-30,1,5,6,9,23,24
2003-12-04,4,5,9,14,22,25
2003-12-07,3,5,10,12,24,29
2003-12-11,10,13,14,27,28,36
2003-12-14,8,23,35,39,40,43
2003-12-18,2,9,10,21,28,44
2003-12-21,3,12,39,41,42,44
2003-12-25,9,11,36,38,39,42
2003-12-28,1,2,7,14,35,42
2004-01-01,1,3,5,12,28,34
2004-01-04,1,7,13,23,41,42
2004-01-08,2,3,5,42,44,45
2004-01-11,5,12,18,22,27,43
2004-01-15,3,9,28,30,37,38
2004-01-18,1,9,10,11,27,34
2004-01-22,3,20,29,33,41,45
2004-01-25,5,22,26,31,41,44
2004-01-29,2,3,14,18,32,41
2004-02-01,1,9,24,27,28,32
2004-02-05,11,16,19,25,40,45
2004-02-08,3,10,20,25,26,33
2004-02-12,8,21,25,27,32,42
2004-02-15,5,13,14,22,42,45
2004-02-19,1,2,6,16,23,32
2004-02-22,1,11,30,32,33,37
2004-02-26,2,4,6,11,24,37
2004-02-29,5,7,9,25,41,43
2004-03-04,10,19,20,34,35,41
2004-03-07,1,3,18,22,29,40
2004-03-11,3,14,21,30,40,43
2004-03-14,9,15,22,30,36,38
2004-03-18,3,12,23,28,33,45
2004-03-21,7,16,18,19,39,44
2004-03-25,1,2,3,12,32,43
2004-03-28,4,13,19,25,37,42
2004-04-01,7,11,20,23,33,37
2004-04-04,4,14,33,34,35,36
2004-04-08,2,9,13,14,20,37
2004-04-11,4,11,31,35,40,42
2004-04-15,4,5,10,13,26,45
2004-04-18,1,9,24,30,34,43
2004-04-22,9,12,21,30,32,35
2004-04-25,1,4,5,22,28,34
2004-04-29,4,5,9,15,29,44
2004-05-02,1,3,20,29,38,43
2004-05-06,3,7,20,30,33,41
2004-05-09,4,5,17,26,29,33
2004-05-13,11,14,18,19,30,44
2004-05-16,15,17,23,36,38,39
2004-05-20,2,7,11,18,27,39
2004-05-23,14,22,25,29,43,44
2004-05-27,5,11,18,22,28,42
2004-05-30,6,20,21,32,34,39
2004-06-03,3,20,30,32,34,38
2004-06-06,1,3,21,23,27,30
2004-06-10,17,18,34,36,38,40
2004-06-13,12,17,19,24,32,33
2004-06-17,7,9,28,35,43,45
2004-06-20,16,23,26,27,30,31
2004-06-24,8,16,25,27,39,41
2004-06-27,5,13,17,20,24,40
2004-07-01,4,16,17,22,23,29
2004-07-04,11,14,28,30,31,37
2004-07-08,4,7,15,16,23,36
2004-07-11,9,11,15,24,31,34
2004-07-15,5,20,21,28,30,45
2004-07-18,15,27,28,31,41,44
2004-07-22,12,13,16,31,32,41
2004-07-25,2,6,13,18,22,25
2004-07-29,1,2,8,11,14,19
2004-08-01,7,9,20,21,27,40
2004-08-05,1,17,23,26,32,38
2004-08-08,9,16,17,28,34,43
2004-08-12,5,7,9,12,15,23
2004-08-15,29,31,36,38,39,41
2004-08-19,1,2,25,28,33,34
2004-08-22,1,6,9,13,31,36
2004-08-26,13,15,30,39,42,45
2004-08-29,16,18,22,24,25,38
2004-09-02,11,19,22,23,26,39
2004-09-05,9,11,20,36,39,45
2004-09-09,14,26,36,37,40,41
2004-09-12,7,24,25,30,32,35
2004-09-16,1,28,39,41,42,43
2004-09-19,20,26,28,33,34,41
2004-09-23,11,19,27,29,39,42
2004-09-26,4,9,16,39,40,44
2004-09-30,7,14,22,24,26,41
2004-10-03,5,14,25,26,31,35
2004-10-07,1,14,17,34,42,43
2004-10-10,4,9,16,20,29,44
2004-10-14,5,7,23,24,25,39
2004-10-17,1,2,15,18,19,23
2004-10-21,4,11,12,20,24,38
2004-10-24,2,9,12,28,36,43
2004-10-28,6,10,11,17,21,36
2004-10-31,17,20,21,33,43,45
2004-11-04,3,10,12,27,33,34
2004-11-07,6,8,14,29,36,39
2004-11-11,9,18,21,22,23,39
2004-11-14,2,3,23,30,37,45
2004-11-18,9,20,28,29,32,45
2004-11-21,1,2,5,16,31,40
2004-11-25,9,13,14,31,42,45
2004-11-28,9,11,13,17,30,34
2004-12-02,1,3,4,16,23,32
2004-12-05,22,29,30,35,38,42
2004-12-09,14,15,23,26,32,42
2004-12-12,7,15,21,30,36,41
2004-12-16,11,16,17,20,22,23
2004-12-19,2,3,19,21,22,30
2004-12-23,5,12,18,29,38,41
2004-12-26,1,2,6,7,33,38
2004-12-30,3,8,24,39,43,44
2005-01-02,2,6,17,21,37,41
2005-01-06,2,3,9,14,22,45
2005-01-09,3,9,11,15,27,45
2005-01-13,3,7,10,21,34,38
2005-01-16,3,11,21,37,41,42
2005-01-20,2,7,16,29,35,36
2005-01-23,10,15,16,33,34,35
2005-01-27,9,21,27,28,32,38
2005-01-30,2,11,15,16,36,41
2005-02-03,4,8,9,10,21,29
2005-02-06,5,6,7,25,31,43
2005-02-10,5,6,12,14,30,37
2005-02-13,3,9,10,18,19,29
2005-02-17,2,7,19,32,33,37
2005-02-20,4,7,22,28,32,45
2005-02-24,3,16,19,29,30,34
2005-02-27,8,11,25,29,34,36
2005-03-03,25,30,36,39,43,44
2005-03-06,2,8,14,18,29,30
2005-03-10,8,11,32,34,41,44
2005-03-13,2,14,15,21,25,34
2005-03-17,6,8,10,30,33,45
2005-03-20,9,12,15,22,31,36
2005-03-24,9,14,15,24,32,34
2005-03-27,6,9,13,18,22,27
2005-03-31,2,7,19,21,31,37
2005-04-03,12,18,27,33,37,44
2005-04-07,5,8,12,31,32,38
2005-04-10,24,25,26,30,31,39
2005-04-14,9,21,24,27,31,41
2005-04-17,3,6,22,34,37,40
2005-04-21,15,20,21,40,41,42
2005-04-24,9,11,15,17,22,37
2005-04-28,2,4,11,25,33,38
2005-05-01,13,24,27,29,35,41
2005-05-05,5,12,13,22,23,30
2005-05-08,5,8,17,36,43,44
2005-05-12,3,16,27,30,37,45
2005-05-15,17,24,25,31,35,36
2005-05-19,11,18,39,41,42,45
2005-05-22,9,11,18,36,41,45
2005-05-26,14,15,17,25,29,38
2005-05-29,1,7,8,31,32,40
2005-06-02,2,9,16,19,43,45
2005-06-05,7,10,16,33,37,40
2005-06-09,3,26,32,35,36,39
2005-06-12,5,8,18,21,26,35
2005-06-16,3,4,8,18,30,38
2005-06-19,1,3,17,24,30,31
2005-06-23,23,30,31,35,43,45
2005-06-26,7,12,24,29,38,45
2005-06-30,18,19,20,29,30,32
2005-07-03,13,15,18,19,25,34
2005-07-07,2,9,13,16,22,38
2005-07-10,17,18,25,33,41,44
2005-07-14,1,5,14,20,31,35
2005-07-17,4,14,18,37,39,42
2005-07-21,4,9,12,22,33,42
2005-07-24,13,14,21,31,38,43
2005-07-28,3,5,11,25,37,45
2005-07-31,8,15,20,27,32,33
2005-08-04,15,16,17,20,23,31
2005-08-07,17,26,27,36,38,42
2005-08-11,2,11,12,15,32,33
2005-08-14,3,5,33,34,35,45
2005-08-18,6,12,22,25,35,41
2005-08-21,10,21,33,43,44,45
2005-08-25,2,5,13,28,35,40
2005-08-28,6,21,26,38,43,45
2005-09-01,1,5,7,8,15,38
2005-09-04,2,4,13,17,23,33
2005-09-08,1,3,6,21,37,44
2005-09-11,1,23,25,33,36,43
2005-09-15,2,22,27,34,36,44
2005-09-18,4,18,26,30,39,40
2005-09-22,13,14,22,27,36,39
2005-09-25,3,26,28,30,38,44
2005-09-29,1,8,17,23,40,44
2005-10-02,3,15,28,31,35,37
2005-10-06,14,17,24,29,37,41
2005-10-09,2,7,18,22,44,45
2005-10-13,2,3,5,32,35,45
2005-10-16,5,9,16,19,22,29
2005-10-20,6,8,11,20,23,24
2005-10-23,2,9,11,15,16,44
2005-10-27,8,17,20,29,32,38
2005-10-30,10,16,18,22,28,37
2005-11-03,2,4,10,15,21,41
2005-11-06,1,22,24,33,35,40
2005-11-10,3,16,24,32,39,40
2005-11-13,2,4,26,27,33,41
2005-11-17,19,20,22,27,39,43
2005-11-20,7,12,21,27,34,42
2005-11-24,12,18,20,23,30,40
2005-11-27,3,10,11,24,40,44
2005-12-01,13,23,24,33,35,44
2005-12-04,4,5,7,14,25,41
2005-12-08,11,22,23,24,27,29
2005-12-11,26,27,32,33,35,44
2005-12-15,1,14,18,27,30,38
2005-12-18,2,19,21,22,29,44
2005-12-22,14,19,22,38,40,45
2005-12-25,5,7,24,25,39,41
2005-12-29,13,14,24,30,34,44
2006-01-01,6,7,13,16,32,41
2006-01-05,2,9,10,30,37,38
2006-01-08,2,10,15,20,26,30
2006-01-12,19,26,30,31,34,45
2006-01-15,2,15,17,30,36,40
2006-01-19,1,2,24,32,33,35
2006-01-22,5,7,15,20,35,40
2006-01-26,5,8,17,18,22,43
2006-01-29,18,21,22,23,26,30
2006-02-02,1,7,8,17,22,37
2006-02-05,4,6,9,16,19,35
2006-02-09,2,6,15,22,27,45
2006-02-12,4,6,21,25,30,39
2006-02-16,15,22,24,25,26,45
2006-02-19,7,14,16,30,36,40
2006-02-23,6,13,18,25,26,27
2006-02-26,5,13,19,22,30,41
2006-03-02,1,8,13,32,37,44
2006-03-05,3,12,19,21,22,35
2006-03-09,6,11,15,22,25,34
2006-03-12,3,11,20,23,29,36
2006-03-16,9,17,25,28,32,43
2006-03-19,2,5,8,9,29,42
2006-03-23,6,12,20,26,28,43
2006-03-26,21,30,32,37,44,45
2006-03-30,4,7,12,13,17,37
2006-04-02,2,3,14,27,28,39
2006-04-06,15,25,31,35,38,45
2006-04-09,8,22,27,29,42,44
2006-04-13,13,21,23,26,33,34
2006-04-16,3,11,17,18,24,33
2006-04-20,4,24,25,37,38,42
2006-04-23,5,6,11,16,23,44
2006-04-27,2,8,19,21,25,35
2006-04-30,1,4,21,22,23,44
2006-05-04,12,15,20,23,26,28
2006-05-07,5,18,31,37,38,39
2006-05-11,9,19,22,26,39,42
2006-05-14,7,8,13,25,32,40
2006-05-18,3,7,28,29,34,35
2006-05-21,9,19,22,37,41,45
2006-05-25,2,4,5,19,21,39
2006-05-28,8,19,22,35,38,44
2006-06-01,5,7,30,31,37,44
2006-06-04,7,12,20,28,29,34
2006-06-08,9,12,22,33,37,44
2006-06-11,1,8,20,26,27,39
2006-06-15,8,31,38,39,42,43
2006-06-18,4,10,14,27,29,32
2006-06-22,2,14,17,24,27,42
2006-06-25,7,8,17,19,28,37
2006-06-29,12,16,19,21,34,36
2006-07-02,3,13,16,18,23,25
2006-07-06,5,10,23,31,39,43
2006-07-09,13,25,30,41,43,45
2006-07-13,14,16,33,36,37,44
2006-07-16,2,12,13,14,33,35
2006-07-20,10,12,19,21,40,45
2006-07-23,4,7,16,18,28,29
2006-07-27,9,21,26,30,33,41
2006-07-30,8,20,26,34,42,43
2006-08-03,15,18,20,23,29,35
2006-08-06,9,10,13,22,26,39
2006-08-10,10,18,20,36,40,45
2006-08-13,3,6,16,21,22,35
2006-08-17,5,8,18,27,31,36
2006-08-20,2,18,21,27,32,39
2006-08-24,2,4,13,34,35,38
2006-08-27,8,28,29,31,32,39
2006-08-31,6,8,22,26,33,44
2006-09-03,1,14,20,32,36,40
2006-09-07,1,6,13,15,18,36
2006-09-10,12,20,23,24,32,35
2006-09-14,10,28,29,33,39,45
2006-09-17,1,12,18,40,41,43
2006-09-21,5,9,11,28,34,36
2006-09-24,4,7,9,18,22,31
2006-09-28,2,9,15,17,27,38
2006-10-01,6,10,21,34,35,44
2006-10-05,7,21,24,31,36,44
2006-10-08,3,12,16,18,28,42
2006-10-12,3,11,25,32,38,40
2006-10-15,4,6,17,22,27,34
2006-10-19,3,4,13,17,19,20
2006-10-22,8,15,20,22,33,34
2006-10-26,5,9,19,22,31,40
2006-10-29,1,4,17,23,24,31
2006-11-02,8,28,31,32,34,41
2006-11-05,1,5,9,23,30,33
2006-11-09,1,3,6,10,33,38
2006-11-12,9,11,14,21,31,44
2006-11-16,6,9,17,23,27,42
2006-11-19,1,5,12,14,30,41
2006-11-23,12,23,24,30,34,41
2006-11-26,3,10,18,25,29,36
2006-11-30,3,11,24,29,35,43
2006-12-03,2,28,30,35,38,45
2006-12-07,3,10,20,26,30,45
2006-12-10,3,14,20,24,40,42
2006-12-14,4,5,7,29,31,37
2006-12-17,14,19,27,30,36,45
2006-12-21,4,9,10,13,14,15
2006-12-24,7,25,37,40,42,44
2006-12-28,5,9,13,16,29,32
2006-12-31,3,18,33,37,43,45
2007-01-04,17,18,33,37,39,41
2007-01-07,6,8,25,35,40,42
2007-01-11,7,8,12,24,25,28
2007-01-14,3,5,13,15,21,22
2007-01-18,2,14,19,24,35,39
2007-01-21,4,11,15,19,35,45
2007-01-25,4,6,17,31,33,42
2007-01-28,2,5,7,14,15,22
2007-02-01,22,23,28,29,30,35
2007-02-04,2,3,5,24,33,36
2007-02-08,5,7,8,10,36,44
2007-02-11,8,14,22,34,35,45
2007-02-15,2,8,31,34,36,37
2007-02-18,3,13,19,23,41,43
2007-02-22,6,13,15,18,37,38
2007-02-25,1,6,8,10,26,45
2007-03-01,13,16,20,25,37,42
2007-03-04,6,15,18,26,27,28
2007-03-08,3,13,18,25,37,44
2007-03-11,6,17,33,37,39,45
2007-03-15,6,8,12,23,44,45
2007-03-18,9,11,14,25,32,37
2007-03-22,1,6,27,34,35,45
2007-03-25,6,10,26,28,29,38
2007-03-29,2,25,28,35,37,39
2007-04-01,1,11,14,21,30,38
2007-04-05,5,15,21,35,39,40
2007-04-08,3,7,11,22,40,42
2007-04-12,1,2,22,34,36,40
2007-04-15,9,14,28,31,36,38
2007-04-19,5,7,15,28,38,44
2007-04-22,8,14,22,28,30,42
2007-04-26,12,13,16,32,42,45
2007-04-29,3,4,14,21,25,29
2007-05-03,4,8,10,14,28,41
2007-05-06,1,20,25,41,42,43
2007-05-10,4,17,24,25,40,41
2007-05-13,2,16,22,25,29,43
2007-05-17,2,7,15,17,27,29
2007-05-20,12,25,31,32,40,44
2007-05-24,10,11,17,27,36,37
2007-05-27,11,29,31,34,36,42
2007-05-31,9,11,16,23,25,33
2007-06-03,1,3,9,28,33,36
2007-06-07,2,10,11,12,34,36
2007-06-10,4,12,17,29,31,42
2007-06-14,3,17,26,31,40,44
2007-06-17,5,11,22,26,29,34
2007-06-21,16,18,25,38,41,43
2007-06-24,10,17,19,32,40,45
2007-06-28,25,33,34,38,39,43
2007-07-01,1,2,7,19,20,38
2007-07-05,7,14,16,27,34,42
2007-07-08,2,19,23,26,29,35
2007-07-12,4,23,25,34,39,41
2007-07-15,3,12,14,33,42,45
2007-07-19,7,16,20,26,28,29
2007-07-22,23,24,25,30,43,44
2007-07-26,7,14,16,27,37,38
2007-07-29,3,7,11,21,25,34
2007-08-02,8,13,17,22,31,35
2007-08-05,5,10,19,22,40,44
2007-08-09,4,9,13,17,22,37
2007-08-12,24,25,29,30,38,40
2007-08-16,2,3,10,11,34,39
2007-08-19,5,25,29,37,40,45
2007-08-23,13,15,19,20,25,40
2007-08-26,1,2,20,33,37,39
2007-08-30,4,23,30,34,35,42
2007-09-02,4,5,7,24,41,42
2007-09-06,9,20,27,28,36,42
2007-09-09,1,3,13,25,28,37
2007-09-13,22,24,40,42,43,45
2007-09-16,3,5,16,17,33,43
2007-09-20,1,8,10,19,32,44
2007-09-23,8,9,15,23,25,39
2007-09-27,4,6,23,26,35,43
2007-09-30,2,7,33,34,35,42
2007-10-04,16,17,20,25,31,37
2007-10-07,3,5,11,24,42,43
2007-10-11,4,18,21,30,32,40
2007-10-14,7,11,14,17,35,40
2007-10-18,16,17,26,29,42,44
2007-10-21,2,17,36,37,38,43
2007-10-25,2,6,11,17,21,42
2007-10-28,17,20,25,29,31,45
2007-11-01,4,19,20,24,35,39
2007-11-04,5,9,27,36,39,45
2007-11-08,4,6,14,31,39,44
2007-11-11,1,13,14,21,22,45
2007-11-15,9,10,14,27,30,36
2007-11-18,7,14,16,22,32,34
2007-11-22,5,17,18,20,35,40
2007-11-25,9,12,19,22,30,39
2007-11-29,3,6,8,17,22,29
2007-12-02,9,22,25,31,34,43
2007-12-06,10,12,32,36,37,39
2007-12-09,2,8,10,26,38,42
2007-12-13,6,10,16,23,24,32
2007-12-16,21,22,30,31,35,42
2007-12-20,11,12,18,30,37,40
2007-12-23,5,17,23,33,35,44
2007-12-27,8,12,18,27,29,36
2007-12-30,9,24,27,37,38,43
2008-01-03,15,16,26,29,33,43
2008-01-06,12,15,18,33,44,45
2008-01-10,1,2,3,6,35,43
2008-01-13,2,6,11,15,18,25
2008-01-17,3,11,13,23,34,38
2008-01-20,5,9,34,36,43,45
2008-01-24,1,5,27,29,32,36
2008-01-27,2,9,20,29,32,39
2008-01-31,2,6,10,26,32,43
2008-02-03,12,18,24,30,32,37
2008-02-07,1,18,21,25,26,32
2008-02-10,1,14,22,25,26,34
2008-02-14,1,4,5,21,26,37
2008-02-17,12,13,21,32,38,43
2008-02-21,4,5,12,16,28,36
2008-02-24,1,6,24,33,34,39
2008-02-28,16,17,24,26,27,32
2008-03-02,14,18,25,32,36,38
2008-03-06,1,3,4,9,28,40
2008-03-09,3,5,10,30,39,41
2008-03-13,1,6,18,22,26,39
2008-03-16,14,19,24,29,35,43
2008-03-20,19,22,26,34,35,43
2008-03-23,6,9,15,23,41,45
2008-03-27,10,12,15,34,36,43
2008-03-30,1,18,23,26,37,40
2008-04-03,1,11,13,22,29,38
2008-04-06,7,22,23,35,44,45
2008-04-10,2,6,12,13,14,19
2008-04-13,7,22,30,31,34,43
2008-04-17,2,5,15,19,32,42
2008-04-20,9,10,21,31,38,39
2008-04-24,3,7,10,22,27,30
2008-04-27,13,19,23,33,37,44
2008-05-01,14,31,33,37,38,39
2008-05-04,8,17,26,36,37,43
2008-05-08,12,15,36,39,43,44
2008-05-11,5,18,26,29,42,43
2008-05-15,3,8,14,17,28,33
2008-05-18,16,18,20,32,38,40
2008-05-22,15,21,23,27,34,45
2008-05-25,4,9,25,33,35,40
2008-05-29,2,11,20,21,42,44
2008-06-01,11,17,19,27,28,39
2008-06-05,3,15,26,28,29,31
2008-06-08,8,11,13,21,27,33
2008-06-12,24,34,40,42,43,45
2008-06-15,5,10,19,28,36,42
2008-06-19,8,10,17,20,35,41
2008-06-22,6,7,19,25,30,36
2008-06-26,7,16,19,27,28,39
2008-06-29,8,21,28,31,40,44
2008-07-03,3,4,29,32,41,44
2008-07-06,1,8,15,26,32,34
2008-07-10,3,8,25,28,33,44
2008-07-13,8,19,29,31,40,42
2008-07-17,8,20,22,27,31,32
2008-07-20,10,14,24,40,42,44
2008-07-24,4,18,19,25,31,41
2008-07-27,12,18,23,34,36,40
2008-07-31,22,24,25,32,34,35
2008-08-03,2,8,22,36,37,38
2008-08-07,12,17,19,22,37,39
2008-08-10,12,22,27,31,34,42
2008-08-14,8,15,23,34,38,45
2008-08-17,1,9,11,12,15,44
2008-08-21,2,25,29,32,42,45
2008-08-24,3,17,33,38,39,42
2008-08-28,6,7,8,11,19,39
2008-08-31,5,18,20,24,28,42
2008-09-04,8,16,23,31,33,42
2008-09-07,3,5,7,8,15,27
2008-09-11,1,6,16,20,22,32
2008-09-14,4,12,22,29,37,44
2008-09-18,3,6,31,35,43,44
2008-09-21,3,7,8,20,34,38
2008-09-25,9,13,21,30,39,43
2008-09-28,15,21,22,25,33,40
2008-10-02,8,12,13,20,23,32
2008-10-05,2,5,6,17,34,35
2008-10-09,7,8,12,20,23,36
2008-10-12,11,12,14,22,31,33
2008-10-16,6,24,28,30,32,35
2008-10-19,11,26,27,29,34,35
2008-10-23,18,19,28,30,37,44
2008-10-26,18,20,23,30,40,42
2008-10-30,2,14,18,30,31,32
2008-11-02,3,14,22,23,25,34
2008-11-06,1,16,19,31,37,40
2008-11-09,13,27,29,31,39,40
2008-11-13,1,13,23,28,35,42
2008-11-16,4,12,18,20,28,35
2008-11-20,3,9,23,24,35,42
2008-11-23,10,20,21,24,25,29
2008-11-27,12,18,22,25,27,28
2008-11-30,1,15,24,25,36,39
2008-12-04,20,23,30,31,32,40
2008-12-07,3,18,21,24,28,40
2008-12-11,13,15,17,22,42,43
2008-12-14,10,11,13,20,34,42
2008-12-18,13,14,19,38,43,45
2008-12-21,21,33,36,39,40,44
2008-12-25,1,5,17,23,27,35
2008-12-28,2,4,20,33,37,43
2009-01-01,1,8,14,16,17,29
2009-01-04,10,14,21,27,28,30
2009-01-08,8,10,12,19,27,40
2009-01-11,8,14,19,20,37,41
2009-01-15,26,32,33,36,38,42
2009-01-18,23,24,25,34,39,43
2009-01-22,2,6,8,10,23,45
2009-01-25,10,16,19,21,22,29
2009-01-29,2,13,23,26,34,38
2009-02-01,12,17,18,22,32,34
2009-02-05,13,20,22,30,32,35
2009-02-08,9,18,25,31,41,44
2009-02-12,7,8,10,15,19,21
2009-02-15,13,34,36,38,40,41
2009-02-19,1,5,13,18,25,28
2009-02-22,1,14,17,33,35,42
2009-02-26,7,12,18,19,30,44
2009-03-01,10,20,24,35,36,38
2009-03-05,3,9,19,24,31,43
2009-03-08,11,14,17,22,27,34
2009-03-12,2,10,16,18,38,44
2009-03-15,3,19,25,29,32,37
2009-03-19,7,8,9,21,36,39
2009-03-22,7,8,14,16,21,40
2009-03-26,5,18,20,23,33,39
2009-03-29,7,21,23,24,28,35
2009-04-02,8,14,22,23,29,38
2009-04-05,3,12,16,17,22,27
2009-04-09,1,3,24,31,37,40
2009-04-12,12,17,24,25,29,31
2009-04-16,13,19,22,27,30,34
2009-04-19,3,19,22,36,38,42
2009-04-23,7,8,15,16,35,37
2009-04-26,2,4,5,11,14,39
2009-04-30,10,14,24,25,26,40
2009-05-03,10,13,15,27,28,39
2009-05-07,18,25,28,35,36,37
2009-05-10,2,9,12,21,22,38
2009-05-14,1,9,11,18,30,32
2009-05-17,3,5,6,8,11,40
2009-05-21,2,14,15,29,32,43
2009-05-24,3,10,12,22,28,42
2009-05-28,5,9,11,17,35,38
2009-05-31,1,4,7,9,10,17
2009-06-04,14,18,27,28,30,40
2009-06-07,5,11,15,23,41,44
2009-06-11,7,12,14,26,29,34
2009-06-14,8,19,20,25,32,45
2009-06-18,7,19,25,27,40,45
2009-06-21,23,24,25,27,28,33
2009-06-25,10,15,20,23,28,45
2009-06-28,5,6,18,24,25,29
2009-07-02,2,5,10,27,35,44
2009-07-05,7,9,10,12,20,26
2009-07-09,4,5,20,25,34,38
2009-07-12,6,11,14,21,34,43
2009-07-16,11,28,33,38,40,42
2009-07-19,8,18,22,34,35,43
2009-07-23,9,13,17,35,37,39
2009-07-26,3,8,12,17,35,37
2009-07-30,2,15,21,37,38,39
2009-08-02,5,19,25,35,37,38
2009-08-06,6,18,19,22,34,45
2009-08-09,1,10,14,34,40,43
2009-08-13,1,10,14,17,19,29
2009-08-16,8,16,19,23,25,26
2009-08-20,9,14,21,22,30,36
2009-08-23,22,27,30,33,35,43
2009-08-27,5,7,10,34,39,41
2009-08-30,15,19,26,27,34,45
2009-09-03,7,13,14,29,34,37
2009-09-06,16,30,31,41,43,45
2009-09-10,5,13,22,23,37,39
2009-09-13,3,15,21,29,36,38
2009-09-17,5,6,16,24,30,36
2009-09-20,15,18,26,33,35,37
2009-09-24,6,13,19,23,29,45
2009-09-27,3,6,18,27,35,40
2009-10-01,9,21,22,28,34,44
2009-10-04,18,19,23,28,29,31
2009-10-08,4,20,36,38,41,45
2009-10-11,10,12,27,33,34,45
2009-10-15,6,15,25,27,30,36
2009-10-18,2,3,10,20,24,44
2009-10-22,20,21,37,38,42,43
2009-10-25,9,22,29,31,40,43
2009-10-29,10,19,24,26,31,35
2009-11-01,17,26,28,30,35,37
2009-11-05,8,16,20,25,36,40
2009-11-08,5,6,8,27,30,39
2009-11-12,23,26,30,34,35,38
2009-11-15,9,10,22,38,41,44
2009-11-19,10,21,29,30,36,42
2009-11-22,6,9,10,19,22,42
2009-11-26,11,27,30,33,40,41
2009-11-29,1,2,5,21,23,24
2009-12-03,4,6,7,9,19,39
2009-12-06,6,11,12,16,32,41
2009-12-10,8,11,14,15,23,42
2009-12-13,5,11,18,25,34,36
2009-12-17,5,14,20,25,31,45
2009-12-20,1,9,15,18,21,26
2009-12-24,10,20,21,34,35,44
2009-12-27,3,11,19,21,31,38
2009-12-31,9,12,31,32,39,45
2010-01-03,4,23,29,33,36,41
2010-01-07,3,22,24,26,38,43
2010-01-10,5,16,36,37,38,42
2010-01-14,3,9,16,24,32,34
2010-01-17,11,14,26,32,39,41
2010-01-21,5,7,17,18,35,38
2010-01-24,1,11,29,35,40,45
2010-01-28,3,5,13,22,32,45
2010-01-31,13,16,17,33,38,43
2010-02-04,12,16,17,24,26,28
2010-02-07,4,6,12,16,22,30
2010-02-11,11,16,24,33,42,45
2010-02-14,5,7,8,12,23,26
2010-02-18,6,8,20,33,37,41
2010-02-21,1,16,29,30,34,45
2010-02-25,7,23,30,35,38,42
2010-02-28,6,10,15,22,27,37
2010-03-04,1,6,20,30,39,41
2010-03-07,1,9,12,16,42,44
2010-03-11,4,16,19,25,39,41
2010-03-14,2,16,26,28,38,44
2010-03-18,19,22,25,32,36,45
2010-03-21,5,19,27,28,31,41
2010-03-25,1,5,6,27,39,44
2010-03-28,5,12,27,32,43,44
2010-04-01,11,14,20,27,32,39
2010-04-04,15,18,25,34,35,37
2010-04-08,2,12,24,31,34,39
2010-04-11,4,5,15,16,26,37
2010-04-15,2,4,10,26,27,32
2010-04-18,1,8,10,33,35,36
2010-04-22,3,6,9,10,11,16
2010-04-25,10,12,13,18,22,32
2010-04-29,12,14,28,31,35,39
2010-05-02,5,6,11,16,28,40
2010-05-06,2,4,13,14,28,40
2010-05-09,8,11,12,19,30,31
2010-05-13,13,17,19,21,26,34
2010-05-16,3,4,25,26,33,43
2010-05-20,7,14,18,43,44,45
2010-05-23,5,7,8,40,42,43
2010-05-27,5,23,24,30,35,45
2010-05-30,6,13,17,18,22,38
2010-06-03,3,17,20,25,35,41
2010-06-06,1,12,23,27,29,42
2010-06-10,1,4,10,12,21,38
2010-06-13,3,14,30,31,43,45
2010-06-17,4,10,11,24,25,37
2010-06-20,12,28,33,35,40,45
2010-06-24,2,18,19,24,28,36
2010-06-27,4,5,6,16,23,31
2010-07-01,1,10,12,14,17,32
2010-07-04,22,24,26,33,35,39
2010-07-08,4,12,26,33,35,38
2010-07-11,1,2,14,17,32,34
2010-07-15,1,7,8,14,19,27
2010-07-18,6,21,23,24,39,42
2010-07-22,11,22,30,31,33,43
2010-07-25,13,28,31,33,41,45
2010-07-29,6,15,22,28,31,38
2010-08-01,14,19,26,39,42,44
2010-08-05,6,11,27,35,39,42
2010-08-08,12,14,22,29,30,42
2010-08-12,2,6,25,27,38,39
2010-08-15,4,10,22,24,30,38
2010-08-19,14,17,22,31,33,37
2010-08-22,7,19,23,25,29,44
2010-08-26,6,8,16,24,43,45
2010-08-29,7,17,19,28,36,38
2010-09-02,13,14,19,23,28,30
2010-09-05,13,22,23,29,32,40
2010-09-09,4,26,32,34,39,43
2010-09-12,9,17,19,24,25,36
2010-09-16,13,20,24,26,38,43
2010-09-19,1,2,17,26,27,43
2010-09-23,3,6,9,31,33,40
2010-09-26,10,13,17,24,35,44
2010-09-30,5,27,28,32,38,44
2010-10-03,18,33,36,37,42,43
2010-10-07,14,21,25,37,38,41
2010-10-10,3,17,25,32,33,37
2010-10-14,5,6,11,18,23,37
2010-10-17,1,3,5,8,25,43
2010-10-21,2,10,19,24,28,39
2010-10-24,20,21,27,34,38,45
2010-10-28,4,6,7,15,27,44
2010-10-31,3,5,9,12,20,38
2010-11-04,13,18,19,30,31,32
2010-11-07,5,15,22,34,43,45
2010-11-11,5,10,11,25,32,35
2010-11-14,5,11,18,22,23,24
2010-11-18,5,7,19,25,30,38
2010-11-21,1,2,18,19,31,45
2010-11-25,4,6,14,29,36,39
2010-11-28,4,14,16,21,31,33
2010-12-02,3,16,23,26,37,41
2010-12-05,12,30,31,42,44,45
2010-12-09,6,10,19,33,43,44
2010-12-12,2,17,20,36,37,45
2010-12-16,1,26,33,34,37,45
2010-12-19,8,10,24,31,34,43
2010-12-23,7,9,17,22,36,45
2010-12-26,4,26,31,40,41,43
2010-12-30,6,7,9,20,35,39
2011-01-02,5,7,16,24,31,37
2011-01-06,5,18,31,34,36,42
2011-01-09,2,4,19,33,36,41
2011-01-13,11,14,26,28,29,34
2011-01-16,2,11,17,20,22,39
2011-01-20,10,15,21,23,27,39
2011-01-23,4,5,15,22,25,43
2011-01-27,2,4,12,18,20,26
2011-01-30,2,3,13,35,37,40
2011-02-03,5,27,28,30,34,35
2011-02-06,3,6,20,26,28,32
2011-02-10,1,2,22,26,28,45
2011-02-13,12,14,24,37,39,41
2011-02-17,10,21,27,31,39,43
2011-02-20,2,11,15,19,31,34
2011-02-24,5,12,18,23,38,40
2011-02-27,7,14,35,38,39,44
2011-03-03,12,25,31,35,38,45
2011-03-06,2,7,19,31,36,42
2011-03-10,6,8,9,12,20,39
2011-03-13,14,15,19,24,27,44
2011-03-17,4,6,9,33,37,42
2011-03-20,5,10,25,26,27,30
2011-03-24,19,21,22,32,33,37
2011-03-27,6,14,20,29,31,37
2011-03-31,2,5,10,25,32,38
2011-04-03,2,10,11,16,18,42
2011-04-07,12,20,25,26,32,34
2011-04-10,6,18,19,26,36,37
2011-04-14,1,3,21,27,32,33
2011-04-17,5,18,28,29,31,37
2011-04-21,1,2,22,23,27,45
2011-04-24,6,8,12,15,26,33
2011-04-28,12,17,21,22,30,38
2011-05-01,2,12,15,31,37,39
2011-05-05,8,9,35,41,44,45
2011-05-08,5,12,27,38,43,44
2011-05-12,5,6,11,18,20,41
2011-05-15,22,24,32,34,35,37
2011-05-19,7,11,22,26,29,39
2011-05-22,6,13,20,21,24,37
2011-05-26,4,17,18,27,29,45
2011-05-29,4,18,25,36,43,45
2011-06-02,2,29,33,37,38,42
2011-06-05,5,14,17,23,32,33
2011-06-09,9,11,24,34,35,36
2011-06-12,7,11,29,30,32,43
2011-06-16,1,2,16,20,29,31
2011-06-19,3,7,20,23,28,30
2011-06-23,8,9,15,16,23,43
2011-06-26,19,20,22,23,25,34
2011-06-30,18,19,23,35,38,40
2011-07-03,2,14,21,22,38,43
2011-07-07,14,17,18,19,24,40
2011-07-10,2,15,23,28,36,43
2011-07-14,16,26,27,37,40,43
2011-07-17,4,12,22,34,41,43
2011-07-21,14,23,25,34,40,42
2011-07-24,6,10,21,26,28,43
2011-07-28,2,10,11,15,30,31
2011-07-31,2,3,9,18,39,41
2011-08-04,10,12,15,17,25,26
2011-08-07,4,11,24,32,34,41
2011-08-11,1,7,8,13,22,25
2011-08-14,4,11,12,22,31,41
2011-08-18,24,28,30,39,40,41
2011-08-21,3,15,16,21,42,45
2011-08-25,7,19,24,27,36,39
2011-08-28,1,3,20,21,38,45
2011-09-01,3,4,35,38,44,45
2011-09-04,1,4,7,22,29,42
2011-09-08,2,3,22,31,36,45
2011-09-11,5,10,15,24,27,35
2011-09-15,3,15,19,25,28,29
2011-09-18,12,13,22,24,25,33
2011-09-22,10,20,25,30,31,36
2011-09-25,5,6,8,28,41,45
2011-09-29,15,20,30,31,32,37
2011-10-02,16,17,18,19,25,41
2011-10-06,9,22,36,37,39,43
2011-10-09,3,23,31,32,36,38
2011-10-13,5,9,13,19,25,38
2011-10-16,3,8,10,14,19,40
2011-10-20,7,19,23,24,32,36
2011-10-23,5,22,31,32,33,38
2011-10-27,1,13,17,19,23,28
2011-10-30,2,3,16,19,32,39
2011-11-03,1,5,18,23,37,42
2011-11-06,14,15,24,37,38,39
2011-11-10,4,10,18,21,28,44
2011-11-13,3,15,23,40,41,44
2011-11-17,4,7,8,27,39,41
2011-11-20,3,4,7,20,28,35
2011-11-24,8,14,15,28,30,37
2011-11-27,6,15,21,27,35,43
2011-12-01,5,10,16,23,26,29
2011-12-04,2,9,10,20,28,43
2011-12-08,8,13,23,29,30,31
2011-12-11,8,11,26,27,31,39
2011-12-15,7,9,22,30,38,41
2011-12-18,2,8,13,36,43,45
2011-12-22,21,25,29,30,38,41
2011-12-25,12,16,21,23,26,42
2011-12-29,4,14,16,30,41,42
2012-01-01,1,4,19,24,30,34
2012-01-05,3,16,20,28,29,42
2012-01-08,1,14,31,33,40,44
2012-01-12,1,7,20,24,34,43
2012-01-15,17,33,34,36,42,45
2012-01-19,2,7,11,12,16,41
2012-01-22,7,13,17,26,32,40
2012-01-26,4,5,8,16,27,32
2012-01-29,2,19,25,27,31,43
2012-02-02,6,19,20,31,40,42
2012-02-05,1,9,23,32,33,40
2012-02-09,12,24,26,41,42,45
2012-02-12,4,21,22,23,27,32
2012-02-16,8,9,30,42,43,45
2012-02-19,9,10,17,26,32,43
2012-02-23,7,18,21,26,43,45
2012-02-26,3,34,39,40,41,42
2012-03-01,5,8,33,35,38,43
2012-03-04,2,8,21,27,34,39
2012-03-08,9,16,21,22,27,32
2012-03-11,2,6,15,18,33,36
2012-03-15,2,8,15,23,25,29
2012-03-18,10,17,18,29,30,41
2012-03-22,1,15,28,33,38,43
2012-03-25,6,7,16,17,40,41
2012-03-29,15,17,25,30,34,36
2012-04-01,8,11,13,19,27,32
2012-04-05,19,21,23,28,32,39
2012-04-08,3,8,32,39,42,44
2012-04-12,7,8,10,26,29,33
2012-04-15,7,11,21,26,38,41
2012-04-19,12,14,21,28,33,40
2012-04-22,10,22,27,31,35,41
2012-04-26,2,11,14,15,29,35
2012-04-29,4,6,29,41,42,43
2012-05-03,5,16,18,22,31,42
2012-05-06,2,6,19,24,25,33
2012-05-10,3,22,24,28,35,44
2012-05-13,2,11,23,27,33,38
2012-05-17,2,7,13,30,37,39
2012-05-20,8,9,25,31,34,35
2012-05-24,3,9,25,28,35,43
2012-05-27,4,6,11,13,16,35
2012-05-31,8,15,17,20,28,41
2012-06-03,6,9,14,35,37,38
2012-06-07,18,25,27,29,37,38
2012-06-10,3,7,10,19,42,43
2012-06-14,1,20,29,34,38,40
2012-06-17,6,12,23,33,40,41
2012-06-21,4,5,14,27,30,42
2012-06-24,1,13,16,23,27,42
2012-06-28,11,28,30,41,42,45
2012-07-01,11,12,14,41,42,45
2012-07-05,13,17,18,22,35,39
2012-07-08,1,5,22,35,38,44
2012-07-12,7,9,12,19,24,26
2012-07-15,21,31,32,35,36,43
2012-07-19,1,3,26,33,36,42
2012-07-22,4,8,13,33,36,38
2012-07-26,2,7,8,23,25,37
2012-07-29,1,12,17,22,27,40
2012-08-02,8,9,25,31,34,36
2012-08-05,1,8,10,14,25,39
2012-08-09,2,16,35,38,42,45
2012-08-12,6,11,15,28,39,42
2012-08-16,4,12,18,37,42,45
2012-08-19,1,5,10,13,29,32
2012-08-23,1,11,12,19,26,29
2012-08-26,1,12,17,34,36,40
2012-08-30,3,9,35,36,37,39
2012-09-02,4,18,32,37,41,44
2012-09-06,5,9,11,27,30,31
2012-09-09,8,10,12,14,26,35
2012-09-13,3,17,18,19,26,31
2012-09-16,12,20,23,39,42,43
2012-09-20,3,6,21,26,39,45
2012-09-23,4,7,27,32,37,45
2012-09-27,14,18,26,29,39,45
2012-09-30,3,19,30,31,39,43
2012-10-04,4,5,9,22,25,45
2012-10-07,5,8,14,19,22,29
2012-10-11,14,24,28,29,31,34
2012-10-14,2,9,20,25,27,33
2012-10-18,3,8,21,26,34,35
2012-10-21,14,16,17,36,41,43
2012-10-25,1,15,24,40,43,44
2012-10-28,1,5,19,31,33,42
2012-11-01,14,15,18,27,33,36
2012-11-04,5,10,26,28,34,36
2012-11-08,1,3,8,27,35,43
2012-11-11,13,14,23,26,33,37
2012-11-15,1,18,21,25,34,41
2012-11-18,11,14,22,31,43,44
2012-11-22,7,25,26,28,40,41
2012-11-25,4,6,8,11,24,25
2012-11-29,1,11,21,23,33,43
2012-12-02,4,14,15,16,19,20
2012-12-06,9,10,12,19,21,38
2012-12-09,2,17,20,27,35,37
2012-12-13,8,19,23,28,37,38
2012-12-16,1,5,14,21,39,44
2012-12-20,2,4,10,22,43,45
2012-12-23,2,6,9,14,27,38
2012-12-27,7,20,29,30,33,38
2012-12-30,7,26,31,39,41,43
2013-01-03,9,13,16,17,28,35
2013-01-06,4,6,29,30,35,41
2013-01-10,5,11,17,22,34,36
2013-01-13,10,12,26,29,30,35
2013-01-17,14,15,37,38,39,42
2013-01-20,2,12,16,26,29,41
2013-01-24,3,11,14,21,29,38
2013-01-27,4,10,14,18,29,38
2013-01-31,10,12,23,28,35,40
2013-02-03,2,22,23,30,31,45
2013-02-07,11,27,32,42,43,45
2013-02-10,11,22,27,30,37,39
2013-02-14,9,25,32,38,39,45
2013-02-17,3,11,15,34,39,41
2013-02-21,8,9,11,20,34,45
2013-02-24,1,8,30,31,40,44
2013-02-28,7,21,29,30,31,44
2013-03-03,11,16,32,35,39,43
2013-03-07,12,13,21,31,32,34
2013-03-10,5,22,28,32,41,45
2013-03-14,4,9,15,24,34,43
2013-03-17,8,11,14,20,23,42
2013-03-21,17,22,25,31,34,43
2013-03-24,4,11,17,39,43,44
2013-03-28,1,7,29,31,37,39
2013-03-31,13,18,20,27,34,41
2013-04-04,3,4,12,31,36,42
2013-04-07,5,14,22,27,31,38
2013-04-11,2,8,16,26,35,45
2013-04-14,6,13,17,31,35,45
2013-04-18,1,2,7,24,26,27
2013-04-21,11,14,17,19,21,22
2013-04-25,9,15,16,23,38,42
2013-04-28,6,7,19,24,30,37
2013-05-02,1,4,14,22,24,42
2013-05-05,3,4,9,26,43,44
2013-05-09,8,11,14,26,30,45
2013-05-12,1,4,36,39,42,44
2013-05-16,3,29,32,34,41,42
2013-05-19,2,6,7,23,26,28
2013-05-23,4,5,18,27,34,45
2013-05-26,4,7,9,18,27,30
2013-05-30,4,10,16,18,29,39
2013-06-02,1,17,19,25,35,37
2013-06-06,1,8,30,32,42,43
2013-06-09,19,26,27,32,33,38
2013-06-13,1,8,25,27,29,41
2013-06-16,2,12,26,32,40,45
2013-06-20,2,16,18,21,42,45
2013-06-23,1,7,15,16,28,37
2013-06-27,12,19,24,25,39,42
2013-06-30,1,6,29,32,34,37
2013-07-04,1,7,22,36,37,40
2013-07-07,2,6,24,29,32,36
2013-07-11,9,13,14,27,44,45
2013-07-14,10,20,35,41,44,45
2013-07-18,13,17,18,27,31,38
2013-07-21,3,7,11,12,16,19
2013-07-25,1,15,26,43,44,45
2013-07-28,3,11,12,26,29,38
2013-08-01,10,16,25,31,33,43
2013-08-04,4,7,10,22,40,41
2013-08-08,2,13,16,24,25,38
2013-08-11,7,11,19,30,31,35
2013-08-15,21,28,34,35,36,45
2013-08-18,20,24,25,29,35,39
2013-08-22,8,12,15,22,24,38
2013-08-25,16,18,24,30,40,41
2013-08-29,2,18,20,31,42,43
2013-09-01,6,13,22,23,25,30
2013-09-05,1,2,7,10,36,41
2013-09-08,8,10,17,20,28,43
2013-09-12,8,9,21,30,40,45
2013-09-15,18,20,21,24,28,31
2013-09-19,10,22,28,37,38,40
2013-09-22,2,14,20,27,30,44
2013-09-26,14,18,23,24,28,40
2013-09-29,3,5,6,8,24,44
2013-10-03,3,4,9,10,37,45
2013-10-06,4,21,25,29,39,43
2013-10-10,6,19,32,35,36,45
2013-10-13,14,19,21,22,27,35
2013-10-17,1,21,23,24,38,44
2013-10-20,9,11,21,23,31,35
2013-10-24,6,10,15,25,34,39
2013-10-27,1,3,7,32,41,44
2013-10-31,3,6,15,24,29,45
2013-11-03,3,5,10,19,20,35
2013-11-07,5,12,23,35,37,43
2013-11-10,9,12,16,22,24,26
2013-11-14,21,22,23,32,34,43
2013-11-17,1,18,23,26,36,38
2013-11-21,2,13,27,33,43,45
2013-11-24,2,6,9,18,28,34
2013-11-28,14,16,20,26,35,43
2013-12-01,6,11,14,19,22,29
2013-12-05,4,19,24,26,32,37
2013-12-08,1,5,10,19,31,42
2013-12-12,5,18,24,29,37,43
2013-12-15,3,5,11,25,40,43
2013-12-19,11,14,16,22,30,39
2013-12-22,3,14,17,33,36,37
2013-12-26,1,11,35,37,39,43
2013-12-29,27,32,36,41,43,45
2014-01-02,3,20,25,32,37,39
2014-01-05,5,6,8,23,26,31
2014-01-09,8,15,17,19,31,44
2014-01-12,5,6,18,20,22,41
2014-01-16,6,20,23,31,36,41
2014-01-19,6,10,20,31,36,43
2014-01-23,6,9,22,25,37,43
2014-01-26,5,11,18,20,22,29
2014-01-30,5,8,15,18,35,44
2014-02-02,3,12,20,26,28,38
2014-02-06,1,10,23,34,35,44
2014-02-09,6,17,36,37,42,44
2014-02-13,9,12,15,27,29,35
2014-02-16,7,10,21,27,29,30
2014-02-20,4,8,13,16,19,24
2014-02-23,4,6,14,26,44,45
2014-02-27,18,24,31,37,40,41
2014-03-02,11,15,16,17,28,44
2014-03-06,20,21,26,30,32,45
2014-03-09,17,18,24,31,40,45
2014-03-13,1,7,8,20,35,40
2014-03-16,2,14,19,25,27,29
2014-03-20,5,12,23,25,39,42
2014-03-23,5,16,30,33,35,41
2014-03-27,7,13,17,18,31,45
2014-03-30,2,11,26,32,33,35
2014-04-03,1,9,12,35,38,45
2014-04-06,7,14,20,25,29,31
2014-04-10,27,31,34,35,39,44
2014-04-13,5,21,35,36,38,41
2014-04-17,11,16,28,29,35,37
2014-04-20,8,10,20,29,35,38
2014-04-24,8,9,15,20,21,23
2014-04-27,9,11,19,21,25,42
2014-05-01,4,9,10,13,19,34
2014-05-04,2,4,13,19,29,33
2014-05-08,1,2,4,12,19,23
2014-05-11,1,7,17,38,40,43
2014-05-15,5,7,8,31,34,37
2014-05-18,4,7,15,21,24,37
2014-05-22,9,17,31,34,41,44
2014-05-25,3,5,7,10,17,21
2014-05-29,7,12,17,18,22,26
2014-06-01,8,24,28,29,30,39
2014-06-05,17,22,39,41,44,45
2014-06-08,13,18,26,29,44,45
2014-06-12,13,15,24,30,31,34
2014-06-15,3,12,19,33,39,44
2014-06-19,6,8,11,16,30,44
2014-06-22,3,21,31,35,39,44
2014-06-26,2,11,15,16,23,37
2014-06-29,2,11,18,22,32,41
2014-07-03,1,14,15,18,24,30
2014-07-06,7,12,13,21,32,38
2014-07-10,9,15,19,27,28,40
2014-07-13,21,23,27,28,31,37
2014-07-17,8,12,28,32,36,40
2014-07-20,7,17,18,23,32,39
2014-07-24,2,3,5,24,27,30
2014-07-27,11,19,21,25,29,41
2014-07-31,3,4,10,17,28,30
2014-08-03,10,12,26,36,37,44
2014-08-07,1,2,10,31,36,42
2014-08-10,6,8,12,31,33,34
2014-08-14,6,14,15,16,20,22
2014-08-17,8,13,29,32,33,42
2014-08-21,23,28,33,34,39,41
2014-08-24,1,3,14,31,39,41
2014-08-28,3,6,16,33,35,45
2014-08-31,6,22,26,31,32,34
2014-09-04,3,12,14,23,25,38
2014-09-07,4,17,28,31,33,42
2014-09-11,6,7,19,21,27,33
2014-09-14,1,11,31,34,35,38
2014-09-18,4,18,30,31,33,40
2014-09-21,6,26,27,29,32,44
2014-09-25,2,10,18,24,27,32
2014-09-28,9,17,29,31,34,38
2014-10-02,11,29,35,37,38,44
2014-10-05,1,12,15,16,24,38
2014-10-09,2,6,10,13,19,36
2014-10-12,9,10,11,22,36,39
2014-10-16,7,16,17,32,39,40
2014-10-19,2,7,30,41,42,43
2014-10-23,3,19,25,28,39,44
2014-10-26,2,3,13,20,26,33
2014-10-30,3,8,30,31,35,42
2014-11-02,5,10,23,35,36,41
2014-11-06,3,10,11,22,26,34
2014-11-09,7,19,27,28,41,42
2014-11-13,7,9,12,15,17,43
2014-11-16,11,16,24,32,44,45
2014-11-20,8,16,19,27,28,41
2014-11-23,10,17,28,31,42,45
2014-11-27,6,10,13,24,40,43
2014-11-30,1,15,20,23,26,33
2014-12-04,4,8,24,25,29,41
2014-12-07,5,14,21,24,25,29
2014-12-11,2,7,14,15,22,45
2014-12-14,13,18,28,31,39,42
2014-12-18,8,9,15,27,30,32
2014-12-21,7,14,35,37,41,42
2014-12-25,3,11,15,25,27,37
2014-12-28,3,5,9,14,18,28
2015-01-01,7,9,21,22,25,43
2015-01-04,3,4,8,26,31,42
2015-01-08,18,25,28,29,30,40
2015-01-11,13,17,28,29,35,39
2015-01-15,6,12,19,25,35,37
2015-01-18,9,20,23,32,42,44
2015-01-22,8,15,16,17,32,39
2015-01-25,1,3,4,15,37,45
2015-01-29,5,21,22,26,42,43
2015-02-01,5,13,21,27,40,43
2015-02-05,7,11,12,16,21,25
2015-02-08,3,4,7,13,27,32
2015-02-12,7,12,15,36,37,44
2015-02-15,1,15,30,31,37,38
2015-02-19,2,4,7,29,30,40
2015-02-22,22,23,24,36,41,43
2015-02-26,12,19,32,33,44,45
2015-03-01,10,13,26,27,30,45
2015-03-05,11,18,23,30,32,44
2015-03-08,18,31,32,34,42,45
2015-03-12,5,23,25,30,31,34
2015-03-15,6,13,14,27,29,32
2015-03-19,8,10,13,26,36,44
2015-03-22,1,5,9,17,21,35
2015-03-26,1,13,29,37,39,43
2015-03-29,5,24,27,35,38,39
2015-04-02,8,10,12,21,29,36
2015-04-05,14,16,20,26,40,41
2015-04-09,1,8,9,20,27,33
2015-04-12,11,12,28,41,43,44
2015-04-16,3,10,11,25,26,43
2015-04-19,10,20,21,33,38,41
2015-04-23,3,6,13,31,34,43
2015-04-26,12,15,19,20,27,43
2015-04-30,10,11,13,19,27,31
2015-05-03,3,18,32,39,43,44
2015-05-07,4,12,19,26,33,37
2015-05-10,10,14,21,28,30,43
2015-05-14,5,15,19,20,23,44
2015-05-17,2,3,15,23,32,41
2015-05-21,6,17,22,29,33,38
2015-05-24,5,11,20,25,29,38
2015-05-28,10,19,21,28,36,37
2015-05-31,2,4,5,16,36,37
2015-06-04,1,3,6,8,21,37
2015-06-07,10,23,28,29,36,38
2015-06-11,16,19,20,25,31,41
2015-06-14,2,5,24,31,34,45
2015-06-18,7,13,14,15,24,39
2015-06-21,4,9,25,31,33,45
2015-06-25,10,19,23,26,27,45
2015-06-28,6,9,12,20,29,30
2015-07-02,1,18,28,39,42,45
2015-07-05,4,16,17,22,39,42
2015-07-09,11,14,21,24,31,35
2015-07-12,1,4,17,26,36,39
2015-07-16,1,5,11,21,30,34
2015-07-19,21,27,28,30,31,43
2015-07-23,1,4,5,8,18,24
2015-07-26,2,11,13,16,20,23
2015-07-30,2,9,16,17,28,34
2015-08-02,1,10,13,20,40,45
2015-08-06,1,8,10,22,32,33
2015-08-09,11,21,34,37,38,41
2015-08-13,1,8,13,31,32,37
2015-08-16,21,23,28,30,37,41
2015-08-20,12,27,31,32,33,37
2015-08-23,17,20,26,30,40,44
2015-08-27,16,19,22,27,30,42
2015-08-30,6,11,16,35,39,45
2015-09-03,14,15,23,32,37,43
2015-09-06,2,3,11,14,25,45
2015-09-10,4,6,26,31,34,39
2015-09-13,3,13,18,19,37,39
2015-09-17,1,5,10,14,25,29
2015-09-20,4,13,14,32,36,41
2015-09-24,5,9,14,30,33,40
2015-09-27,3,6,7,13,23,35
2015-10-01,7,14,17,28,35,36
2015-10-04,1,14,17,18,29,44
2015-10-08,8,11,19,20,29,34
2015-10-11,9,16,17,18,32,44
2015-10-15,14,17,25,27,31,40
2015-10-18,13,14,16,29,32,33
2015-10-22,2,13,26,32,34,45
2015-10-25,10,14,25,34,35,42
2015-10-29,11,12,13,16,24,34
2015-11-01,4,8,11,20,23,25
2015-11-05,6,11,16,26,40,44
2015-11-08,8,11,13,23,31,39
2015-11-12,5,10,14,27,34,45
2015-11-15,5,12,15,31,38,39
2015-11-19,2,5,7,21,25,28
2015-11-22,6,8,13,16,17,29
2015-11-26,1,9,17,20,38,41
2015-11-29,7,13,25,29,41,45
2015-12-03,6,23,24,34,37,38
2015-12-06,13,21,28,34,36,43
2015-12-10,12,17,22,26,29,41
2015-12-13,8,18,19,32,34,43
2015-12-17,2,9,16,32,35,40
2015-12-20,6,10,14,15,32,36
2015-12-24,18,21,31,32,37,44
2015-12-27,1,16,22,24,30,33
2015-12-31,3,16,28,34,39,42
2016-01-03,2,4,16,32,37,45
2016-01-07,20,25,27,38,40,41
2016-01-10,15,25,27,39,41,45
2016-01-14,15,19,21,39,44,45
2016-01-17,20,32,35,37,40,42
2016-01-21,5,7,29,41,42,44
2016-01-24,2,8,17,35,38,45
2016-01-28,2,6,28,29,34,44
2016-01-31,1,2,7,11,15,45
2016-02-04,2,17,20,21,28,29
2016-02-07,11,17,28,29,30,31
2016-02-11,23,32,34,35,38,42
2016-02-14,14,16,18,27,32,42
2016-02-18,10,21,23,30,39,42
2016-02-21,4,17,23,26,29,38
2016-02-25,4,5,12,14,23,40
2016-02-28,5,7,12,22,27,43
2016-03-03,1,8,28,29,34,38
2016-03-06,7,11,15,22,29,32
2016-03-10,8,10,15,22,28,33
2016-03-13,1,9,12,23,37,41
2016-03-17,6,30,33,35,36,44
2016-03-20,10,12,18,36,42,44
2016-03-24,12,13,18,30,36,43
2016-03-27,12,14,20,35,40,42
2016-03-31,3,6,11,24,30,35
2016-04-03,3,18,20,27,28,30
2016-04-07,1,3,5,9,26,45
2016-04-10,4,7,17,19,24,38
2016-04-14,4,17,25,27,30,42
2016-04-17,17,18,27,28,33,43
2016-04-21,17,18,26,30,35,44
2016-04-24,3,9,10,32,35,37
2016-04-28,5,9,36,41,43,45
2016-05-01,2,5,19,25,31,36
2016-05-05,15,24,25,30,35,42
2016-05-08,9,19,30,31,41,44
2016-05-12,3,10,15,35,37,43
2016-05-15,13,16,18,32,37,41
2016-05-19,9,11,19,28,35,36
2016-05-22,1,7,18,30,37,43
2016-05-26,22,23,27,34,36,42
2016-05-29,6,14,16,19,30,31
2016-06-02,15,29,30,36,38,45
2016-06-05,4,9,28,34,37,44
2016-06-09,1,5,27,28,31,40
2016-06-12,2,6,13,25,32,43
2016-06-16,7,10,28,31,40,45
2016-06-19,1,2,11,14,17,26
2016-06-23,7,13,20,32,41,42
2016-06-26,6,10,20,23,35,37
2016-06-30,9,12,14,18,22,24
2016-07-03,2,3,6,15,17,36
2016-07-07,3,19,34,40,41,43
2016-07-10,7,15,21,34,41,43
2016-07-14,6,10,33,36,37,43
2016-07-17,4,5,11,15,40,42
2016-07-21,3,7,16,20,28,39
2016-07-24,1,9,11,22,36,42
2016-07-28,5,16,19,36,41,42
2016-07-31,3,5,15,20,26,40
2016-08-04,7,16,20,32,40,44
2016-08-07,16,17,22,23,39,42
2016-08-11,2,4,9,14,19,20
2016-08-14,8,13,14,22,25,26
2016-08-18,9,11,18,20,24,33
2016-08-21,26,30,32,36,39,42
2016-08-25,4,5,24,28,32,37
2016-08-28,1,19,21,22,23,27
2016-09-01,12,15,32,34,39,42
2016-09-04,1,24,28,34,37,44
2016-09-08,8,12,21,22,39,43
2016-09-11,4,5,13,25,35,42
2016-09-15,11,19,21,29,31,34
2016-09-18,10,14,20,36,39,40
2016-09-22,5,7,24,35,37,42
2016-09-25,5,9,10,15,21,31
2016-09-29,4,8,9,15,19,23
2016-10-02,3,18,24,33,36,37
2016-10-06,7,9,13,22,25,26
2016-10-09,9,18,28,30,37,44
2016-10-13,1,5,10,23,24,35
2016-10-16,6,11,12,16,38,39
2016-10-20,16,19,20,21,27,42
2016-10-23,5,21,27,31,40,44
2016-10-27,2,22,28,38,41,44
2016-10-30,1,22,24,25,33,36
2016-11-03,7,9,11,21,31,35
2016-11-06,1,20,25,32,43,44
2016-11-10,2,17,27,30,34,40
2016-11-13,2,5,24,26,33,34
2016-11-17,3,15,32,39,43,45
2016-11-20,2,7,17,24,27,33
2016-11-24,3,22,28,30,31,42
2016-11-27,9,22,25,37,43,45
2016-12-01,10,17,28,34,39,41
2016-12-04,2,6,31,32,37,45
2016-12-08,15,29,30,33,35,39
2016-12-11,1,7,8,9,25,31
2016-12-15,7,11,16,25,35,38
2016-12-18,1,2,19,24,31,36
2016-12-22,21,22,37,40,41,45
2016-12-25,1,2,4,13,30,36
2016-12-29,1,5,13,14,32,40
2017-01-01,3,5,10,24,26,27
2017-01-05,5,11,15,30,37,39
2017-01-08,7,11,18,28,35,39
2017-01-12,8,10,17,25,38,40
2017-01-15,9,21,23,26,37,40
2017-01-19,4,9,11,15,28,37
2017-01-22,9,20,23,39,43,45
2017-01-26,7,9,18,24,31,44
2017-01-29,2,11,14,27,36,37
2017-02-02,3,6,13,19,23,24
2017-02-05,5,13,15,20,34,35
2017-02-09,5,9,11,14,23,26
2017-02-12,3,12,28,29,37,42
2017-02-16,17,18,24,26,31,35
2017-02-19,1,3,16,23,25,43
2017-02-23,1,8,16,17,37,44
2017-02-26,1,9,20,23,33,44
2017-03-02,2,5,10,12,26,45
2017-03-05,23,27,35,41,43,44
2017-03-09,9,19,29,34,39,44
2017-03-12,3,5,14,16,25,31
2017-03-16,12,14,17,23,31,43
2017-03-19,11,15,26,35,38,39
2017-03-23,1,3,5,20,37,44
2017-03-26,11,16,23,30,44,45
2017-03-30,4,6,12,23,30,33
2017-04-02,9,13,14,19,22,39
2017-04-06,10,11,21,23,36,44
2017-04-09,7,8,31,37,42,45
2017-04-13,1,7,14,17,23,36
2017-04-16,8,14,33,34,39,44
2017-04-20,10,12,13,33,35,39
2017-04-23,6,14,15,22,32,44
2017-04-27,2,3,9,16,33,39
2017-04-30,7,8,14,24,26,27
2017-05-04,1,3,10,17,32,34
2017-05-07,9,11,19,20,21,44
2017-05-11,1,13,23,28,40,43
2017-05-14,11,27,29,31,40,44
2017-05-18,4,14,17,39,42,43
2017-05-21,4,7,27,33,36,39
2017-05-25,4,26,39,40,42,45
2017-05-28,1,2,4,20,24,40
2017-06-01,4,25,27,33,36,42
2017-06-04,10,26,27,35,36,37
2017-06-08,15,30,32,35,40,42
2017-06-11,1,2,9,19,26,39
2017-06-15,9,22,30,33,41,45
2017-06-18,15,22,25,39,40,43
2017-06-22,5,9,18,29,32,35
2017-06-25,2,12,16,20,37,44
2017-06-29,15,25,27,31,41,45
2017-07-02,13,16,17,23,42,45
2017-07-06,3,15,27,30,38,44
2017-07-09,6,11,14,34,43,45
2017-07-13,2,5,12,17,30,39
2017-07-16,9,14,19,24,25,26
2017-07-20,1,21,22,23,25,42
2017-07-23,4,6,17,24,41,44
2017-07-27,1,3,21,24,31,36
2017-07-30,8,24,27,29,40,43
2017-08-03,7,13,28,29,38,42
2017-08-06,9,14,21,23,28,40
2017-08-10,3,4,24,27,36,42
2017-08-13,1,4,7,32,39,44
2017-08-17,11,13,19,22,37,40
2017-08-20,4,9,12,13,22,35
2017-08-24,7,20,28,33,39,40
2017-08-27,2,3,19,21,26,29
2017-08-31,9,13,23,32,34,40
2017-09-03,5,16,22,25,26,36
2017-09-07,32,33,40,41,44,45
2017-09-10,6,15,17,29,32,35
2017-09-14,5,9,13,34,40,44
2017-09-17,6,10,14,22,23,40
2017-09-21,11,22,30,37,42,45
2017-09-24,22,33,34,35,42,45
2017-09-28,12,13,23,34,42,44
2017-10-01,4,5,9,14,27,34
2017-10-05,6,15,16,20,23,43
2017-10-08,2,11,16,34,39,41
2017-10-12,5,6,10,14,18,20
2017-10-15,9,10,26,28,31,41
2017-10-19,11,26,35,38,39,41
2017-10-22,10,11,13,14,27,28
2017-10-26,1,4,5,11,13,14
2017-10-29,5,15,18,21,24,36
2017-11-02,4,8,11,17,22,24
2017-11-05,9,15,16,43,44,45
2017-11-09,1,7,8,39,41,45
2017-11-12,12,13,33,35,41,44
2017-11-16,7,18,24,37,38,40
2017-11-19,1,3,11,21,29,45
2017-11-23,4,6,10,24,27,30
2017-11-26,3,4,20,21,24,36
2017-11-30,4,11,24,26,36,40
2017-12-03,8,14,23,34,36,42
2017-12-07,2,7,16,26,40,41
2017-12-10,6,13,23,24,28,41
2017-12-14,7,14,23,25,27,42
2017-12-17,24,29,30,36,39,44
2017-12-21,20,22,29,31,34,36
2017-12-24,4,5,12,13,23,36
2017-12-28,2,4,10,39,41,43
2017-12-31,2,6,8,11,18,21
2018-01-04,9,17,19,26,33,37
2018-01-07,9,23,27,34,39,41
2018-01-11,9,13,17,24,28,42
2018-01-14,1,2,14,29,37,44
2018-01-18,2,14,21,24,28,40
2018-01-21,2,6,10,20,36,45
2018-01-25,24,26,27,28,39,44
2018-01-28,3,24,27,29,38,40
2018-02-01,2,5,25,32,37,42
2018-02-04,10,15,16,24,35,41
2018-02-08,10,12,13,16,27,36
2018-02-11,9,18,19,31,38,39
2018-02-15,2,4,5,7,10,28
2018-02-18,9,10,21,26,30,34
2018-02-22,17,22,25,26,28,39
2018-02-25,5,16,38,42,43,45
2018-03-01,5,6,40,42,43,45
2018-03-04,4,6,8,15,26,42
2018-03-08,4,8,13,26,30,32
2018-03-11,1,2,14,25,28,31
2018-03-15,8,11,16,22,37,45
2018-03-18,14,17,18,26,29,33
2018-03-22,6,7,21,25,29,37
2018-03-25,9,16,18,31,38,40
2018-03-29,9,15,22,28,29,39
2018-04-01,2,7,11,23,32,45
2018-04-05,4,6,8,21,34,45
2018-04-08,4,14,19,21,26,29
2018-04-12,12,16,35,36,41,45
2018-04-15,7,8,9,12,18,28
2018-04-19,3,12,27,28,42,43
2018-04-22,17,29,30,33,35,42
2018-04-26,2,6,15,32,36,39
2018-04-29,2,7,12,17,26,41
2018-05-03,2,19,23,24,27,29
2018-05-06,1,15,19,23,39,44
2018-05-10,11,17,32,40,42,44
2018-05-13,5,9,13,16,25,28
2018-05-17,15,16,18,33,35,39
2018-05-20,3,21,24,30,34,44
2018-05-24,2,15,21,32,40,41
2018-05-27,6,8,14,17,20,42
2018-05-31,5,16,20,31,42,44
2018-06-03,4,14,34,38,40,44
2018-06-07,6,10,14,25,30,43
2018-06-10,5,11,22,24,31,37
2018-06-14,10,15,16,29,33,37
2018-06-17,18,20,23,31,33,45
2018-06-21,8,11,16,22,24,35
2018-06-24,3,6,18,23,24,27
2018-06-28,15,18,24,33,34,40
2018-07-01,9,11,19,26,28,42
2018-07-05,1,9,10,13,16,23
2018-07-08,1,11,13,31,42,44
2018-07-12,4,9,22,33,38,40
2018-07-15,1,11,19,24,33,34
2018-07-19,12,16,21,28,35,43
2018-07-22,10,15,20,25,32,39
2018-07-26,8,13,20,21,28,44
2018-07-29,13,17,19,21,40,41
2018-08-02,14,25,28,39,42,45
2018-08-05,7,8,18,22,24,35
2018-08-09,13,16,34,40,41,44
2018-08-12,29,38,39,40,41,42
2018-08-16,9,15,16,25,33,38
2018-08-19,14,22,26,27,37,42
2018-08-23,7,14,17,40,41,44
2018-08-26,2,5,9,10,21,32
2018-08-30,14,15,22,38,41,45
2018-09-02,4,22,23,32,34,37
2018-09-06,3,4,26,31,36,40
2018-09-09,3,7,14,32,37,45
2018-09-13,8,19,24,32,37,44
2018-09-16,11,15,21,23,25,35
2018-09-20,4,6,9,15,28,38
2018-09-23,14,15,34,37,41,42
2018-09-27,5,13,21,22,29,41
2018-09-30,9,10,19,31,38,45
2018-10-04,20,26,27,34,36,37
2018-10-07,3,4,7,8,9,13
2018-10-11,1,5,14,19,27,43
2018-10-14,2,14,16,17,20,44
2018-10-18,1,15,20,23,25,34
2018-10-21,1,5,6,19,28,32
2018-10-25,2,5,9,19,26,28
2018-10-28,20,22,28,30,43,45
2018-11-01,3,9,17,18,32,37
2018-11-04,14,21,25,30,42,43
2018-11-08,10,12,29,34,41,43
2018-11-11,2,11,31,34,35,38
2018-11-15,10,13,24,30,33,37
2018-11-18,3,5,8,21,33,44
2018-11-22,2,12,13,20,25,42
2018-11-25,3,10,12,13,19,32
2018-11-29,5,8,9,12,25,42
2018-12-02,9,11,30,33,39,45
2018-12-06,6,17,29,38,43,44
2018-12-09,6,16,20,27,30,38
2018-12-13,7,13,16,18,27,30
2018-12-16,3,4,11,16,26,29
2018-12-20,4,7,20,23,39,41
2018-12-23,12,26,28,31,40,44
2018-12-27,12,18,20,26,39,43
2018-12-30,7,20,23,34,36,42
2019-01-03,18,21,24,28,35,43
2019-01-06,1,9,14,19,32,35
2019-01-10,2,5,6,24,38,39
2019-01-13,11,13,21,26,38,39
2019-01-17,4,9,22,26,40,45
2019-01-20,9,11,16,19,24,34
2019-01-24,4,12,33,35,39,41
2019-01-27,4,6,14,23,31,33
2019-01-31,2,4,7,20,22,30
2019-02-03,10,11,24,29,34,35
2019-02-07,3,5,14,16,18,37
2019-02-10,1,9,11,16,26,33
2019-02-14,7,14,25,37,39,42
2019-02-17,17,18,21,27,32,43
2019-02-21,6,14,15,30,35,43
2019-02-24,9,12,13,21,24,39
2019-02-28,8,19,28,34,37,44
2019-03-03,3,9,12,17,42,45
2019-03-07,1,23,26,30,36,39
2019-03-10,1,9,18,29,31,41
2019-03-14,2,9,10,22,33,36
2019-03-17,1,8,22,32,35,45
2019-03-21,2,4,13,15,30,33
2019-03-24,7,12,20,22,38,44
2019-03-28,7,20,25,27,32,42
2019-03-31,20,23,24,33,44,45
2019-04-04,12,23,31,34,42,43
2019-04-07,14,16,20,27,34,43
2019-04-11,5,12,35,36,37,43
2019-04-14,5,19,26,28,29,45
2019-04-18,8,11,12,16,22,24
2019-04-21,18,19,26,33,39,44
2019-04-25,9,18,22,24,32,33
2019-04-28,7,25,28,32,34,35
2019-05-02,11,23,25,28,33,42
2019-05-05,1,4,16,25,31,35
2019-05-09,5,19,21,26,33,45
2019-05-12,1,8,17,18,20,24
2019-05-16,13,28,29,30,36,40
2019-05-19,5,23,25,26,27,32
2019-05-23,1,23,25,27,40,42
2019-05-26,4,11,19,21,31,40
2019-05-30,2,16,21,23,26,42
2019-06-02,2,7,14,27,29,41
2019-06-06,8,10,11,25,29,32
2019-06-09,11,16,21,28,43,44
2019-06-13,3,6,14,23,35,36
2019-06-16,4,18,19,20,28,43
2019-06-20,4,5,33,39,40,42
2019-06-23,2,19,24,29,31,38
2019-06-27,2,6,21,22,27,41
2019-06-30,4,9,30,31,34,41
2019-07-04,9,11,12,20,22,40
2019-07-07,6,10,20,30,31,38
2019-07-11,1,8,30,37,39,42
2019-07-14,11,21,36,37,38,41
2019-07-18,3,8,11,13,26,45
2019-07-21,18,22,23,28,37,39
2019-07-25,5,8,17,18,22,26
2019-07-28,3,21,40,41,43,44
2019-08-01,6,11,13,26,35,42
2019-08-04,6,23,37,38,39,45
2019-08-08,3,21,22,23,24,38
2019-08-11,1,4,7,15,16,20
2019-08-15,5,17,19,26,29,40
2019-08-18,3,10,13,14,18,38
2019-08-22,1,9,13,32,34,36
2019-08-25,2,12,14,19,26,30
2019-08-29,7,12,13,18,25,42
2019-09-01,9,15,23,38,40,45
2019-09-05,11,12,15,35,38,45
2019-09-08,16,28,33,39,41,42
2019-09-12,3,21,25,26,37,41
2019-09-15,11,20,21,28,31,36
2019-09-19,10,21,27,28,33,37
2019-09-22,12,16,19,21,25,44
2019-09-26,12,19,29,34,35,37
2019-09-29,6,13,26,27,40,42
2019-10-03,4,6,11,32,34,44
2019-10-06,11,15,21,23,35,42
2019-10-10,9,12,18,29,35,45
2019-10-13,4,10,15,16,20,30
2019-10-17,5,7,19,21,38,41
2019-10-20,3,9,19,21,34,38
2019-10-24,7,11,20,31,33,41
2019-10-27,6,13,16,18,23,25
2019-10-31,2,4,12,17,24,33
2019-11-03,4,8,24,25,39,40
2019-11-07,1,4,9,15,27,40
2019-11-10,7,10,22,24,35,39
2019-11-14,5,11,31,33,36,45
2019-11-17,7,12,18,20,30,35
2019-11-21,3,5,8,19,20,37
2019-11-24,1,6,10,24,29,30
2019-11-28,1,6,9,10,23,43
2019-12-01,10,25,27,28,39,45
2019-12-05,1,6,14,22,29,38
2019-12-08,1,10,17,23,29,39
2019-12-12,1,5,17,21,27,43
2019-12-15,2,5,18,27,29,30
2019-12-19,3,4,9,20,25,44
2019-12-22,2,5,15,17,20,25
2019-12-26,8,10,12,21,24,38
2019-12-29,5,9,22,32,34,43
2020-01-02,1,3,10,24,28,41
2020-01-05,3,5,24,28,33,37
2020-01-09,6,8,11,17,22,23
2020-01-12,1,5,8,9,24,27
2020-01-16,13,15,24,28,32,45
2020-01-19,9,18,21,24,25,26
2020-01-23,16,18,25,37,39,42
2020-01-26,3,8,10,20,21,25
2020-01-30,6,21,27,35,41,44
2020-02-02,9,13,17,25,28,44
2020-02-06,2,3,4,6,13,26
2020-02-09,13,16,24,25,32,36
2020-02-13,2,8,11,14,24,26
2020-02-16,1,8,10,11,34,36
2020-02-20,6,10,12,14,17,31
2020-02-23,4,13,29,33,41,45
2020-02-27,18,25,31,32,33,43
2020-03-01,2,6,11,25,31,45
2020-03-05,4,7,8,17,26,27
2020-03-08,5,7,8,15,26,29
2020-03-12,6,11,12,17,18,33
2020-03-15,6,9,14,25,35,37
2020-03-19,13,18,22,25,37,39
2020-03-22,18,21,26,31,38,41
2020-03-26,20,22,25,27,30,37
2020-03-29,18,21,22,33,34,44
2020-04-02,2,6,19,26,32,34
2020-04-05,1,6,13,17,20,30
2020-04-09,9,10,16,29,32,35
2020-04-12,4,9,11,14,43,44
2020-04-16,3,8,16,19,24,41
2020-04-19,3,15,17,31,34,43
2020-04-23,13,15,34,41,43,45
2020-04-26,6,12,15,35,41,43
2020-04-30,7,10,25,29,34,40
2020-05-03,2,3,8,10,12,16
2020-05-07,5,22,28,29,36,44
2020-05-10,9,16,28,35,40,44
2020-05-14,3,16,18,22,24,29
2020-05-17,7,13,14,15,41,44
2020-05-21,7,9,10,26,33,34
2020-05-24,8,9,19,22,26,38
2020-05-28,5,15,20,23,30,35
2020-05-31,10,26,30,33,34,44
2020-06-04,11,12,25,39,40,45
2020-06-07,6,7,25,41,43,45
2020-06-11,14,19,22,25,29,41
2020-06-14,8,9,11,20,23,41
2020-06-18,3,10,16,25,33,40
2020-06-21,6,9,17,25,39,41
2020-06-25,6,12,13,23,32,44
2020-06-28,1,10,13,30,31,44
2020-07-02,15,18,25,26,37,44
2020-07-05,1,8,18,21,26,32
2020-07-09,12,17,21,27,28,43
2020-07-12,7,9,17,21,29,41
2020-07-16,7,10,17,25,34,39
2020-07-19,17,23,28,30,40,44
2020-07-23,14,18,23,26,31,42
2020-07-26,12,20,21,27,40,43
2020-07-30,4,7,17,20,23,28
2020-08-02,5,13,26,31,41,42
2020-08-06,2,5,11,12,20,38
2020-08-09,6,14,20,28,32,41
2020-08-13,2,28,31,33,36,38
2020-08-16,1,11,17,26,28,29
2020-08-20,4,7,13,24,30,39
2020-08-23,3,6,8,12,22,32
2020-08-27,5,7,20,21,35,36
2020-08-30,2,3,13,18,29,45
2020-09-03,6,10,12,14,36,42
2020-09-06,3,6,8,17,19,33
2020-09-10,10,13,22,29,35,42
2020-09-13,1,4,25,32,41,44
2020-09-17,2,14,19,34,35,45
2020-09-20,5,12,14,17,26,33
2020-09-24,2,8,19,21,26,40
2020-09-27,16,19,29,31,38,45
2020-10-01,18,30,31,32,36,42
2020-10-04,7,16,19,27,31,40
2020-10-08,7,11,18,19,25,27
2020-10-11,14,17,28,29,37,44
2020-10-15,2,20,28,37,43,44
2020-10-18,10,25,31,39,42,45
2020-10-22,1,9,11,13,17,25
2020-10-25,15,23,34,37,38,41
2020-10-29,8,12,20,27,29,30
2020-11-01,8,12,20,22,29,40
2020-11-05,3,7,8,11,19,32
2020-11-08,27,33,35,38,39,42
2020-11-12,2,9,19,31,34,45
2020-11-15,10,15,16,28,35,43
2020-11-19,5,6,24,32,41,45
2020-11-22,1,2,3,5,17,26
2020-11-26,3,15,29,32,44,45
2020-11-29,19,20,31,36,39,40
2020-12-03,6,11,26,37,42,43
2020-12-06,11,14,22,30,37,39
2020-12-10,8,11,13,14,17,30
2020-12-13,4,6,39,41,44,45
2020-12-17,15,23,24,29,37,42
2020-12-20,11,14,16,29,31,36
2020-12-24,4,22,25,28,33,41
2020-12-27,1,8,17,21,34,39
2020-12-31,12,16,28,39,41,43
2021-01-03,12,22,32,38,42,43
2021-01-07,1,2,17,27,30,33
2021-01-10,22,23,30,32,34,45
2021-01-14,6,30,31,32,35,45
2021-01-17,13,17,21,22,33,39
2021-01-21,2,7,11,25,38,45
2021-01-24,2,8,15,28,31,41
2021-01-28,3,21,26,31,34,37
2021-01-31,5,24,32,34,36,40
2021-02-04,3,11,28,35,36,40
2021-02-07,5,8,12,14,16,22
2021-02-11,18,26,34,35,36,45
2021-02-14,2,4,9,25,31,42
2021-02-18,2,20,22,25,34,36
2021-02-21,4,17,18,19,23,41
2021-02-25,7,20,21,29,38,40
2021-02-28,20,25,28,38,40,43
2021-03-04,3,7,17,19,23,36
2021-03-07,5,8,17,33,34,44
2021-03-11,10,25,28,31,34,45
2021-03-14,10,11,12,13,25,38
2021-03-18,1,14,24,32,41,45
2021-03-21,11,13,16,28,31,42
2021-03-25,2,10,27,32,41,44
2021-03-28,1,5,12,15,18,23
2021-04-01,4,13,25,36,40,44
2021-04-04,14,19,22,28,29,33
2021-04-08,1,4,10,18,22,25
2021-04-11,4,9,13,35,40,43
2021-04-15,2,15,23,25,29,37
2021-04-18,4,13,21,33,37,45
2021-04-22,3,11,12,14,17,37
2021-04-25,13,16,17,21,32,35
2021-04-29,2,10,17,19,34,40
2021-05-02,3,15,23,31,40,45
2021-05-06,1,8,11,13,36,39
2021-05-09,10,25,27,33,34,44
2021-05-13,9,15,22,33,40,42
2021-05-16,10,11,22,36,37,41
2021-05-20,5,6,23,29,30,41
2021-05-23,2,12,21,26,28,33
2021-05-27,5,7,24,38,39,41
2021-05-30,1,20,22,23,34,41
2021-06-03,5,16,32,39,42,43
2021-06-06,14,18,23,25,37,44
2021-06-10,1,4,8,17,42,44
2021-06-13,2,4,11,20,33,44
2021-06-17,8,11,15,16,32,45
2021-06-20,4,13,19,20,39,40
2021-06-24,4,17,25,28,38,45
2021-06-27,3,5,6,12,32,34
2021-07-01,4,5,14,22,26,32
2021-07-04,1,9,18,31,34,41
2021-07-08,1,4,8,9,15,18
2021-07-11,4,13,16,27,29,34
2021-07-15,1,2,7,10,23,29
2021-07-18,3,13,26,37,38,40
2021-07-22,1,4,15,22,28,40
2021-07-25,4,8,23,31,38,45
2021-07-29,4,20,24,26,43,44
2021-08-01,24,27,31,33,40,45
2021-08-05,4,7,9,31,33,36
2021-08-08,21,29,30,33,37,40
2021-08-12,11,14,19,20,33,41
2021-08-15,2,3,9,10,17,28
2021-08-19,5,9,12,20,28,40
2021-08-22,7,8,13,19,20,39
2021-08-26,8,9,14,26,31,41
2021-08-29,7,10,11,31,34,41
2021-09-02,25,33,34,37,43,45
2021-09-05,1,12,15,30,35,41
2021-09-09,2,4,9,36,38,40
2021-09-12,9,10,13,27,37,45
2021-09-16,2,13,27,32,34,37
2021-09-19,1,11,29,31,35,40
2021-09-23,15,25,31,39,42,45
2021-09-26,14,15,16,22,29,34
2021-09-30,3,7,9,11,19,35
2021-10-03,9,12,24,40,41,45
2021-10-07,18,20,21,30,34,41
2021-10-10,13,14,18,22,35,44
2021-10-14,3,7,17,21,26,36
2021-10-17,13,18,23,35,42,44
2021-10-21,1,8,20,27,33,40
2021-10-24,7,10,12,13,20,35
2021-10-28,11,14,26,28,38,42
2021-10-31,6,7,9,10,15,39
2021-11-04,8,10,24,31,36,38
2021-11-07,1,2,8,15,24,37
2021-11-11,4,11,15,25,31,33
2021-11-14,12,15,17,30,31,36
2021-11-18,8,13,19,20,37,38
2021-11-21,2,10,16,23,24,32
2021-11-25,16,22,23,36,37,44
2021-11-28,8,9,14,30,31,39
2021-12-02,10,11,32,34,35,44
2021-12-05,12,19,31,37,39,44
2021-12-09,4,7,10,11,35,37
2021-12-12,15,17,20,37,40,45
2021-12-16,14,17,20,34,39,42
2021-12-19,1,4,21,27,39,45
2021-12-23,6,11,31,35,38,41
2021-12-26,2,12,28,29,37,41
2021-12-30,8,18,20,23,26,44
2022-01-02,14,16,22,35,40,41
2022-01-06,8,11,15,21,24,38
2022-01-09,2,7,12,22,34,41
2022-01-13,5,26,27,29,41,43
2022-01-16,20,23,30,34,38,44
2022-01-20,19,20,25,29,34,35
2022-01-23,2,14,17,19,33,39
2022-01-27,8,13,16,28,36,39
2022-01-30,3,5,11,31,37,41
2022-02-03,9,11,15,22,31,43
2022-02-06,9,24,27,28,36,45
2022-02-10,1,7,29,35,40,42
2022-02-13,4,23,28,32,34,44
2022-02-17,1,6,8,9,18,21
2022-02-20,7,26,28,34,38,43
2022-02-24,7,21,22,25,28,43
2022-02-27,8,22,28,31,37,40
2022-03-03,8,13,27,29,33,43
2022-03-06,12,14,19,29,35,36
2022-03-10,5,11,20,21,27,43
2022-03-13,7,10,12,13,31,32
2022-03-17,1,3,8,20,32,44
2022-03-20,5,11,16,30,40,45
2022-03-24,9,15,18,33,39,41
2022-03-27,5,7,21,22,31,40
2022-03-31,2,12,18,25,26,37
2022-04-03,3,4,11,18,19,35
2022-04-07,5,6,11,21,31,39
2022-04-10,3,9,10,19,33,45
2022-04-14,6,13,14,17,19,40
2022-04-17,6,7,31,40,43,44
2022-04-21,1,12,21,22,35,40
2022-04-24,1,11,19,26,29,33
2022-04-28,2,5,9,12,20,44
2022-05-01,10,21,22,23,31,44
2022-05-05,17,18,19,20,26,40
2022-05-08,4,10,18,29,31,43
2022-05-12,5,17,27,29,32,43
2022-05-15,6,12,21,23,27,29
2022-05-19,1,8,32,34,42,43
2022-05-22,1,2,4,7,32,41
2022-05-26,9,17,35,41,43,45
2022-05-29,1,3,9,12,30,45
2022-06-02,12,13,15,30,31,34
2022-06-05,7,12,15,17,31,32
2022-06-09,3,5,37,39,42,43
2022-06-12,4,13,15,19,20,38
2022-06-16,11,15,21,23,36,39
2022-06-19,7,11,20,22,39,44
2022-06-23,7,16,20,24,30,44
2022-06-26,14,15,25,26,30,31
2022-06-30,8,22,24,26,37,38
2022-07-03,10,12,24,26,28,40
2022-07-07,9,10,12,17,33,34
2022-07-10,10,24,26,32,34,39
2022-07-14,2,7,10,17,20,27
2022-07-17,3,8,26,29,34,41
2022-07-21,15,16,21,25,26,45
2022-07-24,8,17,20,25,28,44
2022-07-28,1,18,20,21,24,30
2022-07-31,1,21,23,27,29,31
2022-08-04,4,14,18,25,31,40
2022-08-07,3,5,15,37,40,42
2022-08-11,1,3,7,9,23,33
2022-08-14,2,29,30,34,37,38
2022-08-18,10,11,19,21,30,32
2022-08-21,17,21,30,34,36,39
2022-08-25,4,8,24,30,39,45
2022-08-28,1,6,17,37,42,43
2022-09-01,2,4,10,13,27,45
2022-09-04,13,25,27,29,34,36
2022-09-08,5,8,15,32,33,36
2022-09-11,5,8,9,25,35,39
2022-09-15,2,3,4,14,17,37
2022-09-18,1,3,10,15,19,34
2022-09-22,1,15,32,35,37,44
2022-09-25,17,18,29,31,35,36
2022-09-29,8,23,28,35,36,42
2022-10-02,8,12,13,35,40,41
2022-10-06,1,11,14,24,25,34
2022-10-09,1,28,30,36,40,43
2022-10-13,8,15,27,29,31,32
2022-10-16,13,19,21,30,42,43
2022-10-20,2,9,13,26,37,41
2022-10-23,3,8,18,20,35,42
2022-10-27,12,25,32,33,39,40
2022-10-30,24,27,28,33,43,45
2022-11-03,1,9,24,34,40,43
2022-11-06,1,11,12,33,35,37
2022-11-10,4,9,17,27,29,43
2022-11-13,10,12,13,17,29,44
2022-11-17,15,18,19,27,31,37
2022-11-20,5,7,8,15,17,28
2022-11-24,10,11,26,28,35,42
2022-11-27,17,25,29,31,36,39
2022-12-01,6,27,30,34,39,41
2022-12-04,4,8,13,28,37,42
2022-12-08,6,7,11,14,18,37
2022-12-11,4,13,20,22,25,41
2022-12-15,9,10,12,24,29,37
2022-12-18,5,17,20,21,22,32
2022-12-22,6,22,23,39,40,41
2022-12-25,4,8,11,24,32,42
2022-12-29,20,32,34,40,43,45
2023-01-01,2,4,31,39,40,43
2023-01-05,23,31,33,36,39,43
2023-01-08,7,13,16,18,28,40
2023-01-12,8,9,15,21,34,38
2023-01-15,6,19,23,24,31,35
2023-01-19,5,10,16,20,21,22
2023-01-22,12,13,17,24,37,38
2023-01-26,13,23,35,41,42,43
2023-01-29,1,9,15,18,24,42
2023-02-02,4,6,13,16,24,35
2023-02-05,4,6,9,25,26,34
2023-02-09,4,8,13,16,17,24
2023-02-12,7,8,23,29,41,44
2023-02-16,2,9,18,26,31,35
2023-02-19,1,12,25,33,41,42
2023-02-23,6,13,16,23,36,42
2023-02-26,3,9,12,13,24,44
2023-03-02,2,4,18,21,24,32
2023-03-05,6,25,31,35,36,38
2023-03-09,6,8,10,11,42,44
2023-03-12,3,9,12,13,20,35
2023-03-16,3,17,28,29,34,35
2023-03-19,2,13,14,30,31,34
2023-03-23,8,10,15,33,34,39
2023-03-26,2,4,17,27,32,36
2023-03-30,5,9,15,18,19,35
2023-04-02,1,13,15,18,23,45
2023-04-06,3,12,29,30,43,44
2023-04-09,8,14,20,22,38,42
2023-04-13,13,15,29,30,32,39
2023-04-16,13,18,19,23,33,44
2023-04-20,7,23,29,30,34,45
2023-04-23,8,14,16,28,33,34
2023-04-27,7,11,13,14,20,32
2023-04-30,7,9,11,21,25,38
2023-05-04,6,17,19,39,41,44
2023-05-07,17,21,28,30,35,36
2023-05-11,5,6,14,26,42,44
2023-05-14,1,5,19,31,34,45
2023-05-18,5,9,13,22,38,45
2023-05-21,1,13,23,32,34,35
2023-05-25,4,5,10,21,38,41
2023-05-28,12,22,25,27,28,39
2023-06-01,7,13,17,23,39,42
2023-06-04,2,8,10,12,13,41
2023-06-08,3,13,15,18,35,38
2023-06-11,6,12,16,20,21,28
2023-06-15,14,18,38,39,40,44
2023-06-18,1,13,32,35,37,42
2023-06-22,1,7,13,19,25,30
2023-06-25,1,19,23,29,36,40
2023-06-29,8,17,19,22,23,30
2023-07-02,1,19,21,30,38,45
2023-07-06,1,15,19,22,38,39
2023-07-09,10,13,18,36,39,41
2023-07-13,4,7,31,37,38,45
2023-07-16,1,4,7,11,39,43
2023-07-20,4,7,13,20,26,31
2023-07-23,9,10,26,32,35,40
2023-07-27,8,15,23,26,29,36
2023-07-30,5,6,12,21,26,43
2023-08-03,3,21,24,30,39,43
2023-08-06,3,8,9,14,19,40
2023-08-10,2,5,6,16,23,39
2023-08-13,5,8,12,13,15,22
2023-08-17,14,18,27,29,31,35
2023-08-20,3,19,21,32,40,45
2023-08-24,7,15,16,30,34,45
2023-08-27,10,18,24,28,29,31
2023-08-31,3,4,18,21,24,32
2023-09-03,1,7,22,30,34,39
2023-09-07,6,8,13,20,26,39
2023-09-10,6,8,16,21,37,44
2023-09-14,6,7,8,11,17,34
2023-09-17,7,9,22,23,36,44
2023-09-21,1,18,21,28,38,43
2023-09-24,3,7,22,24,38,39
2023-09-28,5,9,30,32,36,39
2023-10-01,15,22,30,33,36,42
2023-10-05,2,7,13,39,43,45
2023-10-08,6,15,36,37,40,43
2023-10-12,6,8,15,16,36,44
2023-10-15,3,12,25,36,37,43
2023-10-19,8,9,12,13,30,45
2023-10-22,2,22,28,33,39,45
2023-10-26,2,4,11,27,30,32
2023-10-29,12,32,35,36,39,42
2023-11-02,13,15,22,36,40,43
2023-11-05,6,9,16,17,25,41
2023-11-09,17,18,20,26,28,41
2023-11-12,15,19,27,31,32,43
2023-11-16,2,4,21,25,27,34
2023-11-19,2,16,19,33,36,41
2023-11-23,17,18,25,26,32,44
2023-11-26,1,5,17,20,26,34
2023-11-30,2,30,37,41,44,45
2023-12-03,8,14,17,19,23,30
2023-12-07,1,8,9,11,21,26
2023-12-10,2,12,19,27,41,43
2023-12-14,22,23,26,31,33,35
2023-12-17,1,8,18,23,30,45
2023-12-21,3,19,27,28,31,38
2023-12-24,11,13,23,26,28,45
2023-12-28,5,20,23,25,33,45
2023-12-31,7,9,18,30,42,44
2024-01-04,1,6,15,22,23,27
2024-01-07,4,15,24,25,33,45
2024-01-11,2,16,27,35,39,40
2024-01-14,4,6,11,14,25,34
2024-01-18,1,11,23,28,30,32
2024-01-21,10,12,15,19,25,37
2024-01-25,3,15,17,19,41,45
2024-01-28,2,24,32,42,44,45
2024-02-01,7,11,18,28,34,39
2024-02-04,1,7,24,35,37,39
2024-02-08,2,3,9,16,32,37
2024-02-11,2,6,9,16,24,26
2024-02-15,9,11,24,27,37,43
2024-02-18,4,13,24,29,35,45
2024-02-22,1,2,6,11,14,30
2024-02-25,17,19,28,29,34,38
2024-02-29,2,4,10,12,35,41
2024-03-03,12,14,15,36,38,44
2024-03-07,10,13,20,29,35,36
2024-03-10,10,16,18,28,37,39
2024-03-14,8,10,18,23,25,36
2024-03-17,3,4,5,33,42,43
2024-03-21,1,19,24,25,30,36
2024-03-24,1,3,20,22,25,27
2024-03-28,26,33,34,39,40,42
2024-03-31,2,8,28,35,37,39
2024-04-04,4,25,27,34,36,37
2024-04-07,3,9,19,26,29,38
2024-04-11,9,21,28,29,43,44
2024-04-14,24,28,29,34,37,41
2024-04-18,4,7,12,20,29,37
2024-04-21,14,21,28,34,41,43
2024-04-25,1,4,9,16,18,28
2024-04-28,12,16,20,23,29,32
2024-05-02,12,21,26,29,35,38
2024-05-05,7,14,37,41,42,44
2024-05-09,3,8,18,19,21,23
2024-05-12,6,14,15,21,35,36
2024-05-16,11,12,20,22,31,36
2024-05-19,3,4,22,32,40,44
2024-05-23,3,11,20,23,30,39
2024-05-26,1,5,11,15,22,38
2024-05-30,1,11,12,24,43,45
2024-06-02,4,23,28,31,34,39
2024-06-06,7,16,17,40,41,44
2024-06-09,11,20,25,31,32,38
2024-06-13,14,20,30,32,38,42
2024-06-16,1,2,18,22,26,39
2024-06-20,5,10,16,19,31,43
2024-06-23,2,4,17,20,23,42
2024-06-27,7,8,23,35,44,45
2024-06-30,24,30,40,43,44,45
2024-07-04,6,12,22,27,35,36
2024-07-07,1,17,30,35,44,45
2024-07-11,3,12,20,26,29,45
2024-07-14,10,14,16,20,25,32
2024-07-18,3,21,22,32,33,36
2024-07-21,7,18,23,27,43,44
2024-07-25,4,6,21,22,24,39
2024-07-28,12,27,36,41,42,43
2024-08-01,7,8,12,23,25,31
2024-08-04,13,15,19,20,36,38
2024-08-08,10,20,28,35,36,45
2024-08-11,9,11,28,29,31,41
2024-08-15,2,6,15,25,36,45
2024-08-18,7,16,26,36,40,41
2024-08-22,3,4,10,17,25,26
2024-08-25,14,15,20,26,31,43
2024-08-29,5,12,25,26,28,32
2024-09-01,10,17,19,20,36,45
2024-09-05,12,18,19,24,36,40
2024-09-08,6,21,25,31,32,40
2024-09-12,8,16,20,30,43,44
2024-09-15,28,30,36,39,40,45
2024-09-19,18,19,25,27,28,43
2024-09-22,2,8,12,17,21,26
2024-09-26,3,13,21,29,32,37
2024-09-29,4,6,9,14,23,45
2024-10-03,15,16,37,42,44,45
2024-10-06,4,6,18,25,26,37
2024-10-10,6,17,22,32,33,41
2024-10-13,5,18,26,33,37,44
2024-10-17,7,11,24,26,35,43
2024-10-20,18,19,22,31,33,42
2024-10-24,3,6,18,27,37,39
2024-10-27,5,10,15,16,28,43
2024-10-31,9,32,33,36,39,45
2024-11-03,7,22,34,36,41,45
2024-11-07,9,11,27,36,39,40
2024-11-10,9,16,19,28,37,44
2024-11-14,5,17,20,25,27,30
2024-11-17,10,14,19,25,30,33
2024-11-21,3,29,30,31,37,38
2024-11-24,8,10,13,23,27,39
2024-11-28,1,11,16,23,24,43
2024-12-01,2,10,21,25,36,44
2024-12-05,5,26,32,33,34,41
2024-12-08,1,5,8,20,25,37
2024-12-12,4,18,29,33,36,41
2024-12-15,19,23,24,34,35,45
2024-12-19,12,16,23,25,27,35
2024-12-22,5,7,30,34,36,40
2024-12-26,2,11,28,30,39,45
2024-12-29,1,6,14,26,30,42
2025-01-02,3,7,14,25,30,39
2025-01-05,10,14,25,29,36,41
2025-01-09,6,11,16,37,38,41
2025-01-12,3,8,10,15,22,40
2025-01-16,3,9,17,22,38,44
2025-01-19,2,21,22,35,38,41
2025-01-23,6,7,13,31,42,43
2025-01-26,9,16,25,29,33,43
2025-01-30,5,11,18,29,37,44
2025-02-02,2,6,8,18,25,30
2025-02-06,8,18,21,40,41,42
2025-02-09,2,16,22,28,35,41
2025-02-13,13,14,34,41,42,44
2025-02-16,6,10,18,22,36,44
2025-02-20,12,15,18,23,27,29
2025-02-23,2,8,14,23,29,32
2025-02-27,1,7,18,21,27,33
2025-03-02,1,29,32,39,42,44
2025-03-06,9,22,25,27,30,33
2025-03-09,9,12,30,36,37,39
2025-03-13,12,22,36,38,39,42
2025-03-16,18,21,26,28,37,44
2025-03-20,30,32,33,40,44,45
2025-03-23,7,14,24,30,32,33
2025-03-27,1,6,17,21,22,33
2025-03-30,8,17,20,28,31,35
2025-04-03,17,26,29,34,40,43
2025-04-06,4,14,15,23,38,41
2025-04-10,4,5,9,10,21,29
2025-04-13,4,15,16,20,22,34
2025-04-17,1,4,5,25,32,43
2025-04-20,2,12,13,19,21,38
2025-04-24,2,5,14,30,34,40
2025-04-27,5,20,23,37,41,42
2025-05-01,6,10,15,21,39,44
2025-05-04,3,9,12,23,25,37
2025-05-08,2,7,9,23,25,31
2025-05-11,1,5,16,19,24,29
2025-05-15,4,11,15,18,24,43
2025-05-18,5,12,17,28,31,36
2025-05-22,3,6,13,20,26,45
2025-05-25,3,22,24,31,33,44
2025-05-29,1,2,28,33,41,45
2025-06-01,12,19,27,33,34,45
2025-06-05,5,9,11,16,28,32
2025-06-08,2,3,16,26,31,44
2025-06-12,16,25,28,34,35,40
2025-06-15,4,6,12,14,30,36
2025-06-19,4,9,21,23,29,33
2025-06-22,6,23,24,35,38,45
2025-06-26,17,19,23,24,30,34
2025-06-29,12,21,22,26,27,28
2025-07-03,4,10,17,24,31,45
2025-07-06,5,9,11,20,44,45
2025-07-10,4,5,7,27,30,39
2025-07-13,1,12,21,27,28,35
2025-07-17,20,21,23,33,36,39
2025-07-20,6,22,32,36,41,44
2025-07-24,20,23,27,37,40,41
2025-07-27,5,14,17,18,43,44
2025-07-31,9,10,15,22,28,43
2025-08-03,2,11,13,21,32,44
2025-08-07,14,21,27,31,37,44
2025-08-10,4,21,22,24,29,38
2025-08-14,5,9,23,29,38,45
2025-08-17,12,19,27,42,43,44
2025-08-21,3,8,13,17,30,38
2025-08-24,1,2,12,17,36,44
2025-08-28,5,8,32,34,35,36
2025-08-31,2,21,28,31,32,33
2025-09-04,8,12,21,29,41,43
2025-09-07,14,25,26,32,36,40
2025-09-11,1,5,12,13,27,42
2025-09-14,11,12,13,23,25,40
2025-09-18,2,6,20,29,31,38
2025-09-21,11,15,17,19,36,40
2025-09-25,14,20,32,36,39,44
2025-09-28,2,6,11,21,34,42
2025-10-02,8,12,32,36,37,45
2025-10-05,8,10,21,24,25,37
2025-10-09,1,7,9,29,35,45
2025-10-12,2,6,24,35,39,40
2025-10-16,10,15,18,22,29,34
2025-10-19,1,7,8,21,31,43
2025-10-23,4,10,15,22,23,30
2025-10-26,3,4,22,27,31,44
2025-10-30,19,25,28,31,32,39
2025-11-02,19,24,28,34,43,44
2025-11-06,3,4,5,29,37,43
2025-11-09,3,7,16,21,25,29
2025-11-13,1,2,9,22,26,29
2025-11-16,9,14,20,28,39,42
2025-11-20,8,12,15,21,27,40
2025-11-23,5,9,12,18,27,30
2025-11-27,14,37,38,41,42,45
2025-11-30,6,9,11,29,42,44
2025-12-04,2,3,5,9,28,39
2025-12-07,1,2,25,27,37,42
2025-12-11,16,23,26,32,39,40
2025-12-14,10,22,35,36,39,45
2025-12-18,7,8,19,39,41,42
2025-12-21,2,30,32,40,43,44
2025-12-25,15,20,22,29,31,44
2025-12-28,17,37,38,41,43,44
2026-01-01,16,17,21,25,30,40
2026-01-04,2,17,18,26,30,39
2026-01-08,4,10,11,15,31,34
2026-01-11,2,6,9,17,27,30
2026-01-15,7,19,22,24,36,37
2026-01-18,8,9,15,19,34,37
2026-01-22,5,8,18,21,29,36
2026-01-25,3,4,9,28,38,43
2026-01-29,3,12,15,20,27,35
2026-02-01,4,10,14,26,29,39
2026-02-05,3,13,18,20,21,34
2026-02-08,5,7,22,24,31,45
2026-02-12,2,13,14,19,21,27
2026-02-15,2,4,7,11,30,40
2026-02-19,2,7,11,15,21,32
2026-02-22,24,27,34,39,40,43
2026-02-26,3,12,15,33,34,35
2026-03-01,1,4,6,21,26,35
2026-03-05,1,10,15,17,40,44
2026-03-08,3,8,20,21,23,39
2026-03-12,2,3,5,14,37,40
2026-03-15,12,14,23,36,43,45
2026-03-19,4,6,10,11,15,20
2026-03-22,4,14,19,22,30,37
2026-03-26,7,22,27,36,38,40
2026-03-29,3,11,21,28,31,37
2026-04-02,1,16,17,27,34,40
2026-04-05,5,10,13,20,22,39
2026-04-09,1,3,6,12,41,45
2026-04-12,19,23,24,36,43,44
2026-04-16,2,4,5,7,18,22
2026-04-19,7,9,25,31,36,40
