date,n1,n2,n3,n4,n5,n6,supp1,supp2
2002-01-05,7,9,23,24,35,44,2,26
2002-01-12,1,2,14,20,30,43,21,41
2002-01-19,11,18,22,32,36,37,12,13
2002-01-26,2,9,11,22,24,43,29,37
2002-02-02,1,6,7,19,23,36,37,41
2002-02-09,11,12,37,39,41,42,20,33
2002-02-16,14,17,26,28,37,41,23,29
2002-02-23,4,13,16,19,34,41,7,9
2002-03-02,9,12,14,19,22,24,30,32
2002-03-09,10,25,38,42,44,45,14,22
2002-03-16,1,7,25,27,36,43,11,35
2002-03-23,1,4,7,8,21,42,36,41
2002-03-30,26,31,32,36,40,45,27,38
2002-04-06,3,15,29,31,36,45,2,43
2002-04-13,4,17,21,26,32,40,15,31
2002-04-20,5,14,22,32,35,40,8,16
2002-04-27,8,24,28,32,34,40,36,37
2002-05-04,1,8,22,27,30,40,6,44
2002-05-11,2,8,17,23,25,33,11,43
2002-05-18,10,32,36,38,39,40,28,30
2002-05-25,5,6,8,21,22,27,10,40
2002-06-01,6,14,17,22,23,34,8,24
2002-06-08,7,8,18,30,31,33,32,38
2002-06-15,2,17,27,30,34,45,11,39
2002-06-22,5,17,31,36,43,45,24,41
2002-06-29,2,3,5,29,30,38,22,28
2002-07-06,10,14,25,33,43,45,3,26
2002-07-13,7,17,20,23,27,42,4,29
2002-07-20,6,8,11,21,39,44,17,30
2002-07-27,1,6,13,19,27,36,17,44
2002-09-07,3,7,20,22,35,45,32,40
2002-09-14,10,11,23,28,38,41,8,20
2002-09-21,5,6,7,19,21,26,24,41
2002-09-28,12,21,22,25,37,39,6,19
2002-10-05,1,3,8,20,27,36,32,37
2002-10-12,1,10,17,29,38,41,2,6
2002-10-19,5,8,19,21,22,31,12,34
2002-10-26,7,31,32,39,40,44,4,12
2002-11-02,9,13,14,25,31,34,44,45
2002-11-09,15,26,31,36,37,41,18,39
2002-11-16,17,22,31,39,42,43,7,38
2002-11-23,7,21,22,34,37,38,2,13
2002-11-30,1,11,12,37,41,43,21,32
2002-12-07,22,23,32,35,39,44,16,31
2002-12-14,2,5,9,28,30,42,4,36
2002-12-28,1,4,6,24,29,40,2,9
2003-01-04,8,18,24,25,27,30,13,43
2003-01-11,1,3,9,10,21,33,13,40
2003-01-18,6,7,19,20,35,42,34,40
2003-01-25,5,7,18,34,35,42,28,39
2003-02-01,15,16,20,29,33,34,12,28
2003-02-08,10,13,14,15,26,29,8,28
2003-02-15,8,22,31,35,37,43,13,27
2003-02-22,11,15,26,32,40,45,2,17
2003-03-01,12,15,23,30,36,42,22,24
2003-03-08,2,17,19,21,30,41,15,16
2003-03-15,1,8,13,24,35,42,21,37
2003-03-22,7,15,16,21,22,27,36,45
2003-03-29,6,10,14,25,28,45,26,44
2003-04-05,3,11,12,24,28,32,2,15
2003-04-12,4,7,8,31,32,36,12,14
2003-04-19,8,9,12,15,26,33,6,29
2003-04-26,15,16,21,22,29,34,8,33
2003-05-03,8,9,10,12,21,32,14,28
2003-05-10,3,4,5,7,31,38,9,45
2003-05-17,5,17,22,28,38,42,20,32
2003-05-24,1,4,5,8,28,41,25,38
2003-05-31,3,21,25,36,43,45,16,39
2003-06-07,2,8,18,24,39,41,3,21
2003-06-14,1,5,17,18,30,40,20,23
2003-06-21,3,5,8,16,26,31,2,6
2003-06-28,1,25,31,33,44,45,35,39
2003-07-05,3,16,21,28,40,42,13,31
2003-07-12,6,12,16,23,26,30,9,38
2003-07-19,2,5,7,20,25,30,28,42
2003-07-26,15,21,25,27,35,40,19,41
2003-09-06,5,11,15,19,20,28,27,38
2003-09-13,8,15,29,32,35,39,2,6
2003-09-20,7,14,19,34,36,45,24,32
2003-09-27,7,9,15,18,26,31,29,40
2003-10-04,10,11,18,22,25,36,12,16
2003-10-11,3,5,16,17,40,45,10,32
2003-10-18,3,17,26,32,33,40,7,35
2003-10-25,6,8,27,31,32,38,4,30
2003-11-01,1,4,6,21,37,40,19,29
2003-11-08,6,11,24,37,40,42,12,27
2003-11-15,15,23,28,29,34,39,40,45
2003-11-22,1,3,19,33,41,45,9,28
2003-11-29,3,13,24,38,39,42,8,18
2003-12-06,1,10,18,25,35,37,33,36
2003-12-13,4,28,29,33,37,40,43,44
2003-12-20,1,5,6,11,28,36,41,45
2003-12-27,15,24,26,31,34,43,3,21
2004-01-03,5,9,18,22,26,37,12,25
2004-01-10,4,7,18,27,33,37,39,43
2004-01-17,6,9,10,11,16,42,31,41
2004-01-24,12,13,15,26,34,39,27,41
2004-01-31,3,12,16,18,34,37,7,30
2004-02-07,4,5,10,19,28,32,1,13
2004-02-14,7,8,17,27,37,45,19,30
2004-02-21,4,25,26,31,32,33,2,42
2004-02-28,1,8,20,27,28,36,11,16
2004-03-06,1,9,25,28,36,44,6,15
2004-03-13,6,13,15,18,27,45,9,19
2004-03-20,5,8,13,20,32,37,10,25
2004-03-27,1,15,17,38,40,41,21,37
2004-04-03,6,22,30,32,39,45,2,26
2004-04-10,4,7,13,22,29,42,28,34
2004-04-17,7,12,13,15,27,33,1,2
2004-04-24,1,3,11,34,37,39,2,6
2004-05-01,8,22,28,38,40,43,5,36
2004-05-08,3,14,19,26,29,31,18,24
2004-05-15,11,25,35,40,41,44,27,29
2004-05-22,4,22,24,28,29,33,18,35
2004-05-29,6,13,16,34,36,38,26,29
2004-06-05,17,18,31,35,36,44,21,25
2004-06-12,4,6,8,9,13,21,5,43
2004-06-19,3,5,7,24,33,40,4,6
2004-06-26,6,7,12,21,39,44,10,36
2004-07-03,1,3,9,14,21,27,5,35
2004-07-10,11,12,20,22,29,37,1,40
2004-07-17,4,10,26,35,36,39,5,42
2004-07-24,18,26,29,33,39,41,24,30
2004-07-31,9,13,15,20,36,41,7,32
2004-09-04,3,9,23,32,33,37,24,35
2004-09-11,2,6,28,35,36,42,29,32
2004-09-18,19,22,25,26,36,43,12,28
2004-09-25,1,2,14,35,36,39,13,42
2004-10-02,11,19,21,23,25,27,1,43
2004-10-09,7,22,32,33,40,43,1,5
2004-10-16,2,14,15,20,29,30,28,34
2004-10-23,4,14,17,20,31,38,1,23
2004-11-06,3,8,9,36,38,41,2,30
2004-11-13,4,12,18,28,30,36,8,10
2004-11-20,6,9,12,17,22,32,20,23
2004-11-27,12,15,21,25,32,40,14,43
2004-12-04,14,21,28,29,36,44,11,12
2004-12-18,11,16,31,34,44,45,1,38
2004-12-25,3,8,23,25,28,42,1,21
2004-12-31,4,7,8,10,21,25,9,37
2005-01-08,10,17,18,19,29,39,15,37
2005-01-15,1,18,23,28,32,33,3,40
2005-01-22,2,4,5,17,31,36,9,41
2005-01-29,13,20,21,34,42,45,2,31
2005-02-05,3,12,14,19,23,28,24,31
2005-02-12,4,10,13,19,30,40,22,39
2005-02-19,4,6,7,35,38,41,5,43
2005-02-26,1,2,6,24,26,36,11,45
2005-03-05,13,15,37,39,42,45,12,23
2005-03-12,6,7,17,24,31,38,32,36
2005-03-19,1,15,19,20,25,41,11,24
2005-03-26,13,18,19,23,28,32,6,8
2005-04-02,9,10,18,19,30,45,20,29
2005-04-09,6,7,14,15,34,43,22,35
2005-04-16,7,11,26,34,35,45,27,44
2005-04-23,18,22,26,31,34,43,14,42
2005-04-30,14,17,31,33,34,36,25,27
2005-05-07,3,7,13,33,36,45,17,27
2005-05-14,2,7,27,37,38,39,15,41
2005-05-21,6,21,22,29,40,41,7,8
2005-05-28,6,12,15,25,34,45,23,40
2005-06-04,13,15,21,33,35,37,5,9
2005-06-11,3,4,5,23,28,42,12,41
2005-06-18,8,9,13,15,31,43,39,44
2005-06-25,6,12,27,32,34,37,25,42
2005-07-02,3,19,26,37,39,45,32,44
2005-07-09,3,4,10,33,44,45,13,26
2005-07-16,3,11,12,13,32,34,14,33
2005-07-23,7,8,11,16,23,42,15,43
2005-07-30,1,7,10,22,26,40,35,45
2005-09-03,13,19,23,33,40,41,1,10
2005-09-10,3,13,24,36,39,40,17,34
2005-09-17,8,12,17,21,36,39,4,33
2005-09-24,4,5,8,13,24,35,12,21
2005-10-01,13,16,24,27,35,36,38,40
2005-10-08,1,5,11,12,17,34,29,42
2005-10-15,2,7,8,12,22,36,19,44
2005-10-22,2,14,15,37,39,44,18,34
2005-10-29,1,13,23,27,33,44,18,20
2005-11-05,8,9,25,26,30,32,5,21
2005-11-12,7,11,12,18,19,20,15,41
2005-11-19,19,20,21,26,27,40,15,31
2005-11-26,11,22,32,33,37,38,7,19
2005-12-03,4,6,17,20,21,38,22,45
2005-12-10,1,6,10,29,36,41,21,37
2005-12-17,2,4,13,19,20,41,22,29
2005-12-24,5,9,20,23,26,35,28,31
2005-12-31,9,12,15,20,39,43,14,25
2006-01-07,8,12,14,28,32,36,23,45
2006-01-14,3,11,19,26,42,44,20,39
2006-01-21,12,17,21,29,31,42,32,43
2006-01-28,2,13,24,28,31,40,7,21
2006-02-04,5,15,21,27,37,43,16,42
2006-02-11,12,16,21,24,28,42,6,43
2006-02-18,11,21,22,25,32,45,5,44
2006-02-25,5,8,21,22,32,41,23,28
2006-03-04,11,29,32,33,42,43,10,23
2006-03-11,4,6,21,23,28,43,2,15
2006-03-18,18,24,25,36,40,41,9,14
2006-03-25,8,14,17,30,31,34,6,40
2006-04-01,4,8,14,16,35,45,26,44
2006-04-08,3,7,10,11,21,32,34,36
2006-04-15,3,17,18,19,23,36,20,29
2006-04-22,10,12,13,20,37,38,33,34
2006-04-29,18,19,25,32,37,39,15,27
2006-05-06,18,23,29,32,38,42,9,30
2006-05-13,2,9,14,18,25,40,15,44
2006-05-20,8,10,37,38,39,44,6,22
2006-05-27,9,12,18,24,33,43,35,45
2006-06-03,2,21,33,40,41,42,28,43
2006-06-10,2,5,16,25,40,42,33,43
2006-06-17,3,11,15,22,27,38,14,44
2006-06-24,3,7,8,13,14,23,19,31
2006-07-01,3,14,33,42,44,45,12,39
2006-07-08,6,11,15,21,32,36,16,18
2006-07-15,11,22,23,24,38,39,14,21
2006-07-22,14,22,29,30,39,41,6,21
2006-07-29,5,7,16,26,27,37,1,14
2006-09-02,17,20,37,40,42,45,21,36
2006-09-09,3,9,17,22,23,37,26,31
2006-09-16,12,23,31,33,34,38,6,27
2006-09-23,6,12,13,34,38,41,10,14
2006-09-30,7,19,26,35,41,42,30,37
2006-10-07,1,6,8,13,18,40,15,29
2006-10-14,3,6,12,27,42,45,10,23
2006-10-21,9,19,22,24,29,31,16,34
2006-10-28,4,15,18,34,35,36,3,10
2006-11-04,1,6,7,15,19,21,37,45
2006-11-11,6,22,32,33,36,37,1,11
2006-11-18,21,22,24,37,38,43,14,40
2006-11-25,2,7,14,26,37,40,25,45
2006-12-02,11,14,16,23,33,41,26,43
2006-12-09,1,4,7,25,36,41,6,31
2006-12-16,9,11,17,26,27,37,43,44
2006-12-23,2,15,18,29,32,43,23,34
2006-12-30,2,4,9,21,28,36,23,45
2007-01-06,4,21,22,24,25,26,7,38
2007-01-13,4,12,13,16,33,42,20,44
2007-01-20,4,5,20,24,25,33,22,35
2007-01-27,1,10,14,16,32,34,8,27
2007-02-03,5,6,7,18,21,25,13,14
2007-02-10,5,11,16,22,25,27,21,32
2007-02-17,3,5,12,16,27,30,28,36
2007-02-24,9,17,20,38,44,45,8,36
2007-03-03,3,10,11,17,32,44,25,39
2007-03-10,7,10,12,18,31,39,37,44
2007-03-17,1,2,23,27,34,42,28,40
2007-03-24,8,11,15,23,38,41,1,35
2007-03-31,2,5,7,8,23,36,17,19
2007-04-07,4,11,17,41,43,45,6,44
2007-04-14,19,23,33,38,42,45,7,24
2007-04-21,3,4,6,18,24,38,7,29
2007-04-28,2,10,19,20,25,27,17,23
2007-05-05,3,17,29,31,32,35,16,39
2007-05-12,11,12,26,32,38,39,15,37
2007-05-19,15,17,18,27,28,29,7,23
2007-05-26,2,9,25,29,42,44,34,38
2007-06-02,19,21,23,25,40,42,11,33
2007-06-09,8,11,14,17,18,44,3,7
2007-06-16,7,8,9,21,31,41,34,36
2007-06-23,1,18,23,36,37,38,22,45
2007-06-30,6,10,11,16,26,33,3,28
2007-07-07,12,20,23,30,32,39,2,10
2007-07-14,11,18,21,30,32,36,4,9
2007-07-21,1,3,5,10,22,43,2,23
2007-07-28,2,6,16,21,38,42,22,28
2007-09-01,1,11,15,25,43,45,9,24
2007-09-08,18,27,33,34,38,41,11,31
2007-09-15,1,17,29,30,39,44,4,11
2007-09-22,7,16,19,22,23,34,25,41
2007-09-29,7,15,18,25,34,42,1,28
2007-10-06,6,18,22,33,38,45,11,41
2007-10-13,6,10,14,23,34,36,2,12
2007-10-20,5,17,19,20,38,40,9,42
2007-10-27,9,23,26,34,40,44,1,41
2007-11-03,14,16,32,34,40,43,10,19
2007-11-10,5,6,16,22,24,36,7,42
2007-11-17,5,6,20,23,25,35,28,30
2007-11-24,2,6,10,20,31,41,12,19
2007-12-01,1,6,16,19,38,44,8,17
2007-12-08,16,17,28,37,42,43,13,41
2007-12-15,1,7,8,35,37,41,5,23
2007-12-22,3,22,26,27,29,30,11,21
2007-12-29,2,21,22,26,39,45,5,11
2008-01-05,4,7,13,21,29,38,8,34
2008-01-12,3,15,24,35,41,42,11,16
2008-01-19,3,19,22,29,37,43,12,15
2008-01-26,4,12,19,24,35,40,26,29
2008-02-02,12,26,30,31,40,42,2,4
2008-02-09,9,10,21,26,28,31,12,14
2008-02-16,1,9,13,19,24,41,34,38
2008-02-23,21,24,34,39,42,43,4,28
2008-03-01,5,15,18,19,21,30,33,34
2008-03-08,3,11,31,35,41,44,40,45
2008-03-15,6,10,26,35,39,43,21,27
2008-03-22,3,10,21,27,29,36,20,44
2008-03-29,5,8,17,29,32,40,2,38
2008-04-05,3,5,13,26,29,32,8,43
2008-04-12,20,21,31,32,38,39,2,11
2008-04-19,18,23,25,33,37,43,12,15
2008-04-26,4,30,34,35,38,41,6,10
2008-05-03,7,18,22,24,41,43,2,3
2008-05-10,1,3,6,21,22,40,4,24
2008-05-17,6,10,11,15,28,39,5,43
2008-05-24,15,30,32,33,34,45,41,44
2008-05-31,6,7,9,12,32,45,5,30
2008-06-07,2,12,20,27,30,31,8,32
2008-06-14,3,4,8,34,35,44,2,6
2008-06-21,3,12,17,24,37,44,21,36
2008-06-28,3,10,11,37,40,44,26,36
2008-07-05,3,9,20,31,40,45,8,44
2008-07-12,27,29,37,38,39,45,36,44
2008-07-19,8,9,33,34,40,43,11,32
2008-07-26,8,14,22,24,25,30,10,38
2008-09-06,5,11,29,31,32,42,6,39
2008-09-13,9,11,20,30,41,45,6,40
2008-09-20,4,7,19,22,25,28,14,18
2008-09-27,4,9,10,11,21,28,7,33
2008-10-04,19,24,27,36,40,43,11,42
2008-10-11,10,15,17,18,20,31,27,37
2008-10-18,1,9,12,30,38,42,14,26
2008-10-25,21,22,24,30,32,45,1,38
2008-11-01,5,11,21,23,30,35,17,39
2008-11-08,7,11,14,25,31,32,6,26
2008-11-15,14,22,28,34,39,40,18,33
2008-11-22,1,11,15,28,35,39,24,33
2008-11-29,6,18,30,37,43,44,11,23
2008-12-06,1,2,10,15,17,21,16,28
2008-12-13,7,10,11,21,34,40,3,22
2008-12-20,18,20,22,27,28,40,8,24
2008-12-27,6,16,24,26,36,41,25,43
2009-01-03,17,25,28,34,37,45,8,23
2009-01-10,8,12,16,19,22,42,28,40
2009-01-17,4,9,27,37,42,45,18,36
2009-01-24,18,24,31,32,41,44,4,14
2009-01-31,4,5,15,18,30,34,8,13
2009-02-07,2,5,18,20,27,37,6,43
2009-02-14,5,6,20,23,24,26,28,29
2009-02-21,8,10,13,17,26,33,6,35
2009-02-28,17,21,22,24,28,34,6,35
2009-03-07,2,6,12,34,39,41,28,36
2009-03-14,6,17,20,26,38,41,3,13
2009-03-21,3,13,18,19,29,38,9,12
2009-03-28,5,21,22,25,27,38,8,43
2009-04-04,1,8,34,37,38,42,23,40
2009-04-11,1,2,10,27,41,43,42,44
2009-04-18,3,5,8,14,30,34,6,9
2009-04-25,3,13,17,32,38,44,43,45
2009-05-02,1,5,38,41,42,45,14,32
2009-05-09,8,13,14,22,24,31,2,40
2009-05-16,3,14,15,19,25,44,16,26
2009-05-23,6,8,18,25,27,37,10,28
2009-05-30,6,26,33,34,40,45,1,22
2009-06-06,19,20,31,36,43,45,34,35
2009-06-13,13,19,22,29,36,42,23,45
2009-06-20,1,15,17,33,34,37,32,44
2009-06-27,9,14,20,24,25,38,5,26
2009-07-04,1,13,25,38,43,45,6,10
2009-07-11,5,9,20,29,33,37,12,24
2009-07-18,2,5,6,8,12,13,14,40
2009-07-25,5,14,16,25,35,38,36,39
2009-09-05,9,11,20,29,34,39,31,36
2009-09-12,4,21,30,35,42,43,31,45
2009-09-19,2,20,24,29,33,41,13,19
2009-09-26,1,7,13,16,30,40,22,23
2009-10-03,3,16,18,32,39,42,19,40
2009-10-10,2,6,13,14,25,32,31,33
2009-10-17,2,10,22,24,26,44,5,31
2009-10-24,2,14,16,23,34,39,12,17
2009-10-31,6,24,29,30,37,44,9,35
2009-11-07,1,14,21,29,33,36,4,25
2009-11-14,2,9,13,23,26,36,16,25
2009-11-21,4,16,19,23,28,44,33,41
2009-11-28,11,19,28,36,37,40,17,29
2009-12-05,1,10,26,31,32,44,38,45
2009-12-12,1,2,24,25,31,34,23,44
2009-12-19,2,3,5,7,9,23,26,41
2009-12-26,6,9,11,24,28,42,36,37
2010-01-02,5,12,16,33,34,42,30,32
2010-01-09,6,8,18,20,36,45,29,39
2010-01-16,14,27,32,33,36,41,6,35
2010-01-23,8,13,15,18,29,38,1,36
2010-01-30,12,13,15,21,22,43,11,42
2010-02-06,8,11,23,25,27,42,20,33
2010-02-13,1,7,14,34,41,45,15,21
2010-02-20,1,13,18,33,36,37,11,22
2010-02-27,20,26,29,31,33,40,12,30
2010-03-06,4,18,21,24,28,41,33,34
2010-03-13,7,17,24,31,42,43,35,36
2010-03-20,10,12,15,26,29,40,3,39
2010-03-27,9,13,16,23,27,33,21,42
2010-04-03,12,18,21,22,33,38,2,28
2010-04-10,15,17,27,33,40,43,24,44
2010-04-17,5,6,22,32,36,43,25,34
2010-04-24,4,5,12,18,20,25,7,37
2010-05-01,20,24,25,29,31,34,5,44
2010-05-08,7,21,34,39,42,43,3,4
2010-05-15,4,6,13,15,18,35,8,16
2010-05-22,7,8,16,17,27,40,11,43
2010-05-29,2,12,19,22,30,40,11,39
2010-06-05,5,13,24,26,28,41,20,25
2010-06-12,1,7,11,21,23,43,20,35
2010-06-19,5,11,13,16,25,29,37,43
2010-06-26,2,5,10,22,37,38,21,23
2010-07-03,1,6,10,15,26,40,4,36
2010-07-10,17,23,30,38,40,42,15,24
2010-07-17,2,11,17,19,39,40,14,20
2010-07-24,6,13,16,24,30,33,34,43
2010-07-31,4,14,25,35,41,43,6,28
2010-09-11,5,11,15,36,42,44,1,4
2010-09-18,7,18,31,35,40,44,15,38
2010-09-25,12,22,24,26,31,38,19,29
2010-10-02,8,9,29,33,37,42,1,3
2010-10-09,1,11,24,26,32,36,8,14
2010-10-16,15,19,28,36,39,41,11,34
2010-10-23,12,23,31,34,39,43,1,9
2010-10-30,4,6,7,27,31,45,15,20
2010-11-06,15,24,25,28,30,39,7,45
2010-11-13,14,15,26,27,35,41,23,38
2010-11-20,7,19,21,25,38,42,27,32
2010-11-27,2,12,15,24,35,37,5,40
2010-12-04,9,10,12,13,39,43,1,31
2010-12-11,10,16,18,26,32,33,12,19
2010-12-18,4,13,25,26,42,44,15,22
2010-12-25,4,11,12,22,29,38,30,41
2010-12-31,10,11,13,19,24,41,3,17
2011-01-08,5,6,19,23,35,38,18,22
2011-01-15,10,12,23,26,27,31,4,24
2011-01-22,3,15,17,21,34,43,16,41
2011-01-29,2,11,15,19,20,25,1,13
2011-02-05,5,11,19,30,42,45,18,24
2011-02-12,4,9,10,26,38,44,23,40
2011-02-19,1,5,14,23,41,45,2,8
2011-02-26,1,4,21,23,24,43,10,32
2011-03-05,12,19,22,26,32,33,1,8
2011-03-12,4,13,17,21,38,40,18,32
2011-03-19,2,6,7,8,18,21,11,24
2011-03-26,1,14,23,34,41,42,27,37
2011-04-02,10,14,24,30,40,41,2,8
2011-04-09,3,4,11,13,41,45,8,39
2011-04-16,1,14,18,22,23,29,28,39
2011-04-23,5,10,13,25,32,37,24,41
2011-04-30,1,7,15,33,35,40,39,45
2011-05-07,12,24,26,28,39,44,4,36
2011-05-14,4,10,18,22,31,45,24,40
2011-05-21,8,13,15,19,27,43,16,34
2011-05-28,1,9,11,13,33,35,22,30
2011-06-04,1,19,22,23,27,45,3,38
2011-06-11,3,11,17,30,36,38,15,42
2011-06-18,1,6,14,19,32,42,10,34
2011-06-25,10,11,12,15,22,28,5,13
2011-07-02,6,10,14,17,39,40,3,5
2011-07-09,15,32,34,36,41,45,39,40
2011-07-16,11,16,17,29,35,38,24,34
2011-07-23,1,4,22,24,31,33,6,10
2011-07-30,2,5,9,16,23,31,34,38
2011-09-03,1,7,21,22,23,27,29,40
2011-09-10,10,20,21,25,38,39,4,43
2011-09-17,8,10,12,21,37,42,33,40
2011-09-24,7,10,11,14,37,39,20,40
2011-10-01,19,25,30,38,42,44,4,20
2011-10-08,7,18,22,37,38,39,23,27
2011-10-15,8,12,18,21,24,30,33,37
2011-10-22,7,19,28,29,43,45,24,27
2011-10-29,11,12,15,20,32,33,14,19
2011-11-05,2,6,12,18,44,45,28,32
2011-11-12,4,5,10,17,22,40,8,38
2011-11-19,9,18,23,24,33,36,4,34
2011-11-26,9,12,22,28,41,42,24,27
2011-12-03,2,9,13,18,26,44,1,7
2011-12-10,9,18,29,32,33,41,27,45
2011-12-17,6,11,12,24,26,36,27,43
2011-12-24,1,4,7,9,12,30,28,41
2011-12-31,7,8,28,33,38,41,4,37
2012-01-07,19,29,30,33,44,45,6,13
2012-01-14,13,16,18,19,23,28,8,37
2012-01-21,2,9,14,22,31,33,12,30
2012-01-28,22,28,31,32,40,43,26,37
2012-02-04,3,10,20,28,40,41,11,17
2012-02-11,3,13,17,21,25,35,4,9
2012-02-18,3,13,14,32,37,38,17,29
2012-02-25,12,14,18,19,30,38,29,42
2012-03-03,4,5,11,12,14,31,6,16
2012-03-10,20,21,26,32,41,43,6,22
2012-03-17,4,10,21,30,41,42,27,34
2012-03-24,17,27,29,39,42,45,8,10
2012-03-31,2,6,26,29,41,43,1,7
2012-04-07,17,26,27,28,30,38,7,23
2012-04-14,7,8,13,18,25,43,4,17
2012-04-21,1,2,15,16,21,28,35,40
2012-04-28,4,5,12,23,31,33,3,9
2012-05-05,7,9,12,15,27,40,4,11
2012-05-12,1,2,14,16,19,45,23,30
2012-05-19,9,12,28,29,32,41,2,21
2012-05-26,10,13,22,36,37,38,28,42
2012-06-02,6,17,18,31,36,43,13,33
2012-06-09,1,4,16,26,27,32,31,40
2012-06-16,16,18,25,35,36,40,2,21
2012-06-23,2,16,19,29,30,31,10,11
2012-06-30,8,30,32,33,37,40,14,34
2012-07-07,2,15,21,31,37,38,6,29
2012-07-14,17,30,36,41,42,45,20,35
2012-07-21,3,6,7,9,23,43,14,25
2012-07-28,1,27,28,33,37,42,17,29
2012-09-01,9,19,24,28,29,31,5,15
2012-09-08,4,5,7,15,35,38,1,30
2012-09-15,2,11,19,23,32,34,10,39
2012-09-22,1,17,19,32,34,45,22,38
2012-09-29,9,10,16,25,32,34,40,44
2012-10-06,18,20,23,32,40,42,3,33
2012-10-13,2,11,13,15,26,40,30,32
2012-10-20,10,25,26,27,32,35,12,16
2012-10-27,5,6,25,33,34,44,23,31
2012-11-03,7,12,20,31,38,43,6,25
2012-11-10,1,4,25,27,40,41,26,37
2012-11-17,5,8,11,20,29,33,28,38
2012-11-24,17,26,30,32,42,43,6,12
2012-12-01,11,17,25,30,40,41,32,42
2012-12-08,6,13,16,33,36,41,4,15
2012-12-15,5,7,9,16,20,41,6,11
2012-12-22,1,4,10,17,29,45,5,38
2012-12-29,7,14,15,25,35,37,3,20
2013-01-05,20,28,30,31,32,37,1,34
2013-01-12,2,6,11,15,31,34,16,30
2013-01-19,4,11,14,16,19,25,18,34
2013-01-26,6,12,25,36,39,43,8,18
2013-02-02,5,18,29,31,44,45,12,38
2013-02-09,8,29,30,33,36,41,9,23
2013-02-16,1,6,16,17,18,34,13,33
2013-02-23,6,8,13,29,34,39,9,20
2013-03-02,11,13,18,20,42,43,12,30
2013-03-09,7,10,12,28,44,45,3,35
2013-03-16,4,24,25,29,32,43,26,38
2013-03-23,2,3,12,13,16,30,5,17
2013-03-30,4,29,33,40,41,43,2,3
2013-04-06,19,20,21,23,25,43,2,8
2013-04-13,2,4,6,9,37,44,18,23
2013-04-20,7,10,28,34,41,44,8,14
2013-04-27,8,15,18,33,40,43,14,25
2013-05-04,2,12,13,20,30,35,1,7
2013-05-11,16,30,32,35,38,41,39,45
2013-05-18,3,6,14,16,25,31,9,35
2013-05-25,1,15,16,20,31,36,2,38
2013-06-01,12,15,30,37,40,44,16,45
2013-06-08,7,8,10,25,28,42,35,39
2013-06-15,1,4,15,16,17,21,40,42
2013-06-22,13,17,18,20,21,43,5,36
2013-06-29,11,22,25,26,31,42,1,8
2013-07-06,3,8,19,26,29,43,7,11
2013-07-13,5,9,14,27,37,40,18,38
2013-07-20,1,3,9,12,22,29,18,37
2013-07-27,6,25,27,29,38,41,43,45
2013-09-07,1,11,12,15,25,36,17,33
2013-09-14,3,11,20,28,34,40,25,39
2013-09-21,1,2,5,16,19,42,10,37
2013-09-28,1,13,21,27,34,37,15,45
2013-10-05,6,8,11,21,27,31,19,30
2013-10-12,3,9,33,34,39,41,8,38
2013-10-19,5,20,27,31,37,42,3,38
2013-10-26,9,13,16,21,33,44,11,20
2013-11-02,2,5,23,32,40,43,34,35
2013-11-09,2,16,20,27,28,32,7,8
2013-11-16,5,8,15,32,36,39,9,42
2013-11-23,5,7,20,30,31,39,9,22
2013-11-30,24,27,30,37,43,45,21,22
2013-12-07,3,7,28,31,38,41,15,37
2013-12-14,4,9,14,22,42,45,11,21
2013-12-21,1,3,10,17,20,35,24,34
2013-12-28,17,22,24,25,26,40,13,30
2014-01-04,5,6,10,28,32,40,29,37
2014-01-11,7,14,23,27,38,40,4,8
2014-01-18,1,9,10,13,27,39,15,28
2014-01-25,30,35,36,37,42,43,5,14
2014-02-01,11,16,32,40,41,45,7,28
2014-02-08,6,15,17,21,22,42,18,30
2014-02-15,6,27,28,32,39,40,1,34
2014-02-22,8,12,15,25,26,45,23,28
2014-03-01,4,13,33,35,39,45,14,29
2014-03-08,3,19,27,38,40,42,12,17
2014-03-15,13,33,36,38,39,43,20,41
2014-03-22,4,12,18,19,29,33,17,43
2014-03-29,10,21,22,26,29,41,25,27
2014-04-05,1,22,24,29,36,39,6,45
2014-04-12,13,18,20,21,28,45,23,41
2014-04-19,3,7,17,23,25,26,10,15
2014-04-26,12,20,24,32,39,45,3,29
2014-05-03,1,12,14,19,37,41,7,23
2014-05-10,10,13,16,22,39,45,2,9
2014-05-17,8,9,22,25,36,42,28,33
2014-05-24,11,13,28,37,43,45,26,27
2014-05-31,1,13,20,26,37,45,22,27
2014-06-07,1,19,20,36,38,41,10,29
2014-06-14,11,13,16,19,27,35,24,36
2014-06-21,1,12,28,31,32,34,8,24
2014-06-28,1,17,20,40,42,44,5,30
2014-07-05,5,7,14,20,31,39,18,27
2014-07-12,1,3,15,19,42,44,36,37
2014-07-19,4,8,13,27,28,42,6,26
2014-07-26,5,7,12,28,40,45,20,37
2014-09-06,4,10,17,27,34,43,18,26
2014-09-13,1,5,10,14,29,33,9,22
2014-09-20,1,12,22,27,38,40,20,32
2014-09-27,1,6,16,20,25,36,24,33
2014-10-04,6,20,22,29,32,44,38,41
2014-10-11,3,11,13,21,42,44,26,32
2014-10-18,5,7,8,9,27,34,23,31
2014-10-25,11,12,17,36,38,44,9,31
2014-11-01,9,15,21,24,30,42,1,2
2014-11-08,16,19,20,22,27,35,23,24
2014-11-15,4,9,13,37,42,43,1,23
2014-11-22,1,5,14,23,31,42,10,44
2014-11-29,18,28,31,36,41,42,13,27
2014-12-06,1,5,13,36,38,39,4,23
2014-12-13,6,11,16,17,21,44,18,40
2014-12-20,6,8,9,19,21,41,2,34
2014-12-27,7,16,20,33,39,43,3,41
2015-01-03,18,21,35,38,39,43,13,27
2015-01-10,4,19,24,25,27,34,33,41
2015-01-17,1,10,16,30,33,41,28,32
2015-01-24,10,12,30,34,42,44,1,32
2015-01-31,9,15,19,26,33,36,4,45
2015-02-07,9,19,30,33,41,44,35,36
2015-02-14,16,22,24,35,37,42,29,36
2015-02-21,5,10,11,24,39,41,3,18
2015-02-28,1,11,14,33,37,45,22,41
2015-03-07,3,6,24,40,41,44,25,26
2015-03-14,7,9,17,26,42,43,24,29
2015-03-21,2,11,12,16,24,39,42,43
2015-03-28,13,16,17,18,25,29,26,27
2015-04-04,1,24,34,40,44,45,16,20
2015-04-11,3,7,13,21,24,30,4,27
2015-04-18,4,14,16,18,26,27,5,10
2015-04-25,5,7,12,20,29,42,11,30
2015-05-02,6,15,18,23,35,43,16,44
2015-05-09,4,13,27,29,31,32,34,36
2015-05-16,10,15,16,26,30,45,12,21
2015-05-23,1,2,31,38,39,45,26,34
2015-05-30,16,20,23,36,38,43,13,19
2015-06-06,15,29,31,32,33,39,12,22
2015-06-13,8,20,36,38,43,45,16,29
2015-06-20,8,10,22,27,39,44,20,25
2015-06-27,15,17,29,30,32,39,21,41
2015-07-04,8,15,25,30,31,44,4,14
2015-07-11,14,23,24,28,41,45,5,43
2015-07-18,3,11,13,29,38,42,15,19
2015-07-25,7,8,13,20,23,32,26,34
2015-09-05,5,13,27,31,37,42,18,30
2015-09-12,16,17,21,29,38,42,11,27
2015-09-19,4,5,16,29,32,44,19,37
2015-09-26,5,12,13,17,22,26,4,44
2015-10-03,3,6,7,21,22,43,14,39
2015-10-10,1,5,7,8,15,39,30,34
2015-10-17,2,7,10,13,23,24,8,21
2015-10-24,1,15,18,29,37,40,8,30
2015-10-31,10,14,19,20,27,37,13,29
2015-11-07,4,6,17,31,38,39,23,37
2015-11-14,6,10,21,28,37,42,14,39
2015-11-21,6,9,10,11,35,37,15,31
2015-11-28,1,9,17,18,24,34,26,36
2015-12-05,15,18,28,32,40,42,7,14
2015-12-12,6,7,8,11,31,40,22,30
2015-12-19,3,6,11,24,33,34,1,4
2015-12-26,5,9,25,34,35,36,29,42
2016-01-02,3,10,31,40,44,45,37,38
2016-01-09,2,18,20,25,30,36,5,11
2016-01-16,1,3,11,13,22,24,29,30
2016-01-23,20,24,33,41,44,45,12,29
2016-01-30,5,20,25,28,29,45,21,30
2016-02-06,4,26,33,39,40,43,32,41
2016-02-13,2,8,25,27,28,43,6,32
2016-02-20,5,17,22,26,30,42,19,36
2016-02-27,3,5,18,21,22,38,27,45
2016-03-05,2,11,20,26,39,45,19,33
2016-03-12,1,3,8,16,28,37,5,30
2016-03-19,8,10,16,24,28,31,2,4
2016-03-26,5,9,17,24,32,43,21,31
2016-04-02,7,11,12,23,29,36,9,33
2016-04-09,3,6,18,21,23,41,16,30
2016-04-16,1,3,11,29,36,42,26,33
2016-04-23,3,10,27,32,34,36,20,26
2016-04-30,2,20,22,24,27,30,10,26
2016-05-07,1,3,14,24,31,35,8,17
2016-05-14,4,10,13,21,33,34,14,30
2016-05-21,5,11,13,14,37,39,12,32
2016-05-28,1,21,34,35,37,42,11,26
2016-06-04,3,12,26,27,38,43,16,44
2016-06-11,4,10,25,32,39,45,22,26
2016-06-18,1,2,13,20,39,44,4,7
2016-06-25,4,7,10,17,28,31,12,23
2016-07-02,5,12,16,20,31,41,10,29
2016-07-09,13,17,21,25,33,38,11,18
2016-07-16,1,3,7,12,24,32,2,10
2016-07-23,4,7,10,15,22,32,6,38
2016-07-30,27,32,33,37,40,45,22,38
2016-09-03,7,23,28,32,36,40,39,41
2016-09-10,5,7,9,13,18,27,25,42
2016-09-17,3,8,9,12,18,27,4,39
2016-09-24,11,12,18,25,34,45,13,37
2016-10-01,6,14,22,26,35,37,10,31
2016-10-08,2,3,6,21,26,38,22,35
2016-10-15,2,8,21,22,31,40,28,30
2016-10-22,16,22,35,37,39,42,29,43
2016-10-29,15,20,23,33,39,42,22,36
2016-11-05,9,23,24,34,38,43,13,37
2016-11-12,1,3,12,18,22,38,34,40
2016-11-19,1,12,14,16,24,40,20,31
2016-11-26,18,19,27,29,38,45,32,35
2016-12-03,10,11,18,26,39,44,15,16
2016-12-10,5,20,25,33,34,36,27,42
2016-12-17,8,17,18,29,36,42,11,33
2016-12-24,4,5,9,24,34,39,15,29
2016-12-31,4,11,16,18,31,40,17,38
2017-01-07,7,19,20,22,40,41,5,35
2017-01-14,9,12,21,22,30,41,20,27
2017-01-21,14,17,30,37,41,43,5,38
2017-01-28,6,10,19,28,37,40,8,33
2017-02-04,4,16,22,34,36,38,3,26
2017-02-11,3,18,41,42,43,45,2,21
2017-02-18,21,25,28,30,33,37,3,36
2017-02-25,7,22,29,33,36,44,5,45
2017-03-04,9,12,15,18,28,34,1,44
2017-03-11,1,10,15,31,36,39,11,32
2017-03-18,1,10,15,23,36,43,2,34
2017-03-25,16,20,23,28,35,39,4,27
2017-04-01,16,20,24,32,34,37,4,45
2017-04-08,3,7,25,27,32,38,21,28
2017-04-15,3,15,26,32,40,44,16,41
2017-04-22,11,13,18,21,24,30,15,27
2017-04-29,3,10,23,29,34,37,1,24
2017-05-06,8,9,16,26,39,41,28,31
2017-05-13,1,16,21,30,35,40,2,7
2017-05-20,6,10,11,15,29,33,5,25
2017-05-27,15,17,18,24,42,45,35,36
2017-06-03,9,21,27,30,32,35,20,31
2017-06-10,12,14,20,22,24,44,6,32
2017-06-17,5,19,25,30,33,34,1,2
2017-06-24,1,5,13,29,32,43,38,40
2017-07-01,6,10,18,19,32,36,1,13
2017-07-08,11,18,22,24,26,33,19,28
2017-07-15,1,11,22,25,41,44,9,23
2017-07-22,11,22,27,32,42,44,7,39
2017-07-29,28,30,31,34,42,43,4,25
2017-09-02,16,17,21,22,23,44,2,30
2017-09-09,12,21,28,35,40,42,4,9
2017-09-16,5,10,20,29,41,45,7,26
2017-09-23,6,8,13,40,44,45,2,16
2017-09-30,1,19,20,22,32,34,3,33
2017-10-07,7,13,15,18,31,34,17,27
2017-10-14,6,13,18,25,34,39,9,42
2017-10-21,13,22,30,34,42,45,39,44
2017-10-28,1,13,17,38,40,44,22,31
2017-11-04,4,7,17,22,26,30,41,44
2017-11-11,18,19,27,30,38,43,16,21
2017-11-18,6,19,26,28,40,42,33,36
2017-11-25,4,6,18,31,36,44,1,10
2017-12-02,8,14,16,23,25,44,2,9
2017-12-09,14,17,28,30,34,36,44,45
2017-12-16,1,5,26,28,39,45,12,44
2017-12-23,8,11,13,21,23,34,24,42
2017-12-30,6,9,27,30,35,37,4,14
2018-01-06,3,12,31,32,35,44,13,14
2018-01-13,1,6,16,19,36,45,5,11
2018-01-20,2,5,9,14,31,34,7,13
2018-01-27,1,4,7,11,32,40,26,29
2018-02-03,11,12,13,23,24,27,22,31
2018-02-10,2,7,16,23,27,44,25,28
2018-02-17,3,8,13,30,31,35,17,25
2018-02-24,1,5,14,15,19,30,20,28
2018-03-03,2,21,29,35,36,45,40,44
2018-03-10,2,4,22,31,34,44,25,27
2018-03-17,26,32,33,35,38,41,27,45
2018-03-24,10,19,23,30,33,39,17,34
2018-03-31,8,15,23,27,43,44,11,35
2018-04-07,6,7,8,17,23,35,29,30
2018-04-14,7,9,10,17,18,38,20,35
2018-04-21,11,12,17,31,42,44,3,19
2018-04-28,13,29,33,35,38,43,15,41
2018-05-05,10,22,28,34,42,45,3,11
2018-05-12,6,12,14,17,31,38,32,34
2018-05-19,6,9,21,33,39,42,19,40
2018-05-26,10,21,25,29,38,40,7,22
2018-06-02,7,14,17,19,24,37,2,23
2018-06-09,7,10,22,25,26,36,30,43
2018-06-16,2,8,12,22,26,45,1,38
2018-06-23,9,10,18,31,35,41,16,26
2018-06-30,1,14,20,25,26,40,3,24
2018-07-07,1,6,18,23,29,43,3,35
2018-07-14,6,11,12,32,40,45,10,20
2018-07-21,2,4,14,15,16,24,18,33
2018-07-28,21,27,29,31,37,40,6,11
2018-09-01,5,10,14,16,36,43,18,19
2018-09-08,19,22,24,25,42,43,4,14
2018-09-15,1,3,7,15,44,45,26,34
2018-09-22,9,21,26,29,32,44,2,28
2018-09-29,2,9,10,13,16,25,17,19
2018-10-06,1,2,7,22,34,40,15,26
2018-10-13,3,6,10,34,37,40,15,18
2018-10-20,5,14,15,38,42,45,8,22
2018-10-27,9,13,16,17,32,37,6,14
2018-11-03,3,5,12,14,35,36,15,42
2018-11-10,1,21,22,23,38,44,17,20
2018-11-17,6,18,19,26,30,31,16,25
2018-11-24,7,10,20,24,29,37,32,42
2018-12-01,5,24,25,27,31,38,18,20
2018-12-08,2,6,23,25,26,43,7,9
2018-12-15,23,28,32,33,35,39,5,42
2018-12-22,5,9,14,29,41,43,15,37
2018-12-29,2,9,17,30,33,39,22,41
2019-01-05,3,18,20,24,26,34,32,42
2019-01-12,5,11,15,23,35,45,17,43
2019-01-19,8,10,11,15,26,45,28,37
2019-01-26,8,18,19,36,38,42,4,39
2019-02-02,1,5,12,21,24,45,2,15
2019-02-09,9,11,13,16,17,21,33,38
2019-02-16,18,19,26,27,38,43,15,22
2019-02-23,13,19,20,21,25,37,27,33
2019-03-02,5,10,38,39,40,43,4,24
2019-03-09,16,17,21,27,29,43,37,40
2019-03-16,1,8,12,15,31,42,32,36
2019-03-23,9,29,32,33,37,39,11,27
2019-03-30,5,8,26,27,31,33,11,22
2019-04-06,4,8,10,12,38,39,6,13
2019-04-13,16,18,19,21,22,25,4,41
2019-04-20,9,14,16,18,20,36,7,19
2019-04-27,1,16,21,26,39,41,2,6
2019-05-04,7,8,23,24,27,33,15,41
2019-05-11,17,27,28,32,34,44,8,22
2019-05-18,2,6,8,36,39,45,5,13
2019-05-25,1,11,18,29,35,44,28,38
2019-06-01,6,9,20,25,27,31,2,36
2019-06-08,1,22,24,36,39,42,12,41
2019-06-15,8,18,24,39,41,42,5,16
2019-06-22,5,10,11,12,29,41,13,21
2019-06-29,5,14,21,33,35,42,7,40
2019-07-06,15,18,23,30,41,44,1,5
2019-07-13,5,16,18,22,36,41,1,7
2019-07-20,2,8,12,18,30,42,14,39
2019-07-27,11,13,23,27,35,38,5,8
2019-09-07,1,8,10,14,23,36,7,15
2019-09-14,7,20,27,38,39,41,9,43
2019-09-21,14,29,32,33,40,43,12,24
2019-09-28,4,11,18,20,22,41,12,44
2019-10-05,4,12,20,33,34,36,10,23
2019-10-12,6,8,16,17,27,33,26,28
2019-10-19,18,21,26,39,41,43,33,35
2019-10-26,2,7,28,29,31,45,6,38
2019-11-02,1,2,10,12,21,42,13,40
2019-11-09,1,10,25,27,28,36,14,18
2019-11-16,11,22,28,31,32,34,14,21
2019-11-23,7,14,25,30,37,45,6,34
2019-11-30,10,16,20,22,30,38,14,42
2019-12-07,1,13,16,25,30,32,17,22
2019-12-14,1,9,31,34,39,40,17,37
2019-12-21,18,23,28,30,35,37,4,33
2019-12-28,1,13,19,31,37,39,5,33
2020-01-04,11,16,33,38,40,42,12,45
2020-01-11,11,17,18,20,37,41,15,36
2020-01-18,3,10,12,24,34,35,38,40
2020-01-25,10,17,19,24,36,38,22,40
2020-02-01,1,10,17,24,29,33,5,26
2020-02-08,17,19,24,36,38,44,2,39
2020-02-15,3,4,11,21,24,39,34,40
2020-02-22,8,11,15,16,23,29,7,25
2020-02-29,3,12,29,30,31,38,22,45
2020-03-07,3,7,28,33,34,40,1,38
2020-03-14,8,13,27,40,41,42,3,4
2020-03-21,10,19,26,27,31,33,9,43
2020-03-28,3,7,10,16,37,43,20,23
2020-04-04,11,19,22,33,36,39,7,18
2020-04-11,5,10,11,14,26,27,35,37
2020-04-25,3,15,17,23,34,38,18,31
2020-05-02,10,14,16,18,31,43,4,35
2020-05-09,7,21,22,35,38,39,34,44
2020-05-16,4,11,16,17,19,26,15,25
2020-05-23,1,21,25,30,32,45,31,38
2020-05-30,3,15,19,22,25,44,1,42
2020-06-06,3,10,18,19,22,27,41,42
2020-06-13,3,17,29,32,34,38,12,28
2020-06-20,9,11,17,19,22,29,14,21
2020-06-27,15,19,24,28,35,41,23,30
2020-07-04,17,31,33,35,39,42,36,41
2020-07-11,22,26,27,29,32,38,30,42
2020-07-18,2,18,21,22,35,43,10,37
2020-07-25,6,9,16,32,37,44,11,12
2020-09-05,2,3,13,32,37,38,29,36
2020-09-12,12,27,28,31,36,39,6,24
2020-09-19,1,8,14,23,26,41,12,33
2020-09-26,1,7,22,28,36,42,11,14
2020-10-03,3,11,21,24,29,38,36,40
2020-10-10,5,12,24,26,34,37,2,3
2020-10-17,5,8,12,14,16,38,3,17
2020-10-24,3,23,30,31,38,45,19,40
2020-10-31,4,13,19,26,27,34,6,15
2020-11-07,1,3,7,8,15,35,5,10
2020-11-14,6,15,23,26,27,45,2,29
2020-11-21,2,21,27,37,39,42,7,11
2020-11-28,10,18,20,34,35,37,7,41
2020-12-05,1,9,11,24,32,41,15,38
2020-12-12,14,16,35,38,40,43,1,33
2020-12-19,9,16,26,35,39,41,13,33
2020-12-26,2,5,11,21,30,32,25,42
2021-01-02,5,7,14,16,17,44,26,31
2021-01-09,7,9,20,22,34,45,10,12
2021-01-16,4,12,14,17,22,33,25,28
2021-01-23,1,6,8,10,29,40,31,42
2021-01-30,3,6,15,20,30,31,2,26
2021-02-06,3,6,8,10,12,24,36,45
2021-02-13,1,3,4,22,42,43,24,25
2021-02-20,3,5,9,26,35,41,28,45
2021-02-27,4,6,24,35,42,45,36,38
2021-03-06,11,16,26,32,39,42,6,30
2021-03-13,15,17,22,27,37,40,2,4
2021-03-20,8,9,13,19,22,32,15,25
2021-03-27,2,4,12,23,24,35,15,37
2021-04-03,1,21,31,38,39,41,6,43
2021-04-10,7,8,20,22,26,42,14,16
2021-04-17,5,13,17,33,38,44,22,35
2021-04-24,2,4,8,31,32,44,35,36
2021-05-01,5,14,18,22,31,42,1,8
2021-05-08,2,4,9,26,31,41,18,25
2021-05-15,5,15,16,19,20,41,4,21
2021-05-22,6,7,9,13,23,27,1,33
2021-05-29,2,7,16,28,30,42,22,35
2021-06-05,1,11,24,32,33,44,20,35
2021-06-12,5,13,15,28,37,45,1,43
2021-06-19,12,14,30,34,40,41,15,27
2021-06-26,1,24,26,32,34,36,7,27
2021-07-03,2,7,27,33,37,42,10,20
2021-07-10,22,23,28,30,34,38,16,20
2021-07-17,2,14,30,32,35,38,10,45
2021-07-24,12,16,26,27,30,40,13,15
2021-07-31,13,16,18,32,33,41,9,19
2021-09-04,14,29,31,33,44,45,19,26
2021-09-11,8,10,17,23,26,34,36,41
2021-09-18,5,6,15,18,36,43,24,29
2021-09-25,6,28,29,33,36,40,26,43
2021-10-02,13,17,26,28,33,44,18,38
2021-10-09,18,22,24,34,40,42,19,37
2021-10-16,2,7,17,26,27,38,1,19
2021-10-23,9,10,16,22,26,32,17,38
2021-10-30,4,16,26,29,30,32,37,43
2021-11-06,11,15,28,30,33,39,19,35
2021-11-13,17,22,26,29,32,40,12,21
2021-11-20,9,17,20,21,25,33,4,19
2021-11-27,3,5,27,34,41,45,10,24
2021-12-04,8,24,31,39,44,45,21,41
2021-12-11,6,12,27,35,37,39,2,19
2021-12-18,1,19,25,29,36,44,21,35
2021-12-25,6,19,21,30,31,42,15,38
2021-12-31,8,14,15,20,32,43,31,35
2022-01-08,3,17,20,24,27,29,9,18
2022-01-15,3,11,19,33,38,42,13,39
2022-01-22,1,12,14,21,39,43,19,32
2022-01-29,8,9,22,23,34,40,13,17
2022-02-05,2,9,10,11,22,37,6,40
2022-02-12,13,35,36,37,42,43,5,15
2022-02-19,1,5,18,20,23,34,9,35
2022-02-26,3,7,16,23,26,34,17,35
2022-03-05,2,16,18,19,30,40,9,28
2022-03-12,4,29,35,37,40,41,21,27
2022-03-19,10,24,32,34,38,43,6,25
2022-03-26,2,8,13,21,22,33,10,27
2022-04-02,1,4,6,15,21,27,19,41
2022-04-09,1,8,19,31,35,40,15,38
2022-04-16,11,12,14,15,23,37,20,42
2022-04-23,3,23,31,33,39,45,17,20
2022-04-30,3,8,10,20,36,42,9,45
2022-05-07,6,7,11,13,17,45,23,43
2022-05-14,15,20,25,27,35,39,9,21
2022-05-21,5,9,13,23,38,41,4,43
2022-05-28,15,17,19,28,32,33,2,24
2022-06-04,7,8,13,17,23,25,31,42
2022-06-11,10,11,19,21,39,45,25,35
2022-06-18,1,11,22,27,34,37,43,44
2022-06-25,6,16,18,20,25,36,33,39
2022-07-02,10,15,17,31,37,42,7,11
2022-07-09,6,23,30,37,43,44,1,45
2022-07-16,8,11,19,23,35,37,34,42
2022-07-23,3,20,24,32,38,40,5,31
2022-07-30,8,12,17,21,26,42,13,35
2022-09-03,3,6,10,18,21,39,41,43
2022-09-10,2,8,11,31,32,45,14,41
2022-09-17,4,7,9,21,23,25,6,11
2022-09-24,5,7,10,14,34,41,4,44
2022-10-01,9,20,25,30,32,40,34,35
2022-10-08,17,20,23,33,37,45,18,22
2022-10-15,5,7,11,12,24,40,15,28
2022-10-22,7,17,21,24,35,41,5,23
2022-10-29,3,6,7,9,22,42,13,16
2022-11-05,12,19,26,29,39,45,13,15
2022-11-12,3,6,12,18,31,35,9,34
2022-11-19,9,12,14,23,31,43,13,29
2022-11-26,12,14,22,29,31,45,11,36
2022-12-03,4,8,10,12,15,39,37,45
2022-12-10,6,14,22,24,35,44,10,39
2022-12-17,3,8,28,36,37,41,9,16
2022-12-24,4,7,8,24,32,39,17,34
2022-12-31,11,20,23,35,42,45,8,38
2023-01-07,2,9,11,17,18,38,37,41
2023-01-14,11,19,30,37,39,45,3,21
2023-01-21,9,10,11,23,32,40,5,17
2023-01-28,7,24,27,30,39,44,5,38
2023-02-04,11,27,31,34,39,45,5,28
2023-02-11,4,7,19,20,21,22,16,17
2023-02-18,8,11,16,24,30,34,18,21
2023-02-25,4,12,13,15,29,45,2,27
2023-03-04,1,9,13,32,33,34,8,15
2023-03-11,1,4,9,10,29,42,7,17
2023-03-18,1,6,15,21,43,44,34,42
2023-03-25,8,9,10,14,39,42,12,31
2023-04-01,5,10,25,36,39,45,8,40
2023-04-08,4,6,9,11,13,40,18,20
2023-04-15,4,16,23,31,39,43,17,18
2023-04-22,4,29,32,34,38,41,11,27
2023-04-29,4,15,16,18,35,45,11,17
2023-05-06,2,8,13,17,30,35,5,34
2023-05-13,6,22,23,24,33,36,18,34
2023-05-20,2,8,11,12,25,32,16,22
2023-05-27,7,8,22,28,34,37,1,23
2023-06-03,1,12,24,26,37,41,25,45
2023-06-10,2,11,12,23,42,43,7,44
2023-06-17,8,24,27,36,39,41,22,26
2023-06-24,4,8,21,29,30,37,38,45
2023-07-01,6,7,19,21,26,38,13,36
2023-07-08,5,26,29,34,37,41,31,42
2023-07-15,18,25,31,32,37,39,12,34
2023-07-22,1,5,14,26,32,33,8,37
2023-07-29,3,14,32,37,42,45,17,20
2023-09-02,9,16,32,37,40,41,26,30
2023-09-09,7,9,11,14,15,29,17,23
2023-09-16,11,23,27,28,37,41,1,2
2023-09-23,4,13,16,21,29,45,6,11
2023-09-30,6,20,27,29,43,45,9,36
2023-10-07,18,23,25,28,35,37,8,16
2023-10-14,7,10,11,23,24,38,4,14
2023-10-21,2,7,12,29,30,31,9,33
2023-10-28,12,13,14,18,30,35,2,43
2023-11-04,1,5,14,15,34,42,40,45
2023-11-11,1,2,23,24,28,30,29,39
2023-11-18,7,8,15,16,26,31,6,44
2023-11-25,17,20,30,36,37,44,4,19
2023-12-02,10,14,21,22,23,42,7,11
2023-12-09,9,11,25,32,33,44,2,20
2023-12-16,8,12,13,17,39,41,27,32
2023-12-23,1,20,24,31,37,39,19,41
2023-12-30,2,3,11,23,38,39,22,35
2024-01-06,12,13,17,34,36,42,38,41
2024-01-13,8,33,37,39,40,41,2,35
2024-01-20,11,22,27,33,35,37,1,8
2024-01-27,5,8,13,24,29,36,15,40
2024-02-03,3,11,19,22,23,29,20,30
2024-02-10,1,2,12,13,20,42,3,15
2024-02-17,7,11,22,25,28,34,32,35
2024-02-24,16,17,26,38,39,42,32,37
2024-03-02,5,8,15,18,19,30,7,26
2024-03-09,2,3,11,17,25,31,15,24
2024-03-16,3,17,28,35,40,44,26,33
2024-03-23,1,12,16,17,19,32,27,34
2024-03-30,9,12,15,42,43,44,18,36
2024-04-06,5,6,14,36,37,45,28,31
2024-04-13,1,3,16,18,19,25,7,33
2024-04-20,6,16,19,25,43,44,4,14
2024-04-27,1,7,20,26,34,39,8,10
2024-05-04,5,12,14,26,29,42,9,41
2024-05-11,17,20,21,31,41,44,18,37
2024-05-18,9,13,20,26,32,43,14,34
2024-05-25,8,10,22,35,36,38,11,23
2024-06-01,5,21,22,28,39,42,13,29
2024-06-08,3,13,14,24,30,32,33,40
2024-06-15,12,23,34,36,38,40,8,30
2024-06-22,2,22,35,37,38,40,9,44
2024-06-29,10,21,24,30,44,45,28,31
2024-07-06,3,4,15,20,26,44,7,35
2024-07-13,1,2,18,21,24,36,14,27
2024-07-20,17,23,25,29,30,31,6,14
2024-07-27,4,11,20,27,37,45,10,15
2024-09-07,7,13,15,16,20,38,26,41
2024-09-14,6,14,22,32,34,38,19,41
2024-09-21,6,21,24,29,32,42,25,30
2024-09-28,15,19,29,34,37,40,6,44
2024-10-05,13,15,18,24,27,30,26,41
2024-10-12,2,8,10,21,28,45,27,30
2024-10-19,5,15,22,26,33,43,4,11
2024-10-26,1,25,29,35,42,43,19,31
2024-11-02,1,3,6,10,18,42,5,40
2024-11-09,5,6,30,37,39,43,17,45
2024-11-16,5,6,8,29,38,44,1,9
2024-11-23,3,6,17,25,40,42,7,28
2024-11-30,8,13,16,30,39,41,28,38
2024-12-07,1,7,11,13,16,35,5,14
2024-12-14,6,7,11,21,30,35,13,29
2024-12-21,9,18,25,27,38,44,7,23
2024-12-28,4,12,26,29,40,41,31,34
2025-01-04,8,10,19,23,31,33,13,42
2025-01-11,6,8,18,19,29,38,15,45
2025-01-18,7,11,15,19,34,45,32,42
2025-01-25,8,12,15,21,28,34,3,44
2025-02-01,1,7,8,12,18,41,16,32
2025-02-08,6,15,25,35,40,42,20,38
2025-02-15,8,18,19,31,41,43,9,11
2025-02-22,2,5,26,28,31,39,7,8
2025-03-01,3,6,11,12,13,37,2,44
2025-03-08,2,16,18,28,29,38,4,25
2025-03-15,3,13,15,16,27,30,19,33
2025-03-22,11,16,29,34,42,45,14,18
2025-03-29,1,3,17,21,36,41,24,30
2025-04-05,3,10,23,27,42,43,6,18
2025-04-12,3,6,13,17,22,45,29,31
2025-04-19,10,14,19,21,28,44,23,33
2025-04-26,1,7,21,32,38,42,13,24
2025-05-03,16,27,29,30,34,43,2,40
2025-05-10,1,18,25,35,38,45,4,16
2025-05-17,9,19,31,37,40,44,5,11
2025-05-24,5,13,33,35,36,37,10,18
2025-05-31,5,7,9,23,27,45,13,36
2025-06-07,11,13,22,26,30,36,24,45
2025-06-14,1,6,10,17,19,28,14,35
2025-06-21,1,6,10,24,30,42,16,18
2025-06-28,21,32,34,39,41,44,16,22
2025-07-05,4,6,13,14,17,19,1,11
2025-07-12,9,23,29,35,36,37,20,31
2025-07-19,7,15,17,22,36,42,9,34
2025-07-26,2,17,23,40,42,44,27,39
2025-09-06,6,10,16,21,42,43,23,36
2025-09-13,2,13,15,18,31,40,26,36
2025-09-20,5,10,25,26,27,38,15,34
2025-09-27,4,14,16,25,29,37,6,10
2025-10-04,2,3,10,16,32,42,11,35
2025-10-11,9,21,32,33,37,43,17,30
2025-10-18,7,10,18,19,32,38,28,43
2025-10-25,13,14,23,29,40,41,1,17
2025-11-01,13,17,21,28,31,42,15,36
2025-11-08,1,13,14,16,28,41,34,39
2025-11-15,1,19,33,36,39,41,20,25
2025-11-22,7,12,15,31,39,42,5,8
2025-11-29,5,10,17,22,36,44,3,11
2025-12-06,5,10,17,33,42,45,31,44
2025-12-13,6,17,20,28,32,35,25,41
2025-12-20,8,19,31,32,41,43,6,14
2025-12-27,3,5,20,26,28,40,22,42
2026-01-03,9,10,13,19,21,36,2,39
2026-01-10,1,8,23,25,30,41,32,37
2026-01-17,8,9,19,35,38,44,23,33
2026-01-24,8,22,24,28,29,33,19,27
2026-01-31,9,20,33,34,42,45,7,29
2026-02-07,3,8,9,27,33,41,15,25
2026-02-14,3,6,7,12,14,22,20,43
2026-02-21,4,11,26,30,42,43,27,29
2026-02-28,7,13,21,31,35,44,30,34
2026-03-14,14,21,27,34,36,40,5,33
2026-03-21,11,16,20,27,43,45,22,39
2026-03-28,1,2,3,25,29,30,15,17
2026-04-04,2,4,5,13,14,37,21,22
2026-04-11,8,11,15,32,33,44,35,41
2026-04-18,3,8,18,39,40,41,13,32
